warning: virtual workspace defaulting to `resolver = "1"` despite one or more workspace members being on edition 2024 which implies `resolver = "3"`
  |
  = note: to keep the current resolver, specify `workspace.resolver = "1"` in the workspace root's manifest
  = note: to use the edition 2024 resolver, specify `workspace.resolver = "3"` in the workspace root's manifest
  = note: for more details see https://doc.rust-lang.org/cargo/reference/resolver.html#resolver-versions
   Compiling luna-common v0.1.0 (D:\luna-alpha-baseline-b330\luna-rs\crates\luna-common)
   Compiling luna-driver v0.1.0 (D:\luna-alpha-baseline-b330\luna-rs\crates\luna-driver)
   Compiling luna-lexer v0.1.0 (D:\luna-alpha-baseline-b330\luna-rs\crates\luna-lexer)
   Compiling luna-ast v0.1.0 (D:\luna-alpha-baseline-b330\luna-rs\crates\luna-ast)
   Compiling luna-parser v0.1.0 (D:\luna-alpha-baseline-b330\luna-rs\crates\luna-parser)
warning: unused imports: `DeclId`, `ExprId`, `PatId`, `StmtId`, and `TypeId`
 --> crates\luna-parser\src\lib.rs:1:26
  |
1 | use luna_ast::{AstArena, DeclId, ExprId, PatId, StmtId, TypeId};
  |                          ^^^^^^  ^^^^^^  ^^^^^  ^^^^^^  ^^^^^^
  |
  = note: `#[warn(unused_imports)]` (part of `#[warn(unused)]`) on by default

warning: unused import: `BuiltinKind`
 --> crates\luna-parser\src\ty.rs:3:18
  |
3 | use luna_lexer::{BuiltinKind, TokenKind};
  |                  ^^^^^^^^^^^

warning: unused variable: `span_start`
   --> crates\luna-parser\src\decl.rs:126:13
    |
126 |         let span_start = self.previous().span.start;
    |             ^^^^^^^^^^ help: if this is intentional, prefix it with an underscore: `_span_start`
    |
    = note: `#[warn(unused_variables)]` (part of `#[warn(unused)]`) on by default

warning: unused variable: `span_end`
   --> crates\luna-parser\src\decl.rs:156:13
    |
156 |         let span_end = self.previous().span.end;
    |             ^^^^^^^^ help: if this is intentional, prefix it with an underscore: `_span_end`

warning: value assigned to `kind` is never read
   --> crates\luna-parser\src\decl.rs:127:24
    |
127 |         let mut kind = luna_ast::ImportKind::External;
    |                        ^^^^^^^^^^^^^^^^^^^^^^^^^^^^^^ this value is reassigned later and never used
...
147 |             kind = luna_ast::ImportKind::Local;
    |             ---------------------------------- `kind` is overwritten here before the previous value is read
    |
    = note: `#[warn(unused_assignments)]` (part of `#[warn(unused)]`) on by default

warning: unused variable: `start_span`
   --> crates\luna-parser\src\decl.rs:843:21
    |
843 |                 let start_span = self.advance().span;
    |                     ^^^^^^^^^^ help: if this is intentional, prefix it with an underscore: `_start_span`

warning: unused variable: `rparen_tok`
   --> crates\luna-parser\src\decl.rs:848:21
    |
848 |                 let rparen_tok = self.consume(TokenKind::RParen, "Expected closing ')' after macro repetition")?;
    |                     ^^^^^^^^^^ help: if this is intentional, prefix it with an underscore: `_rparen_tok`

warning: unused variable: `start_span`
   --> crates\luna-parser\src\decl.rs:961:21
    |
961 |                 let start_span = self.advance().span;
    |                     ^^^^^^^^^^ help: if this is intentional, prefix it with an underscore: `_start_span`

warning: unused variable: `rparen_tok`
   --> crates\luna-parser\src\decl.rs:966:21
    |
966 |                 let rparen_tok = self.consume(TokenKind::RParen, "Expected closing ')' after macro repetition")?;
    |                     ^^^^^^^^^^ help: if this is intentional, prefix it with an underscore: `_rparen_tok`

warning: unused variable: `allow_struct_literal`
   --> crates\luna-parser\src\expr.rs:755:33
    |
755 |     fn parse_primary(&mut self, allow_struct_literal: bool) -> Result<ExprId, ()> {
    |                                 ^^^^^^^^^^^^^^^^^^^^ help: if this is intentional, prefix it with an underscore: `_allow_struct_literal`

   Compiling luna-semantic v0.1.0 (D:\luna-alpha-baseline-b330\luna-rs\crates\luna-semantic)
warning: `luna-parser` (lib) generated 10 warnings (run `cargo fix --lib -p luna-parser` to apply 9 suggestions)
warning: unused imports: `MacroFragment`, `MacroMatcher`, and `RepetitionKind`
 --> crates\luna-semantic\src\macro_engine.rs:3:79
  |
3 |     AstArena, Decl, DeclId, Expr, ExprId, FragmentKind, Item, MacroDelimiter, MacroFragment,
  |                                                                               ^^^^^^^^^^^^^
4 |     MacroMatcher, MacroRule, MatcherElement, RepetitionKind, Stmt, StmtId, TranscriberElement,
  |     ^^^^^^^^^^^^                             ^^^^^^^^^^^^^^
  |
  = note: `#[warn(unused_imports)]` (part of `#[warn(unused)]`) on by default

warning: unused import: `SymbolId`
 --> crates\luna-semantic\src\macro_engine.rs:8:38
  |
8 | use luna_common::ids::{FileId, Span, SymbolId, SyntaxContext};
  |                                      ^^^^^^^^

warning: unused import: `std::sync::Arc`
  --> crates\luna-semantic\src\annotation.rs:14:5
   |
14 | use std::sync::Arc;
   |     ^^^^^^^^^^^^^^

warning: unused import: `DeriveInput`
  --> crates\luna-semantic\src\annotation.rs:19:21
   |
19 | use crate::derive::{DeriveInput, DeriveRegistry, DeriveContext, extract_struct_input, extract_enum_input};
   |                     ^^^^^^^^^^^

warning: unused import: `std::collections::HashMap`
  --> crates\luna-semantic\src\comptime\type_repr.rs:16:5
   |
16 | use std::collections::HashMap;
   |     ^^^^^^^^^^^^^^^^^^^^^^^^^

warning: unused import: `std::fmt`
  --> crates\luna-semantic\src\comptime\type_repr.rs:17:5
   |
17 | use std::fmt;
   |     ^^^^^^^^

warning: unused import: `luna_common::ids::SymbolId`
 --> crates\luna-semantic\src\effect.rs:2:5
  |
2 | use luna_common::ids::SymbolId;
  |     ^^^^^^^^^^^^^^^^^^^^^^^^^^

warning: unused import: `crate::ty::LifetimeId`
  --> crates\luna-semantic\src\lifetime.rs:34:5
   |
34 | use crate::ty::LifetimeId;
   |     ^^^^^^^^^^^^^^^^^^^^^

warning: unused import: `crate::symbol::SymbolTable`
  --> crates\luna-semantic\src\lifetime.rs:36:5
   |
36 | use crate::symbol::SymbolTable;
   |     ^^^^^^^^^^^^^^^^^^^^^^^^^^

warning: unused import: `luna_ast::AstArena`
  --> crates\luna-semantic\src\lib.rs:54:5
   |
54 | use luna_ast::AstArena;
   |     ^^^^^^^^^^^^^^^^^^

warning: unused import: `Hasher`
  --> crates\luna-semantic\src\comptime\type_repr.rs:18:23
   |
18 | use std::hash::{Hash, Hasher};
   |                       ^^^^^^

warning: unused variable: `return_type`
    --> crates\luna-semantic\src\resolver.rs:1913:17
     |
1913 |                 return_type,
     |                 ^^^^^^^^^^^ help: try ignoring the field: `return_type: _`
     |
     = note: `#[warn(unused_variables)]` (part of `#[warn(unused)]`) on by default

warning: unused variable: `ty`
    --> crates\luna-semantic\src\resolver.rs:1937:25
     |
1937 |                         ty,
     |                         ^^ help: try ignoring the field: `ty: _`

warning: unused variable: `generic_args`
   --> crates\luna-semantic\src\typechecker.rs:567:27
    |
567 |         let (nominal_sym, generic_args) = match &sem_ty {
    |                           ^^^^^^^^^^^^ help: if this is intentional, prefix it with an underscore: `_generic_args`

warning: value assigned to `span` is never read
    --> crates\luna-semantic\src\typechecker.rs:1092:40
     |
1092 |                         let mut span = luna_common::Span::new(luna_common::ids::FileId(0), 0, 0);
     |                                        ^^^^^^^^^^^^^^^^^^^^^^^^^^^^^^^^^^^^^^^^^^^^^^^^^^^^^^^^^ this value is reassigned later and never used
1093 |                         let sym = self.ctx.symbol_table.get_symbol(sym_id);
1094 |                         span = sym.span;
     |                         --------------- `span` is overwritten here before the previous value is read
     |
     = note: `#[warn(unused_assignments)]` (part of `#[warn(unused)]`) on by default

warning: unused variable: `trait_name`
    --> crates\luna-semantic\src\typechecker.rs:1271:49
     |
1271 | ...                   let trait_name = self.get_span_text(*last_seg);
     |                           ^^^^^^^^^^ help: if this is intentional, prefix it with an underscore: `_trait_name`

warning: unused variable: `trait_name`
    --> crates\luna-semantic\src\typechecker.rs:1315:49
     |
1315 | ...                   let trait_name = self.get_span_text(*last_seg);
     |                           ^^^^^^^^^^ help: if this is intentional, prefix it with an underscore: `_trait_name`

warning: unused variable: `trait_name`
    --> crates\luna-semantic\src\typechecker.rs:1357:57
     |
1357 | ...                   let trait_name = self.get_span_text(*last_seg);
     |                           ^^^^^^^^^^ help: if this is intentional, prefix it with an underscore: `_trait_name`

warning: unused variable: `generic_params`
    --> crates\luna-semantic\src\typechecker.rs:1998:34
     |
1998 |                     Decl::Impl { generic_params, self_type, methods, .. } => {
     |                                  ^^^^^^^^^^^^^^ help: try ignoring the field: `generic_params: _`

warning: unused variable: `associated_types`
    --> crates\luna-semantic\src\typechecker.rs:2165:69
     |
2165 |                 if let Decl::Impl { trait_type, self_type, methods, associated_types, .. } = decl {
     |                                                                     ^^^^^^^^^^^^^^^^ help: try ignoring the field: `associated_types: _`

warning: unused variable: `in2`
    --> crates\luna-semantic\src\typechecker.rs:3969:50
     |
3969 |             (SemanticType::Reference(_, _, in1), in2) => {
     |                                                  ^^^ help: if this is intentional, prefix it with an underscore: `_in2`

warning: unused variable: `in1`
    --> crates\luna-semantic\src\typechecker.rs:3972:14
     |
3972 |             (in1, SemanticType::Reference(_, _, in2)) => {
     |              ^^^ help: if this is intentional, prefix it with an underscore: `_in1`

warning: variable does not need to be mutable
    --> crates\luna-semantic\src\typechecker.rs:5909:21
     |
5909 |                 let mut result_ty = self.ctx.types.new_inference_var();
     |                     ----^^^^^^^^^
     |                     |
     |                     help: remove this `mut`
     |
     = note: `#[warn(unused_mut)]` (part of `#[warn(unused)]`) on by default

warning: unused variable: `i`
    --> crates\luna-semantic\src\typechecker.rs:5915:22
     |
5915 |                 for (i, arm) in arms.iter().enumerate() {
     |                      ^ help: if this is intentional, prefix it with an underscore: `_i`

warning: value assigned to `has_enum_generics` is never read
    --> crates\luna-semantic\src\typechecker.rs:4461:57
     |
4461 | ...                   let mut has_enum_generics = false;
     |                                                   ^^^^^ this value is reassigned later and never used
...
4464 | ...                   has_enum_generics = !enum_args.is_empty();
     |                       ----------------------------------------- `has_enum_generics` is overwritten here before the previous value is read

warning: unused variable: `sym_id`
   --> crates\luna-semantic\src\mono.rs:697:18
    |
697 |             for (sym_id, ty) in current_symbol_types.iter_mut() {
    |                  ^^^^^^ help: if this is intentional, prefix it with an underscore: `_sym_id`

warning: unused variable: `pat_id`
   --> crates\luna-semantic\src\mono.rs:712:18
    |
712 |             for (pat_id, ty) in current_pat_types.iter_mut() {
    |                  ^^^^^^ help: if this is intentional, prefix it with an underscore: `_pat_id`

warning: unused variable: `generic_args`
   --> crates\luna-semantic\src\mono.rs:746:27
    |
746 |         let (nominal_sym, generic_args) = match &sem_ty {
    |                           ^^^^^^^^^^^^ help: if this is intentional, prefix it with an underscore: `_generic_args`

warning: unused variable: `sym_name`
    --> crates\luna-semantic\src\mono.rs:1617:25
     |
1617 |                     let sym_name = symbol.name.clone();
     |                         ^^^^^^^^ help: if this is intentional, prefix it with an underscore: `_sym_name`

warning: unused variable: `inner`
    --> crates\luna-semantic\src\macro_engine.rs:1132:60
     |
1132 |                 TranscriberElement::Repetition { elements: inner, .. } => {
     |                                                            ^^^^^ help: if this is intentional, prefix it with an underscore: `_inner`

warning: unused variable: `sym_id`
  --> crates\luna-semantic\src\comptime\reflect.rs:33:34
   |
33 |             SemanticType::Struct(sym_id, _, _) => {
   |                                  ^^^^^^ help: if this is intentional, prefix it with an underscore: `_sym_id`

warning: unused variable: `name`
   --> crates\luna-semantic\src\lifetime.rs:227:41
    |
227 |     pub fn register_lifetime(&mut self, name: &str, ident: LifetimeIdent) {
    |                                         ^^^^ help: if this is intentional, prefix it with an underscore: `_name`

warning: unused variable: `assignment`
   --> crates\luna-semantic\src\lifetime.rs:670:26
    |
670 |         SolveResult::Sat(assignment) => {
    |                          ^^^^^^^^^^ help: if this is intentional, prefix it with an underscore: `_assignment`

warning: unused variable: `ty`
   --> crates\luna-semantic\src\lib.rs:122:13
    |
122 |         let ty = self.types.get(id);
    |             ^^ help: if this is intentional, prefix it with an underscore: `_ty`

warning: method `resolve_type` is never used
    --> crates\luna-semantic\src\typechecker.rs:3945:8
     |
  35 | impl<'a> TypeChecker<'a> {
     | ------------------------ method in this implementation
...
3945 |     fn resolve_type(&mut self, ty_id: luna_ast::TypeId) -> SemanticTypeId {
     |        ^^^^^^^^^^^^
     |
     = note: `#[warn(dead_code)]` (part of `#[warn(unused)]`) on by default

warning: field `types` is never read
   --> crates\luna-semantic\src\lifetime.rs:515:5
    |
511 | pub struct LifetimeValidator<'a> {
    |            ----------------- field in this struct
...
515 |     types: &'a crate::ty::TypeContext,
    |     ^^^^^

warning: field `ctx` is never read
   --> crates\luna-semantic\src\lifetime.rs:753:5
    |
752 | pub struct LifetimeVerifier<'a> {
    |            ---------------- field in this struct
753 |     ctx: &'a SemanticContext,
    |     ^^^

   Compiling luna-mvir v0.1.0 (D:\luna-alpha-baseline-b330\luna-rs\crates\luna-mvir)
warning: unused import: `Span`
 --> crates\luna-mvir\src\interp.rs:2:34
  |
2 | use luna_common::ids::{SymbolId, Span};
  |                                  ^^^^
  |
  = note: `#[warn(unused_imports)]` (part of `#[warn(unused)]`) on by default

warning: unused import: `effect::Effect`
 --> crates\luna-mvir\src\interp.rs:6:5
  |
6 |     effect::Effect,
  |     ^^^^^^^^^^^^^^

warning: unreachable pattern
    --> crates\luna-mvir\src\generator.rs:1958:13
     |
1958 |             _ => unreachable!("ICE: Unhandled variant, should be impossible after semantic invariants")
     |             ^ no value can reach this
     |
note: multiple earlier patterns match some of the same values
    --> crates\luna-mvir\src\generator.rs:1958:13
     |
1533 |             Stmt::Expr { expr, .. } => {
     |             ----------------------- matches some of the same values
...
1536 |             Stmt::Block { body, tail_expr } => {
     |             ------------------------------- matches some of the same values
...
1546 |             Stmt::Return { value } => {
     |             ---------------------- matches some of the same values
...
1604 |             Stmt::While { condition, body, .. } => {
     |             ----------------------------------- matches some of the same values
...
1958 |             _ => unreachable!("ICE: Unhandled variant, should be impossible after semantic invariants")
     |             ^ ...and 6 other patterns collectively make this unreachable
     = note: `#[warn(unreachable_patterns)]` (part of `#[warn(unused)]`) on by default

warning: unused variable: `val_id`
    --> crates\luna-mvir\src\generator.rs:2368:34
     |
2368 |                     if let Some(&val_id) = self.locals.get(&sym_id) {
     |                                  ^^^^^^ help: if this is intentional, prefix it with an underscore: `_val_id`
     |
     = note: `#[warn(unused_variables)]` (part of `#[warn(unused)]`) on by default

warning: unreachable pattern
    --> crates\luna-mvir\src\generator.rs:3471:13
     |
3471 |             _ => Operand::Boolean(false),
     |             ^ no value can reach this
     |
note: multiple earlier patterns match some of the same values
    --> crates\luna-mvir\src\generator.rs:3471:13
     |
3326 |             Pattern::Wildcard => Operand::Boolean(true),
     |             ----------------- matches some of the same values
3327 |             Pattern::Identifier { .. } => {
     |             -------------------------- matches some of the same values
...
3347 |             Pattern::Enum { fields, .. } => {
     |             ---------------------------- matches some of the same values
...
3389 |             Pattern::Literal(token) => {
     |             ----------------------- matches some of the same values
...
3471 |             _ => Operand::Boolean(false),
     |             ^ ...and 2 other patterns collectively make this unreachable

warning: `luna-mvir` (lib) generated 5 warnings (run `cargo fix --lib -p luna-mvir` to apply 3 suggestions)
   Compiling luna-llib v0.1.0 (D:\luna-alpha-baseline-b330\luna-rs\crates\luna-llib)
warning: unused import: `Fingerprint`
 --> crates\luna-llib\src\metadata.rs:5:43
  |
5 | use crate::format::{InterfaceFingerprint, Fingerprint};
  |                                           ^^^^^^^^^^^
  |
  = note: `#[warn(unused_imports)]` (part of `#[warn(unused)]`) on by default

warning: unused import: `Cursor`
 --> crates\luna-llib\src\writer.rs:1:22
  |
1 | use std::io::{Write, Cursor};
  |                      ^^^^^^

warning: unused imports: `BasicBlock`, `CaptureInfo`, and `ValueData`
 --> crates\luna-llib\src\writer.rs:4:35
  |
4 | use luna_mvir::{Module, Function, ValueData, BasicBlock, CaptureInfo, Instruction, Terminator, Operand};
  |                                   ^^^^^^^^^  ^^^^^^^^^^  ^^^^^^^^^^^

warning: unused import: `MlibHeader`
 --> crates\luna-llib\src\reader.rs:2:33
  |
2 | use crate::format::{LlibHeader, MlibHeader, SectionEntry, SectionType, LLIB_MAGIC, MLIB_MAGIC, LLIB_FORMAT_VERSION, MLIB_FORMAT_VERSI...
  |                                 ^^^^^^^^^^

warning: `luna-llib` (lib) generated 4 warnings (run `cargo fix --lib -p luna-llib` to apply 4 suggestions)
   Compiling luna-backend v0.1.0 (D:\luna-alpha-baseline-b330\luna-rs\crates\luna-backend)
warning: field `function_map` is never read
  --> crates\luna-backend\src\llvm_codegen.rs:81:5
   |
72 | pub struct LLVMBackend<'a, 'ctx> {
   |            ----------- field in this struct
...
81 |     function_map: HashMap<String, inkwell::values::FunctionValue<'ctx>>,
   |     ^^^^^^^^^^^^
   |
   = note: `#[warn(dead_code)]` (part of `#[warn(unused)]`) on by default

warning: `luna-backend` (lib) generated 1 warning
   Compiling luna-optimizer v0.1.0 (D:\luna-alpha-baseline-b330\luna-rs\crates\luna-optimizer)
warning: unused variable: `i`
  --> crates\luna-optimizer\src\verifier.rs:41:10
   |
41 |     for (i, block) in func.blocks.iter().enumerate() {
   |          ^ help: if this is intentional, prefix it with an underscore: `_i`
   |
   = note: `#[warn(unused_variables)]` (part of `#[warn(unused)]`) on by default

warning: `luna-optimizer` (lib) generated 1 warning (run `cargo fix --lib -p luna-optimizer` to apply 1 suggestion)
   Compiling luna-borrowck v0.1.0 (D:\luna-alpha-baseline-b330\luna-rs\crates\luna-borrowck)
warning: `luna-semantic` (lib) generated 37 warnings (run `cargo fix --lib -p luna-semantic` to apply 31 suggestions)
warning: unused import: `std::collections::HashSet`
 --> crates\luna-borrowck\src\effect.rs:1:5
  |
1 | use std::collections::HashSet;
  |     ^^^^^^^^^^^^^^^^^^^^^^^^^
  |
  = note: `#[warn(unused_imports)]` (part of `#[warn(unused)]`) on by default

warning: unused import: `ValueOrigin`
 --> crates\luna-borrowck\src\effect_inference.rs:8:17
  |
8 | use luna_mvir::{ValueOrigin, Function, GlobalId, Instruction, Operand, Terminator, ValueId};
  |                 ^^^^^^^^^^^

warning: unused import: `ReturnEffect`
 --> crates\luna-borrowck\src\interprocedural.rs:1:40
  |
1 | use crate::effect::{CallEffectSummary, ReturnEffect};
  |                                        ^^^^^^^^^^^^

warning: unused import: `Operand`
 --> crates\luna-borrowck\src\interprocedural.rs:3:45
  |
3 | use luna_mvir::{Function, GlobalId, Module, Operand, Instruction};
  |                                             ^^^^^^^

warning: unused variable: `state`
    --> crates\luna-borrowck\src\borrow_analysis.rs:1376:45
     |
1376 |     fn is_external_loan(&self, loan: &Loan, state: &BorrowStateData) -> bool {
     |                                             ^^^^^ help: if this is intentional, prefix it with an underscore: `_state`
     |
     = note: `#[warn(unused_variables)]` (part of `#[warn(unused)]`) on by default

warning: variable `effects` is assigned to, but never used
   --> crates\luna-borrowck\src\move_analysis.rs:369:21
    |
369 |                 let mut effects = None;
    |                     ^^^^^^^^^^^
    |
    = note: consider using `_effects` instead

warning: value assigned to `effects` is never read
   --> crates\luna-borrowck\src\move_analysis.rs:371:21
    |
371 |                     effects = sums.get(callee);
    |                     ^^^^^^^^^^^^^^^^^^^^^^^^^^
    |
    = help: maybe it is overwritten before being read?
    = note: `#[warn(unused_assignments)]` (part of `#[warn(unused)]`) on by default

warning: field `arg_count` is never read
  --> crates\luna-borrowck\src\effect_inference.rs:62:5
   |
61 | pub struct EffectInference<'a> {
   |            --------------- field in this struct
62 |     arg_count: usize,
   |     ^^^^^^^^^
   |
   = note: `#[warn(dead_code)]` (part of `#[warn(unused)]`) on by default

warning: unused import: `crate::registry::ModuleRegistry`
 --> crates\luna-driver\src\importer.rs:4:5
  |
4 | use crate::registry::ModuleRegistry;
  |     ^^^^^^^^^^^^^^^^^^^^^^^^^^^^^^^
  |
  = note: `#[warn(unused_imports)]` (part of `#[warn(unused)]`) on by default

warning: unused import: `luna_lexer::Lexer`
 --> crates\luna-driver\src\importer.rs:6:5
  |
6 | use luna_lexer::Lexer;
  |     ^^^^^^^^^^^^^^^^^

warning: unused import: `luna_parser::Parser`
 --> crates\luna-driver\src\importer.rs:7:5
  |
7 | use luna_parser::Parser;
  |     ^^^^^^^^^^^^^^^^^^^

warning: unused imports: `Resolver`, `SemanticContext`, and `TypeChecker`
 --> crates\luna-driver\src\importer.rs:8:21
  |
8 | use luna_semantic::{SemanticContext, Resolver, TypeChecker};
  |                     ^^^^^^^^^^^^^^^  ^^^^^^^^  ^^^^^^^^^^^

warning: unused import: `ExternalTraitImplEntry`
 --> crates\luna-driver\src\metadata_builder.rs:1:75
  |
1 | use crate::registry::{CanonicalSymbolId, ExternalImplKey, ExternalSymbol, ExternalTraitImplEntry, ModuleRegistry, ProviderInterface};
  |                                                                           ^^^^^^^^^^^^^^^^^^^^^^

warning: unused import: `TraitDefinition`
 --> crates\luna-driver\src\metadata_builder.rs:6:39
  |
6 |     SemanticMetadata, StableSymbolId, TraitDefinition,
  |                                       ^^^^^^^^^^^^^^^

warning: unused import: `TypeContext`
 --> crates\luna-driver\src\metadata_builder.rs:8:55
  |
8 | use luna_semantic::ty::{SemanticType, SemanticTypeId, TypeContext};
  |                                                       ^^^^^^^^^^^

warning: unused import: `CanonicalLifetime`
 --> crates\luna-driver\src\metadata_decoder.rs:2:62
  |
2 | use luna_llib::metadata::{CanonicalInterface, CanonicalType, CanonicalLifetime, SemanticMetadata, StableSymbolId};
  |                                                              ^^^^^^^^^^^^^^^^^

warning: unused imports: `BuiltinType` and `Mutability`
 --> crates\luna-driver\src\metadata_decoder.rs:3:25
  |
3 | use luna_semantic::ty::{BuiltinType, Mutability, SemanticType, SemanticTypeId, TypeContext};
  |                         ^^^^^^^^^^^  ^^^^^^^^^^

warning: unused import: `link_objs_to_exe`
  --> crates\luna-driver\src\lib.rs:24:47
   |
24 | use luna_backend::{LLVMBackend, TargetConfig, link_objs_to_exe};
   |                                               ^^^^^^^^^^^^^^^^

warning: variable does not need to be mutable
   --> crates\luna-driver\src\external.rs:438:13
    |
438 |         let mut provider_items = match parse_res {
    |             ----^^^^^^^^^^^^^^
    |             |
    |             help: remove this `mut`
    |
    = note: `#[warn(unused_mut)]` (part of `#[warn(unused)]`) on by default

warning: unused variable: `provider_id`
  --> crates\luna-driver\src\session.rs:53:17
   |
53 |             let provider_id = match self.load_package(entry.provider_id, arena, ProviderResolutionContext::Bootstrap) {
   |                 ^^^^^^^^^^^ help: if this is intentional, prefix it with an underscore: `_provider_id`
   |
   = note: `#[warn(unused_variables)]` (part of `#[warn(unused)]`) on by default

warning: variable does not need to be mutable
  --> crates\luna-driver\src\metadata_builder.rs:49:13
   |
49 |         let mut traits = std::collections::BTreeMap::new();
   |             ----^^^^^^
   |             |
   |             help: remove this `mut`

warning: unused variable: `id`
   --> crates\luna-driver\src\lib.rs:726:22
    |
726 |                 for (id, interface) in &registry.interfaces {
    |                      ^^ help: if this is intentional, prefix it with an underscore: `_id`

warning: `luna-borrowck` (lib) generated 8 warnings (run `cargo fix --lib -p luna-borrowck` to apply 5 suggestions)
warning: `luna-driver` (lib) generated 14 warnings (run `cargo fix --lib -p luna-driver` to apply 14 suggestions)
    Finished `test` profile [unoptimized] target(s) in 20.16s
     Running tests\stdlib_iterator_collect_acceptance_tests.rs (D:\fdlang\luna-rs\target\debug\deps\stdlib_iterator_collect_acceptance_tests-18fe3ee36b40736f.exe)

running 1 test
Parsed 17 items
AstArena Exprs count: 84
AstArena Stmts count: 30
AstArena Decls count: 25
DEBUG: resolve_collected_imports finished successfully
DEBUG loading package: core/panic
DEBUG: resolve_collected_imports finished successfully
DEBUG: resolve_collected_imports finished successfully
DEBUG loading package: __lang_option
DEBUG: resolve_collected_imports finished successfully
DEBUG: resolve_collected_imports finished successfully
DEBUG: resolve_collected_imports finished successfully
DEBUG loading package: core/panic
DEBUG loading package: __lang_option
DEBUG loading package: result
DEBUG loading package: core/panic
DEBUG loading package: __lang_option
DEBUG: resolve_collected_imports finished successfully
DEBUG: resolve_collected_imports finished successfully
DEBUG loading package: core/panic
DEBUG loading package: mem
DEBUG loading package: ptr
DEBUG: resolve_collected_imports finished successfully
DEBUG: resolve_collected_imports finished successfully
DEBUG loading package: slice
DEBUG loading package: __lang_option
DEBUG loading package: __lang_iterator
DEBUG loading package: ptr
DEBUG loading package: mem
DEBUG loading package: cmp
DEBUG: resolve_collected_imports finished successfully
DEBUG loading package: clone
DEBUG: resolve_collected_imports finished successfully
DEBUG: resolve_collected_imports finished successfully
DEBUG loading package: copy
DEBUG loading package: clone
DEBUG loading package: ptr
DEBUG loading package: iter_adapters
DEBUG loading package: __lang_option
DEBUG loading package: __lang_iterator
DEBUG loading package: __lang_into_iterator
DEBUG loading package: clone
DEBUG loading package: mem
DEBUG: resolve_collected_imports finished successfully
DEBUG loading package: iter_consumers
DEBUG loading package: __lang_option
DEBUG loading package: __lang_iterator
DEBUG loading package: cmp
DEBUG: resolve_collected_imports finished successfully
DEBUG loading package: box
DEBUG loading package: __alloc_global
DEBUG: resolve_collected_imports finished successfully
DEBUG loading package: ptr
DEBUG loading package: mem
DEBUG loading package: __lang_drop
DEBUG: resolve_collected_imports finished successfully
DEBUG loading package: vec
DEBUG loading package: __alloc_global
DEBUG loading package: slice
DEBUG loading package: ptr
DEBUG loading package: mem
DEBUG loading package: clone
DEBUG loading package: cmp
DEBUG loading package: default
DEBUG loading package: __lang_option
DEBUG: resolve_collected_imports finished successfully
DEBUG loading package: __lang_drop
DEBUG loading package: __lang_option
DEBUG loading package: __lang_iterator
DEBUG loading package: __lang_into_iterator
DEBUG: resolve_collected_imports finished successfully
DEBUG loading package: string
DEBUG loading package: vec
DEBUG loading package: default
DEBUG loading package: core/panic
DEBUG loading package: ptr
DEBUG loading package: mem
DEBUG loading package: __lang_option
DEBUG loading package: __lang_drop
DEBUG loading package: __lang_iterator
DEBUG loading package: __lang_into_iterator
DEBUG loading package: fmt
DEBUG loading package: result
DEBUG: resolve_collected_imports finished successfully
DEBUG loading package: result
DEBUG loading package: clone
DEBUG loading package: cmp
DEBUG loading package: hash
DEBUG: resolve_collected_imports finished successfully
DEBUG: resolve_collected_imports finished successfully
DEBUG loading package: hashmap
DEBUG loading package: __raw_table
DEBUG loading package: __alloc_global
DEBUG loading package: ptr
DEBUG loading package: mem
DEBUG loading package: hash
DEBUG loading package: cmp
DEBUG loading package: __lang_drop
DEBUG loading package: __lang_option
DEBUG loading package: __lang_iterator
DEBUG: resolve_collected_imports finished successfully
DEBUG loading package: hash
DEBUG loading package: cmp
DEBUG loading package: clone
DEBUG loading package: default
DEBUG loading package: __lang_option
DEBUG loading package: __lang_iterator
DEBUG loading package: __lang_into_iterator
DEBUG loading package: __lang_drop
DEBUG: resolve_collected_imports finished successfully
DEBUG loading package: hashset
DEBUG loading package: hashmap
DEBUG loading package: default
DEBUG loading package: hash
DEBUG loading package: cmp
DEBUG loading package: clone
DEBUG loading package: __lang_option
DEBUG loading package: __lang_iterator
DEBUG loading package: __lang_into_iterator
DEBUG loading package: __lang_drop
DEBUG: resolve_collected_imports finished successfully
DEBUG loading package: iter_collect
DEBUG loading package: vec
DEBUG loading package: hashmap
DEBUG loading package: hashset
DEBUG loading package: hash
DEBUG loading package: cmp
DEBUG loading package: __lang_iterator
DEBUG loading package: __lang_option
DEBUG: resolve_collected_imports finished successfully
DEBUG: resolve_collected_imports finished successfully
DEBUG: resolve_imports returning true
Resolved expr symbols: 5026
Resolved total symbols: 3127
Monomorphized instances: 29
--- Expression Types ---
Expr ExprId(11046): Primitive(U64)
Expr ExprId(6876): Primitive(U64)
Expr ExprId(1824): Reference(LifetimeId(0), Immutable, SemanticTypeId(520))
Expr ExprId(8815): Function { params: [], return_type: SemanticTypeId(790) }
Expr ExprId(10321): Reference(LifetimeId(0), Mutable, SemanticTypeId(1078))
Expr ExprId(10634): GenericParam(SymbolId(930))
Expr ExprId(1955): Reference(LifetimeId(0), Immutable, SemanticTypeId(520))
Expr ExprId(9952): Primitive(U64)
Expr ExprId(9942): Primitive(U8)
Expr ExprId(903): Primitive(I32)
Expr ExprId(3527): Primitive(Bool)
Expr ExprId(7810): Primitive(U64)
Expr ExprId(6088): Reference(LifetimeId(0), Mutable, SemanticTypeId(1564))
Expr ExprId(6963): Primitive(U64)
Expr ExprId(417): Primitive(Bool)
Expr ExprId(7182): Reference(LifetimeId(0), Mutable, SemanticTypeId(825))
Expr ExprId(10971): Reference(LifetimeId(0), Mutable, SemanticTypeId(1089))
Expr ExprId(4386): Primitive(Bool)
Expr ExprId(1639): Primitive(I32)
Expr ExprId(9593): Primitive(U64)
Expr ExprId(1725): Primitive(U64)
Expr ExprId(9388): Function { params: [SemanticTypeId(6)], return_type: SemanticTypeId(790) }
Expr ExprId(10482): Primitive(U64)
Expr ExprId(7897): Primitive(U8)
Expr ExprId(10969): Reference(LifetimeId(0), Mutable, SemanticTypeId(1089))
Expr ExprId(2239): Primitive(U64)
Expr ExprId(11579): Primitive(Bool)
Expr ExprId(559): Struct(SymbolId(107), [SemanticTypeId(1667)], [SemanticTypeId(1671)])
Expr ExprId(4838): Primitive(U64)
Expr ExprId(1260): Pointer(Mutable, SemanticTypeId(524))
Expr ExprId(8847): Primitive(Bool)
Expr ExprId(448): Primitive(U64)
Expr ExprId(9242): Reference(LifetimeId(0), Immutable, SemanticTypeId(793))
Expr ExprId(8074): Primitive(U64)
Expr ExprId(9829): Primitive(U8)
Expr ExprId(6557): Primitive(Bool)
Expr ExprId(99): Struct(SymbolId(608), [], [SemanticTypeId(8)])
Expr ExprId(9369): Primitive(Bool)
Expr ExprId(919): Reference(LifetimeId(0), Immutable, SemanticTypeId(15))
Expr ExprId(4689): Primitive(I32)
Expr ExprId(11154): Enum(SymbolId(58), [SemanticTypeId(1446)], [SemanticTypeId(1446), SemanticTypeId(0)])
Expr ExprId(7137): Primitive(U64)
Expr ExprId(1561): Primitive(U64)
Expr ExprId(2380): Pointer(Mutable, SemanticTypeId(513))
Expr ExprId(8853): Primitive(I32)
Expr ExprId(1744): Pointer(Mutable, SemanticTypeId(526))
Expr ExprId(1431): Primitive(Bool)
Expr ExprId(691): Primitive(U64)
Expr ExprId(4936): Pointer(Mutable, SemanticTypeId(1704))
Expr ExprId(5222): Reference(LifetimeId(0), Mutable, SemanticTypeId(1706))
Expr ExprId(13): Primitive(I32)
Expr ExprId(8506): Reference(LifetimeId(0), Immutable, SemanticTypeId(790))
Expr ExprId(1274): Primitive(Bool)
Expr ExprId(977): Primitive(I32)
Expr ExprId(989): Primitive(I32)
Expr ExprId(5747): Primitive(U64)
Expr ExprId(3461): Reference(LifetimeId(0), Mutable, SemanticTypeId(311))
Expr ExprId(1678): Void
Expr ExprId(620): Primitive(U64)
Expr ExprId(430): Pointer(Mutable, SemanticTypeId(701))
Expr ExprId(8383): Primitive(Bool)
Expr ExprId(10755): Primitive(U64)
Expr ExprId(8445): Primitive(Bool)
Expr ExprId(9367): Primitive(U64)
Expr ExprId(1502): Pointer(Immutable, SemanticTypeId(577))
Expr ExprId(9766): Void
Expr ExprId(9524): Function { params: [SemanticTypeId(788), SemanticTypeId(24)], return_type: SemanticTypeId(0) }
Expr ExprId(5753): Primitive(U64)
Expr ExprId(1613): Pointer(Mutable, SemanticTypeId(542))
Expr ExprId(1383): Primitive(U64)
Expr ExprId(9355): Reference(LifetimeId(0), Immutable, SemanticTypeId(799))
Expr ExprId(9099): Struct(SymbolId(33), [SemanticTypeId(790)], [SemanticTypeId(801), SemanticTypeId(24), SemanticTypeId(24)])
Expr ExprId(1296): Reference(LifetimeId(0), Immutable, SemanticTypeId(619))
Expr ExprId(8373): Enum(SymbolId(58), [SemanticTypeId(24)], [SemanticTypeId(24), SemanticTypeId(0)])
Expr ExprId(9930): Primitive(U64)
Expr ExprId(10239): GenericParam(SymbolId(930))
Expr ExprId(5329): Primitive(U64)
Expr ExprId(2): Primitive(I32)
Expr ExprId(8257): Primitive(U64)
Expr ExprId(9201): Primitive(I32)
Expr ExprId(9902): Primitive(Bool)
Expr ExprId(2904): Enum(SymbolId(58), [SemanticTypeId(134)], [SemanticTypeId(134), SemanticTypeId(0)])
Expr ExprId(9396): Primitive(String)
Expr ExprId(11534): Primitive(Bool)
Expr ExprId(6581): Primitive(U64)
Expr ExprId(10275): Pointer(Mutable, SemanticTypeId(1075))
Expr ExprId(822): Reference(LifetimeId(0), Immutable, SemanticTypeId(24))
Expr ExprId(1904): Primitive(U64)
Expr ExprId(7276): Enum(SymbolId(467), [], [SemanticTypeId(0)])
Expr ExprId(9938): Primitive(U64)
Expr ExprId(11098): Primitive(U8)
Expr ExprId(5851): Primitive(Char)
Expr ExprId(452): Primitive(I64)
Expr ExprId(5101): Primitive(U64)
Expr ExprId(6099): Enum(SymbolId(65), [SemanticTypeId(0), SemanticTypeId(830)], [SemanticTypeId(0), SemanticTypeId(830)])
Expr ExprId(4295): Primitive(U64)
Expr ExprId(2688): Primitive(U64)
Expr ExprId(4435): Reference(LifetimeId(0), Mutable, SemanticTypeId(1724))
Expr ExprId(3508): GenericParam(SymbolId(755))
Expr ExprId(1008): Primitive(I32)
Expr ExprId(5365): Function { params: [SemanticTypeId(709), SemanticTypeId(24)], return_type: SemanticTypeId(709) }
Expr ExprId(5832): Primitive(U128)
Expr ExprId(2542): Function { params: [SemanticTypeId(714)], return_type: SemanticTypeId(713) }
Expr ExprId(1137): Enum(SymbolId(58), [SemanticTypeId(583)], [SemanticTypeId(583), SemanticTypeId(0)])
Expr ExprId(8432): Function { params: [], return_type: SemanticTypeId(2) }
Expr ExprId(4391): Primitive(U64)
Expr ExprId(5190): Void
Expr ExprId(5189): Primitive(U64)
Expr ExprId(5257): Reference(LifetimeId(0), Immutable, SemanticTypeId(1729))
Expr ExprId(1822): Pointer(Immutable, SemanticTypeId(520))
Expr ExprId(1581): Primitive(U64)
Expr ExprId(445): Primitive(I32)
Expr ExprId(3544): Enum(SymbolId(58), [SemanticTypeId(139)], [SemanticTypeId(139), SemanticTypeId(0)])
Expr ExprId(11132): Primitive(U64)
Expr ExprId(11342): Primitive(U64)
Expr ExprId(7308): Primitive(I32)
Expr ExprId(3944): Primitive(I16)
Expr ExprId(8790): Primitive(U64)
Expr ExprId(7113): Primitive(I32)
Expr ExprId(8015): Primitive(U64)
Expr ExprId(6873): Pointer(Immutable, SemanticTypeId(91))
Expr ExprId(3466): Primitive(Bool)
Expr ExprId(1134): Pointer(Mutable, SemanticTypeId(506))
Expr ExprId(2836): Reference(LifetimeId(0), Mutable, SemanticTypeId(635))
Expr ExprId(6655): Primitive(I32)
Expr ExprId(9121): Primitive(U64)
Expr ExprId(3333): Reference(LifetimeId(0), Immutable, SemanticTypeId(36))
Expr ExprId(1498): Primitive(I32)
Expr ExprId(3425): GenericParam(SymbolId(301))
Expr ExprId(3608): Reference(LifetimeId(0), Mutable, SemanticTypeId(87))
Expr ExprId(4117): Primitive(I32)
Expr ExprId(1272): Primitive(U64)
Expr ExprId(2720): Primitive(U64)
Expr ExprId(2093): Primitive(U64)
Expr ExprId(1390): Void
Expr ExprId(6468): Primitive(Bool)
Expr ExprId(7442): Primitive(U32)
Expr ExprId(7776): Primitive(I32)
Expr ExprId(6590): Primitive(I32)
Expr ExprId(1182): Primitive(U64)
Expr ExprId(7301): Primitive(U32)
Expr ExprId(7599): Primitive(U64)
Expr ExprId(9758): Primitive(Bool)
Expr ExprId(5820): Primitive(I32)
Expr ExprId(9190): Primitive(I32)
Expr ExprId(6174): Reference(LifetimeId(0), Mutable, SemanticTypeId(1576))
Expr ExprId(995): Primitive(Bool)
Expr ExprId(3056): GenericParam(SymbolId(231))
Expr ExprId(6015): Function { params: [SemanticTypeId(141), SemanticTypeId(1573)], return_type: SemanticTypeId(831) }
Expr ExprId(1262): Function { params: [SemanticTypeId(709), SemanticTypeId(24)], return_type: SemanticTypeId(709) }
Expr ExprId(5883): Enum(SymbolId(65), [SemanticTypeId(0), SemanticTypeId(830)], [SemanticTypeId(0), SemanticTypeId(830)])
Expr ExprId(562): Primitive(U64)
Expr ExprId(2751): Primitive(U64)
Expr ExprId(6292): Primitive(U64)
Expr ExprId(9836): Primitive(U64)
Expr ExprId(5079): Pointer(Mutable, SemanticTypeId(1704))
Expr ExprId(1315): Pointer(Mutable, SemanticTypeId(587))
Expr ExprId(940): Primitive(I32)
Expr ExprId(2922): Primitive(Bool)
Expr ExprId(3677): GenericParam(SymbolId(339))
Expr ExprId(1597): Function { params: [SemanticTypeId(709), SemanticTypeId(24)], return_type: SemanticTypeId(709) }
Expr ExprId(6825): Struct(SymbolId(33), [SemanticTypeId(91)], [SemanticTypeId(788), SemanticTypeId(24), SemanticTypeId(24)])
Expr ExprId(11285): Struct(SymbolId(537), [SemanticTypeId(1282), SemanticTypeId(1257)], [SemanticTypeId(1358)])
Expr ExprId(2716): Primitive(Bool)
Expr ExprId(8366): Enum(SymbolId(58), [SemanticTypeId(24)], [SemanticTypeId(24), SemanticTypeId(0)])
Expr ExprId(5304): Pointer(Immutable, SemanticTypeId(1704))
Expr ExprId(4191): Pointer(Mutable, SemanticTypeId(91))
Expr ExprId(3846): Primitive(Bool)
Expr ExprId(5169): GenericParam(SymbolId(2871))
Expr ExprId(8868): Void
Expr ExprId(8372): Void
Expr ExprId(4264): Primitive(F64)
Expr ExprId(9374): Void
Expr ExprId(6089): Primitive(Char)
Expr ExprId(580): Primitive(U64)
Expr ExprId(10880): Primitive(U64)
Expr ExprId(5654): Primitive(U64)
Expr ExprId(4472): Reference(LifetimeId(0), Mutable, SemanticTypeId(1706))
Expr ExprId(4783): Primitive(U64)
Expr ExprId(436): Primitive(U64)
Expr ExprId(1714): Primitive(U64)
Expr ExprId(8625): Reference(LifetimeId(0), Immutable, SemanticTypeId(786))
Expr ExprId(859): Reference(LifetimeId(0), Immutable, SemanticTypeId(36))
Expr ExprId(781): Primitive(Bool)
Expr ExprId(2282): Function { params: [SemanticTypeId(709), SemanticTypeId(24)], return_type: SemanticTypeId(709) }
Expr ExprId(6780): Primitive(Bool)
Expr ExprId(5409): Pointer(Immutable, SemanticTypeId(1704))
Expr ExprId(3984): Primitive(Isize)
Expr ExprId(3893): GenericParam(SymbolId(426))
Expr ExprId(724): Reference(LifetimeId(0), Immutable, SemanticTypeId(24))
Expr ExprId(1040): Reference(LifetimeId(0), Immutable, SemanticTypeId(91))
Expr ExprId(9594): Primitive(U64)
Expr ExprId(4322): Primitive(Usize)
Expr ExprId(3682): Primitive(Bool)
Expr ExprId(831): Reference(LifetimeId(0), Immutable, SemanticTypeId(7))
Expr ExprId(11313): Enum(SymbolId(58), [SemanticTypeId(981)], [SemanticTypeId(981), SemanticTypeId(0)])
Expr ExprId(11552): Primitive(Bool)
Expr ExprId(8160): Reference(LifetimeId(0), Immutable, SemanticTypeId(786))
Expr ExprId(11301): Void
Expr ExprId(5746): Primitive(U64)
Expr ExprId(886): Primitive(Bool)
Expr ExprId(4339): Primitive(U64)
Expr ExprId(5467): Void
Expr ExprId(3974): Void
Expr ExprId(2329): Primitive(U64)
Expr ExprId(9502): Primitive(I32)
Expr ExprId(3618): Primitive(Bool)
Expr ExprId(6909): Pointer(Immutable, SemanticTypeId(91))
Expr ExprId(5400): Primitive(I32)
Expr ExprId(6993): Primitive(Bool)
Expr ExprId(10846): Function { params: [SemanticTypeId(1166)], return_type: SemanticTypeId(0) }
Expr ExprId(7036): Reference(LifetimeId(0), Immutable, SemanticTypeId(790))
Expr ExprId(2179): Primitive(I32)
Expr ExprId(3636): Void
Expr ExprId(1533): Primitive(Bool)
Expr ExprId(2417): Pointer(Immutable, SemanticTypeId(516))
Expr ExprId(939): Primitive(I32)
Expr ExprId(4433): Pointer(Mutable, SemanticTypeId(1722))
Expr ExprId(5505): Pointer(Mutable, SemanticTypeId(1704))
Expr ExprId(8404): Function { params: [], return_type: SemanticTypeId(2) }
Expr ExprId(3161): Enum(SymbolId(58), [SemanticTypeId(138)], [SemanticTypeId(138), SemanticTypeId(0)])
Expr ExprId(3835): Enum(SymbolId(58), [SemanticTypeId(415)], [SemanticTypeId(415), SemanticTypeId(0)])
Expr ExprId(321): Enum(SymbolId(65), [SemanticTypeId(1869), SemanticTypeId(1893)], [SemanticTypeId(1869), SemanticTypeId(1893)])
Expr ExprId(1728): Pointer(Mutable, SemanticTypeId(526))
Expr ExprId(446): Primitive(U64)
Expr ExprId(4962): Primitive(I32)
Expr ExprId(3116): Enum(SymbolId(58), [SemanticTypeId(13)], [SemanticTypeId(13), SemanticTypeId(0)])
Expr ExprId(1303): Primitive(U64)
Expr ExprId(4263): Primitive(F64)
Expr ExprId(7880): Primitive(I32)
Expr ExprId(8347): Primitive(U64)
Expr ExprId(7001): Void
Expr ExprId(11366): Struct(SymbolId(576), [SemanticTypeId(893)], [SemanticTypeId(1028)])
Expr ExprId(4756): Primitive(U64)
Expr ExprId(920): Primitive(Isize)
Expr ExprId(4750): Primitive(U64)
Expr ExprId(8526): Primitive(Bool)
Expr ExprId(8088): Primitive(String)
Expr ExprId(2410): Pointer(Immutable, SemanticTypeId(516))
Expr ExprId(9141): Primitive(U64)
Expr ExprId(6955): Primitive(I32)
Expr ExprId(9783): Reference(LifetimeId(0), Mutable, SemanticTypeId(1078))
Expr ExprId(6669): Primitive(I32)
Expr ExprId(11075): Enum(SymbolId(58), [SemanticTypeId(1146)], [SemanticTypeId(1146), SemanticTypeId(0)])
Expr ExprId(7665): Primitive(U64)
Expr ExprId(4229): Primitive(U64)
Expr ExprId(3070): Enum(SymbolId(58), [SemanticTypeId(343)], [SemanticTypeId(343), SemanticTypeId(0)])
Expr ExprId(11095): Function { params: [SemanticTypeId(705), SemanticTypeId(24)], return_type: SemanticTypeId(705) }
Expr ExprId(11264): Struct(SymbolId(549), [SemanticTypeId(1295), SemanticTypeId(1296)], [SemanticTypeId(1299)])
Expr ExprId(7041): Primitive(Usize)
Expr ExprId(10857): Primitive(U64)
Expr ExprId(176): Function { params: [], return_type: SemanticTypeId(1451) }
Expr ExprId(755): Primitive(Isize)
Expr ExprId(8411): Primitive(U64)
Expr ExprId(7822): Primitive(U32)
Expr ExprId(9263): Pointer(Immutable, SemanticTypeId(91))
Expr ExprId(11011): Primitive(U64)
Expr ExprId(9832): Primitive(Bool)
Expr ExprId(1593): Pointer(Mutable, SemanticTypeId(542))
Expr ExprId(10162): Pointer(Mutable, SemanticTypeId(1075))
Expr ExprId(11180): Struct(SymbolId(549), [SemanticTypeId(1052), SemanticTypeId(1053)], [SemanticTypeId(1056)])
Expr ExprId(5898): Reference(LifetimeId(0), Mutable, SemanticTypeId(1619))
Expr ExprId(5394): Pointer(Immutable, SemanticTypeId(1704))
Expr ExprId(4520): Pointer(Immutable, SemanticTypeId(1704))
Expr ExprId(8935): Primitive(U32)
Expr ExprId(7987): Primitive(I32)
Expr ExprId(3897): GenericParam(SymbolId(426))
Expr ExprId(10392): Void
Expr ExprId(6084): Primitive(Bool)
Expr ExprId(1224): Function { params: [SemanticTypeId(651)], return_type: SemanticTypeId(653) }
Expr ExprId(1157): Reference(LifetimeId(0), Mutable, SemanticTypeId(581))
Expr ExprId(9370): Struct(SymbolId(33), [SemanticTypeId(91)], [SemanticTypeId(788), SemanticTypeId(24), SemanticTypeId(24)])
Expr ExprId(3861): Primitive(U8)
Expr ExprId(1219): Pointer(Mutable, SemanticTypeId(609))
Expr ExprId(8755): Struct(SymbolId(351), [], [SemanticTypeId(789)])
Expr ExprId(7857): Reference(LifetimeId(0), Immutable, SemanticTypeId(786))
Expr ExprId(3878): Primitive(U16)
Expr ExprId(8684): Reference(LifetimeId(0), Immutable, SemanticTypeId(790))
Expr ExprId(8102): Primitive(Bool)
Expr ExprId(8276): Primitive(U64)
Expr ExprId(8604): Reference(LifetimeId(0), Immutable, SemanticTypeId(790))
Expr ExprId(9152): Pointer(Immutable, SemanticTypeId(91))
Expr ExprId(7293): Primitive(U64)
Expr ExprId(401): Enum(SymbolId(58), [SemanticTypeId(1216)], [SemanticTypeId(1216), SemanticTypeId(0)])
Expr ExprId(5363): Pointer(Mutable, SemanticTypeId(1704))
Expr ExprId(610): Primitive(U64)
Expr ExprId(9622): Primitive(U64)
Expr ExprId(7480): Reference(LifetimeId(0), Immutable, SemanticTypeId(786))
Expr ExprId(83): Primitive(I32)
Expr ExprId(1656): Pointer(Immutable, SemanticTypeId(526))
Expr ExprId(6256): Primitive(I32)
Expr ExprId(8706): Primitive(U64)
Expr ExprId(279): GenericParam(SymbolId(1210))
Expr ExprId(11229): Primitive(Bool)
Expr ExprId(7608): Enum(SymbolId(58), [SemanticTypeId(768)], [SemanticTypeId(768), SemanticTypeId(0)])
Expr ExprId(7598): Pointer(Immutable, SemanticTypeId(91))
Expr ExprId(1730): Pointer(Mutable, SemanticTypeId(526))
Expr ExprId(1104): Reference(LifetimeId(0), Mutable, SemanticTypeId(540))
Expr ExprId(3342): Primitive(I16)
Expr ExprId(7788): Primitive(U64)
Expr ExprId(1021): Primitive(I32)
Expr ExprId(7620): Pointer(Immutable, SemanticTypeId(91))
Expr ExprId(8735): Primitive(U64)
Expr ExprId(1332): Primitive(Usize)
Expr ExprId(7836): Primitive(U32)
Expr ExprId(7695): Primitive(U8)
Expr ExprId(7166): Reference(LifetimeId(0), Immutable, SemanticTypeId(786))
Expr ExprId(4188): GenericParam(SymbolId(627))
Expr ExprId(5337): Primitive(U64)
Expr ExprId(1326): Function { params: [SemanticTypeId(734), SemanticTypeId(24)], return_type: SemanticTypeId(736) }
Expr ExprId(9790): GenericParam(SymbolId(930))
Expr ExprId(2703): Reference(LifetimeId(0), Immutable, SemanticTypeId(511))
Expr ExprId(11477): Struct(SymbolId(579), [SemanticTypeId(881)], [SemanticTypeId(926)])
Expr ExprId(11349): Tuple([])
Expr ExprId(2735): Enum(SymbolId(58), [SemanticTypeId(24)], [SemanticTypeId(24), SemanticTypeId(0)])
Expr ExprId(8210): Primitive(U64)
Expr ExprId(2685): Primitive(I32)
Expr ExprId(11371): Struct(SymbolId(573), [SemanticTypeId(893)], [SemanticTypeId(1011)])
Expr ExprId(9530): Pointer(Mutable, SemanticTypeId(24))
Expr ExprId(11128): Void
Expr ExprId(8551): Reference(LifetimeId(0), Immutable, SemanticTypeId(786))
Expr ExprId(6715): Primitive(I32)
Expr ExprId(9248): Reference(LifetimeId(0), Immutable, SemanticTypeId(793))
Expr ExprId(9936): Reference(LifetimeId(0), Mutable, SemanticTypeId(1078))
Expr ExprId(4955): Pointer(Immutable, SemanticTypeId(1704))
Expr ExprId(7173): Primitive(U64)
Expr ExprId(3298): Reference(LifetimeId(0), Immutable, SemanticTypeId(24))
Expr ExprId(10751): Function { params: [SemanticTypeId(788), SemanticTypeId(24), SemanticTypeId(24)], return_type: SemanticTypeId(0) }
Expr ExprId(5897): Enum(SymbolId(65), [SemanticTypeId(0), SemanticTypeId(830)], [SemanticTypeId(0), SemanticTypeId(830)])
Expr ExprId(3707): Primitive(U64)
Expr ExprId(2513): Pointer(Mutable, SemanticTypeId(532))
Expr ExprId(10364): Pointer(Mutable, SemanticTypeId(1074))
Expr ExprId(10939): Primitive(I32)
Expr ExprId(7244): Primitive(U32)
Expr ExprId(2097): Reference(LifetimeId(0), Mutable, SemanticTypeId(562))
Expr ExprId(1891): Void
Expr ExprId(3761): Void
Expr ExprId(7494): Reference(LifetimeId(0), Immutable, SemanticTypeId(786))
Expr ExprId(6096): Primitive(Char)
Expr ExprId(4863): Reference(LifetimeId(0), Mutable, SemanticTypeId(1706))
Expr ExprId(9993): Reference(LifetimeId(0), Mutable, SemanticTypeId(1078))
Expr ExprId(9731): Reference(LifetimeId(0), Mutable, SemanticTypeId(1078))
Expr ExprId(9765): Primitive(U64)
Expr ExprId(9994): Primitive(U64)
Expr ExprId(2084): Function { params: [SemanticTypeId(536), SemanticTypeId(24), SemanticTypeId(24), SemanticTypeId(24), SemanticTypeId(573)], return_type: SemanticTypeId(0) }
Expr ExprId(4109): GenericParam(SymbolId(458))
Expr ExprId(7130): Primitive(Bool)
Expr ExprId(1164): Pointer(Mutable, SemanticTypeId(506))
Expr ExprId(6331): Reference(LifetimeId(0), Immutable, SemanticTypeId(758))
Expr ExprId(6793): Struct(SymbolId(351), [], [SemanticTypeId(789)])
Expr ExprId(6157): Primitive(Char)
Expr ExprId(4897): Reference(LifetimeId(0), Mutable, SemanticTypeId(1706))
Expr ExprId(1931): Primitive(U64)
Expr ExprId(8469): Function { params: [SemanticTypeId(24)], return_type: SemanticTypeId(875) }
Expr ExprId(11303): Struct(SymbolId(549), [SemanticTypeId(1288), SemanticTypeId(1289)], [SemanticTypeId(1292)])
Expr ExprId(409): Enum(SymbolId(9), [SemanticTypeId(1197), SemanticTypeId(1216)], [SemanticTypeId(1216), SemanticTypeId(1197)])
Expr ExprId(11022): Enum(SymbolId(58), [SemanticTypeId(1091)], [SemanticTypeId(1091), SemanticTypeId(0)])
Expr ExprId(631): Primitive(I32)
Expr ExprId(10259): Primitive(U64)
Expr ExprId(4762): Reference(LifetimeId(0), Mutable, SemanticTypeId(1706))
Expr ExprId(9137): Primitive(U64)
Expr ExprId(3536): Reference(LifetimeId(0), Mutable, SemanticTypeId(172))
Expr ExprId(7028): Struct(SymbolId(33), [SemanticTypeId(91)], [SemanticTypeId(788), SemanticTypeId(24), SemanticTypeId(24)])
Expr ExprId(3700): Primitive(I32)
Expr ExprId(6833): Pointer(Immutable, SemanticTypeId(91))
Expr ExprId(6411): Primitive(Bool)
Expr ExprId(6569): Primitive(I32)
Expr ExprId(9334): Pointer(Immutable, SemanticTypeId(91))
Expr ExprId(11329): Function { params: [], return_type: SemanticTypeId(992) }
Expr ExprId(8377): Primitive(Usize)
Expr ExprId(2628): Primitive(U64)
Expr ExprId(10859): Primitive(I32)
Expr ExprId(1367): Pointer(Mutable, SemanticTypeId(507))
Expr ExprId(11400): Primitive(Bool)
Expr ExprId(3717): Primitive(U64)
Expr ExprId(2332): Primitive(U64)
Expr ExprId(10807): Primitive(U64)
Expr ExprId(6095): Reference(LifetimeId(0), Mutable, SemanticTypeId(1564))
Expr ExprId(3453): GenericParam(SymbolId(760))
Expr ExprId(6196): Reference(LifetimeId(0), Mutable, SemanticTypeId(1541))
Expr ExprId(4719): Void
Expr ExprId(5032): Primitive(I32)
Expr ExprId(9014): Primitive(U8)
Expr ExprId(5433): Primitive(I32)
Expr ExprId(4864): Primitive(U64)
Expr ExprId(4770): Primitive(U64)
Expr ExprId(7773): Primitive(U8)
Expr ExprId(1001): Primitive(U64)
Expr ExprId(2788): Primitive(U64)
Expr ExprId(1471): Primitive(U64)
Expr ExprId(8478): Primitive(U8)
Expr ExprId(11111): Reference(LifetimeId(0), Immutable, SemanticTypeId(1096))
Expr ExprId(10739): Function { params: [SemanticTypeId(788), SemanticTypeId(24), SemanticTypeId(24)], return_type: SemanticTypeId(0) }
Expr ExprId(4960): Primitive(I32)
Expr ExprId(9835): Reference(LifetimeId(0), Mutable, SemanticTypeId(1078))
Expr ExprId(5519): Primitive(I32)
Expr ExprId(7762): Primitive(U8)
Expr ExprId(2526): Primitive(U64)
Expr ExprId(7594): Primitive(U8)
Expr ExprId(6796): Primitive(Bool)
Expr ExprId(10057): Primitive(U64)
Expr ExprId(8776): Struct(SymbolId(33), [SemanticTypeId(91)], [SemanticTypeId(788), SemanticTypeId(24), SemanticTypeId(24)])
Expr ExprId(835): Primitive(I32)
Expr ExprId(5358): GenericParam(SymbolId(2871))
Expr ExprId(69): Primitive(I32)
Expr ExprId(7537): Enum(SymbolId(65), [SemanticTypeId(0), SemanticTypeId(830)], [SemanticTypeId(0), SemanticTypeId(830)])
Expr ExprId(5722): Primitive(U64)
Expr ExprId(460): Primitive(U64)
Expr ExprId(1924): Void
Expr ExprId(10699): Pointer(Mutable, SemanticTypeId(1075))
Expr ExprId(4403): Primitive(U64)
Expr ExprId(3121): GenericParam(SymbolId(722))
Expr ExprId(9281): Primitive(U64)
Expr ExprId(6952): Void
Expr ExprId(1183): Reference(LifetimeId(0), Immutable, SemanticTypeId(650))
Expr ExprId(1369): Pointer(Mutable, SemanticTypeId(507))
Expr ExprId(7460): Primitive(Char)
Expr ExprId(309): Function { params: [SemanticTypeId(1870)], return_type: SemanticTypeId(1897) }
Expr ExprId(5522): Enum(SymbolId(58), [SemanticTypeId(1719)], [SemanticTypeId(1719), SemanticTypeId(0)])
Expr ExprId(648): GenericParam(SymbolId(644))
Expr ExprId(11604): Reference(LifetimeId(0), Immutable, SemanticTypeId(1949))
Expr ExprId(6120): Enum(SymbolId(65), [SemanticTypeId(0), SemanticTypeId(830)], [SemanticTypeId(0), SemanticTypeId(830)])
Expr ExprId(9626): Primitive(U8)
Expr ExprId(3874): Primitive(U16)
Expr ExprId(488): Primitive(U64)
Expr ExprId(5502): Function { params: [SemanticTypeId(714)], return_type: SemanticTypeId(713) }
Expr ExprId(4088): Function { params: [SemanticTypeId(403)], return_type: SemanticTypeId(412) }
Expr ExprId(9583): Primitive(U64)
Expr ExprId(10163): Primitive(U64)
Expr ExprId(7968): Reference(LifetimeId(0), Immutable, SemanticTypeId(786))
Expr ExprId(9043): Primitive(U8)
Expr ExprId(11265): Tuple([SemanticTypeId(1389), SemanticTypeId(1390)])
Expr ExprId(10008): Enum(SymbolId(477), [], [SemanticTypeId(24), SemanticTypeId(24)])
Expr ExprId(151): Enum(SymbolId(58), [SemanticTypeId(1451)], [SemanticTypeId(1451), SemanticTypeId(0)])
Expr ExprId(164): GenericParam(SymbolId(1014))
Expr ExprId(9435): Function { params: [], return_type: SemanticTypeId(0) }
Expr ExprId(1135): Primitive(U64)
Expr ExprId(9915): Enum(SymbolId(477), [], [SemanticTypeId(24), SemanticTypeId(24)])
Expr ExprId(2639): Primitive(I32)
Expr ExprId(4678): Primitive(U64)
Expr ExprId(233): Primitive(U64)
Expr ExprId(2226): Primitive(U64)
Expr ExprId(6479): Primitive(Bool)
Expr ExprId(9947): Primitive(U64)
Expr ExprId(4323): Primitive(U64)
Expr ExprId(6542): Primitive(U8)
Expr ExprId(146): GenericParam(SymbolId(1020))
Expr ExprId(6092): Enum(SymbolId(65), [SemanticTypeId(0), SemanticTypeId(830)], [SemanticTypeId(0), SemanticTypeId(830)])
Expr ExprId(3724): Function { params: [SemanticTypeId(440)], return_type: SemanticTypeId(0) }
Expr ExprId(1271): Primitive(U64)
Expr ExprId(3868): Primitive(Bool)
Expr ExprId(7429): Primitive(U32)
Expr ExprId(9481): Function { params: [], return_type: SemanticTypeId(0) }
Expr ExprId(10451): Pointer(Mutable, SemanticTypeId(1075))
Expr ExprId(8108): Primitive(U64)
Expr ExprId(8659): Primitive(I32)
Expr ExprId(10623): Pointer(Immutable, SemanticTypeId(24))
Expr ExprId(5914): Enum(SymbolId(65), [SemanticTypeId(0), SemanticTypeId(830)], [SemanticTypeId(0), SemanticTypeId(830)])
Expr ExprId(10987): Pointer(Mutable, SemanticTypeId(91))
Expr ExprId(6112): Primitive(Char)
Expr ExprId(10786): Primitive(U64)
Expr ExprId(8456): Primitive(U64)
Expr ExprId(5494): Reference(LifetimeId(0), Mutable, SemanticTypeId(1706))
Expr ExprId(1948): Function { params: [SemanticTypeId(569), SemanticTypeId(569)], return_type: SemanticTypeId(3) }
Expr ExprId(10371): Void
Expr ExprId(7145): Primitive(U64)
Expr ExprId(8934): Primitive(U8)
Expr ExprId(4449): Primitive(U64)
Expr ExprId(10072): Void
Expr ExprId(8140): Primitive(U64)
Expr ExprId(3498): Function { params: [SemanticTypeId(222)], return_type: SemanticTypeId(4) }
Expr ExprId(10583): Pointer(Mutable, SemanticTypeId(91))
Expr ExprId(871): Primitive(Bool)
Expr ExprId(10454): Pointer(Mutable, SemanticTypeId(1075))
Expr ExprId(7393): Primitive(I32)
Expr ExprId(3528): Struct(SymbolId(302), [SemanticTypeId(158), SemanticTypeId(159)], [SemanticTypeId(158), SemanticTypeId(160), SemanticTypeId(4)])
Expr ExprId(8419): Reference(LifetimeId(0), Immutable, SemanticTypeId(786))
Expr ExprId(5348): Primitive(U64)
Expr ExprId(4466): Struct(SymbolId(33), [SemanticTypeId(1779)], [SemanticTypeId(1780), SemanticTypeId(24), SemanticTypeId(24)])
Expr ExprId(5507): Pointer(Mutable, SemanticTypeId(1704))
Expr ExprId(4743): Reference(LifetimeId(0), Mutable, SemanticTypeId(1706))
Expr ExprId(7234): Primitive(I32)
Expr ExprId(7939): Struct(SymbolId(357), [], [SemanticTypeId(792), SemanticTypeId(792)])
Expr ExprId(2081): Primitive(U64)
Expr ExprId(6579): Primitive(U64)
Expr ExprId(10399): Primitive(U64)
Expr ExprId(5273): Reference(LifetimeId(0), Immutable, SemanticTypeId(1729))
Expr ExprId(7524): Enum(SymbolId(65), [SemanticTypeId(0), SemanticTypeId(830)], [SemanticTypeId(0), SemanticTypeId(830)])
Expr ExprId(7849): Enum(SymbolId(58), [SemanticTypeId(768)], [SemanticTypeId(768), SemanticTypeId(0)])
Expr ExprId(6619): Primitive(I32)
Expr ExprId(9072): Primitive(U64)
Expr ExprId(8862): Primitive(Bool)
Expr ExprId(9076): Primitive(U64)
Expr ExprId(2880): Primitive(U64)
Expr ExprId(8345): Reference(LifetimeId(0), Immutable, SemanticTypeId(786))
Expr ExprId(6072): Enum(SymbolId(467), [], [SemanticTypeId(0)])
Expr ExprId(10564): Primitive(U64)
Expr ExprId(3440): GenericParam(SymbolId(759))
Expr ExprId(5881): Enum(SymbolId(65), [SemanticTypeId(0), SemanticTypeId(830)], [SemanticTypeId(0), SemanticTypeId(830)])
Expr ExprId(525): Primitive(I32)
Expr ExprId(527): Primitive(U64)
Expr ExprId(5988): Reference(LifetimeId(0), Immutable, SemanticTypeId(24))
Expr ExprId(8559): Function { params: [], return_type: SemanticTypeId(790) }
Expr ExprId(8566): Function { params: [SemanticTypeId(91)], return_type: SemanticTypeId(4) }
Expr ExprId(5716): Primitive(U64)
Expr ExprId(4967): Primitive(Bool)
Expr ExprId(5557): Pointer(Immutable, SemanticTypeId(1704))
Expr ExprId(3051): Reference(LifetimeId(0), Mutable, SemanticTypeId(231))
Expr ExprId(1426): Primitive(I32)
Expr ExprId(2615): Primitive(Bool)
Expr ExprId(8750): Primitive(I32)
Expr ExprId(4683): Primitive(U64)
Expr ExprId(4664): Reference(LifetimeId(0), Mutable, SemanticTypeId(1704))
Expr ExprId(257): Primitive(U64)
Expr ExprId(5582): Primitive(U64)
Expr ExprId(9693): Primitive(U64)
Expr ExprId(10600): Primitive(Bool)
Expr ExprId(4327): Reference(LifetimeId(0), Immutable, SemanticTypeId(1750))
Expr ExprId(10194): Primitive(U64)
Expr ExprId(7488): Primitive(U8)
Expr ExprId(6678): Reference(LifetimeId(0), Mutable, SemanticTypeId(789))
Expr ExprId(2915): Function { params: [SemanticTypeId(30)], return_type: SemanticTypeId(4) }
Expr ExprId(2589): Function { params: [SemanticTypeId(714)], return_type: SemanticTypeId(713) }
Expr ExprId(2559): Primitive(I32)
Expr ExprId(2564): Primitive(U64)
Expr ExprId(1988): Function { params: [SemanticTypeId(702), SemanticTypeId(701)], return_type: SemanticTypeId(0) }
Expr ExprId(426): Reference(LifetimeId(0), Immutable, SemanticTypeId(1205))
Expr ExprId(10299): Pointer(Immutable, SemanticTypeId(1075))
Expr ExprId(4280): Primitive(U64)
Expr ExprId(8955): Primitive(U64)
Expr ExprId(8136): Primitive(U64)
Expr ExprId(9919): Primitive(U64)
Expr ExprId(713): Primitive(Bool)
Expr ExprId(10282): Primitive(I32)
Expr ExprId(4973): Function { params: [SemanticTypeId(705), SemanticTypeId(24)], return_type: SemanticTypeId(705) }
Expr ExprId(2427): Reference(LifetimeId(0), Immutable, SemanticTypeId(516))
Expr ExprId(3147): Primitive(Bool)
Expr ExprId(9337): Primitive(U64)
Expr ExprId(6212): Primitive(I32)
Expr ExprId(5479): Primitive(U64)
Expr ExprId(5912): Reference(LifetimeId(0), Mutable, SemanticTypeId(1619))
Expr ExprId(8157): Primitive(String)
Expr ExprId(4231): Reference(LifetimeId(0), Mutable, SemanticTypeId(1845))
Expr ExprId(804): Primitive(I32)
Expr ExprId(9916): Enum(SymbolId(477), [], [SemanticTypeId(24), SemanticTypeId(24)])
Expr ExprId(1772): Function { params: [SemanticTypeId(709), SemanticTypeId(24)], return_type: SemanticTypeId(709) }
Expr ExprId(7320): Reference(LifetimeId(0), Immutable, SemanticTypeId(786))
Expr ExprId(10481): Reference(LifetimeId(0), Mutable, SemanticTypeId(1078))
Expr ExprId(10957): Void
Expr ExprId(8924): Primitive(U8)
Expr ExprId(8968): Primitive(U64)
Expr ExprId(3826): Primitive(U64)
Expr ExprId(6309): Reference(LifetimeId(0), Immutable, SemanticTypeId(141))
Expr ExprId(7955): Primitive(U64)
Expr ExprId(9089): Struct(SymbolId(351), [], [SemanticTypeId(789)])
Expr ExprId(11508): Reference(LifetimeId(0), Immutable, SemanticTypeId(1008))
Expr ExprId(8721): Primitive(Bool)
Expr ExprId(9456): Primitive(U64)
Expr ExprId(4095): Enum(SymbolId(58), [SemanticTypeId(411)], [SemanticTypeId(411), SemanticTypeId(0)])
Expr ExprId(856): Primitive(Bool)
Expr ExprId(5798): Primitive(I64)
Expr ExprId(6217): Reference(LifetimeId(0), Immutable, SemanticTypeId(141))
Expr ExprId(5652): Primitive(U64)
Expr ExprId(5208): Reference(LifetimeId(0), Mutable, SemanticTypeId(1706))
Expr ExprId(5952): Primitive(Bool)
Expr ExprId(7564): Pointer(Immutable, SemanticTypeId(91))
Expr ExprId(3816): Enum(SymbolId(58), [SemanticTypeId(425)], [SemanticTypeId(425), SemanticTypeId(0)])
Expr ExprId(1723): Pointer(Mutable, SemanticTypeId(526))
Expr ExprId(2098): Primitive(Usize)
Expr ExprId(7825): Primitive(U8)
Expr ExprId(4115): GenericParam(SymbolId(457))
Expr ExprId(5142): Reference(LifetimeId(0), Immutable, SemanticTypeId(1704))
Expr ExprId(10434): Void
Expr ExprId(3560): GenericParam(SymbolId(744))
Expr ExprId(7221): Primitive(Char)
Expr ExprId(2063): Primitive(U64)
Expr ExprId(798): Primitive(I32)
Expr ExprId(8537): Void
Expr ExprId(11472): Reference(LifetimeId(0), Immutable, SemanticTypeId(927))
Expr ExprId(10800): Primitive(I32)
Expr ExprId(2321): Primitive(I32)
Expr ExprId(2111): Reference(LifetimeId(0), Mutable, SemanticTypeId(562))
Expr ExprId(8465): Primitive(Usize)
Expr ExprId(3173): Enum(SymbolId(58), [SemanticTypeId(138)], [SemanticTypeId(138), SemanticTypeId(0)])
Expr ExprId(3705): Enum(SymbolId(58), [SemanticTypeId(397)], [SemanticTypeId(397), SemanticTypeId(0)])
Expr ExprId(3061): Primitive(Bool)
Expr ExprId(8050): Primitive(U64)
Expr ExprId(7242): Primitive(I32)
Expr ExprId(5281): Primitive(U64)
Expr ExprId(3343): Primitive(I32)
Expr ExprId(10209): Primitive(U64)
Expr ExprId(4405): Void
Expr ExprId(2892): Function { params: [SemanticTypeId(680), SemanticTypeId(606)], return_type: SemanticTypeId(0) }
Expr ExprId(2233): Primitive(I32)
Expr ExprId(3399): Primitive(Bool)
Expr ExprId(3934): Primitive(I8)
Expr ExprId(5890): Enum(SymbolId(65), [SemanticTypeId(0), SemanticTypeId(830)], [SemanticTypeId(0), SemanticTypeId(830)])
Expr ExprId(5059): GenericParam(SymbolId(1153))
Expr ExprId(1305): Primitive(Bool)
Expr ExprId(227): Enum(SymbolId(65), [SemanticTypeId(1889), SemanticTypeId(1890)], [SemanticTypeId(1889), SemanticTypeId(1890)])
Expr ExprId(10518): Primitive(U64)
Expr ExprId(8985): Primitive(I32)
Expr ExprId(9773): Reference(LifetimeId(0), Mutable, SemanticTypeId(1078))
Expr ExprId(7823): Primitive(U8)
Expr ExprId(8066): Primitive(Bool)
Expr ExprId(7547): Primitive(Bool)
Expr ExprId(8320): Reference(LifetimeId(0), Immutable, SemanticTypeId(786))
Expr ExprId(5294): Primitive(Bool)
Expr ExprId(7640): Primitive(U32)
Expr ExprId(7622): Primitive(U64)
Expr ExprId(1156): Void
Expr ExprId(6358): Primitive(U8)
Expr ExprId(1003): Primitive(U64)
Expr ExprId(577): Primitive(I32)
Expr ExprId(2567): Primitive(U64)
Expr ExprId(3980): GenericParam(SymbolId(438))
Expr ExprId(7351): Enum(SymbolId(467), [], [SemanticTypeId(0)])
Expr ExprId(5869): Enum(SymbolId(65), [SemanticTypeId(0), SemanticTypeId(830)], [SemanticTypeId(0), SemanticTypeId(830)])
Expr ExprId(604): Primitive(U64)
Expr ExprId(966): GenericParam(SymbolId(524))
Expr ExprId(7941): Primitive(U64)
Expr ExprId(7172): Primitive(U64)
Expr ExprId(10836): Primitive(I32)
Expr ExprId(6757): Primitive(I32)
Expr ExprId(6010): Reference(LifetimeId(0), Immutable, SemanticTypeId(11))
Expr ExprId(3362): Primitive(I32)
Expr ExprId(7611): Primitive(U8)
Expr ExprId(11295): Reference(LifetimeId(0), Immutable, SemanticTypeId(1257))
Expr ExprId(7168): Primitive(Usize)
Expr ExprId(6053): Reference(LifetimeId(0), Mutable, SemanticTypeId(1564))
Expr ExprId(8762): Primitive(U8)
Expr ExprId(11602): Function { params: [SemanticTypeId(651)], return_type: SemanticTypeId(653) }
Expr ExprId(9982): Pointer(Mutable, SemanticTypeId(1075))
Expr ExprId(6649): Primitive(U32)
Expr ExprId(7632): Primitive(U32)
Expr ExprId(1584): Primitive(I32)
Expr ExprId(8779): Primitive(U8)
Expr ExprId(10608): Primitive(U64)
Expr ExprId(5488): Reference(LifetimeId(0), Mutable, SemanticTypeId(1706))
Expr ExprId(5076): Primitive(Bool)
Expr ExprId(9101): Primitive(U64)
Expr ExprId(264): Enum(SymbolId(58), [SemanticTypeId(1869)], [SemanticTypeId(1869), SemanticTypeId(0)])
Expr ExprId(1682): Primitive(U64)
Expr ExprId(2592): Pointer(Mutable, SemanticTypeId(532))
Expr ExprId(1352): Function { params: [SemanticTypeId(709), SemanticTypeId(24)], return_type: SemanticTypeId(709) }
Expr ExprId(4623): Pointer(Mutable, SemanticTypeId(1704))
Expr ExprId(9146): Primitive(I32)
Expr ExprId(6318): Reference(LifetimeId(0), Immutable, SemanticTypeId(754))
Expr ExprId(8328): Primitive(U64)
Expr ExprId(8609): Reference(LifetimeId(0), Immutable, SemanticTypeId(786))
Expr ExprId(8364): Enum(SymbolId(58), [SemanticTypeId(24)], [SemanticTypeId(24), SemanticTypeId(0)])
Expr ExprId(7830): Primitive(U32)
Expr ExprId(9717): Pointer(Mutable, SemanticTypeId(1075))
Expr ExprId(2255): Primitive(U64)
Expr ExprId(10900): Primitive(U64)
Expr ExprId(4915): Pointer(Mutable, SemanticTypeId(1704))
Expr ExprId(9901): Void
Expr ExprId(3719): Primitive(Bool)
Expr ExprId(9540): Primitive(U64)
Expr ExprId(3275): Primitive(Bool)
Expr ExprId(9682): Void
Expr ExprId(4533): Primitive(U64)
Expr ExprId(4213): Primitive(U64)
Expr ExprId(88): Primitive(I32)
Expr ExprId(8600): Primitive(U64)
Expr ExprId(7478): Primitive(U32)
Expr ExprId(5187): Reference(LifetimeId(0), Mutable, SemanticTypeId(1706))
Expr ExprId(1103): Pointer(Immutable, SemanticTypeId(538))
Expr ExprId(7202): Primitive(U8)
Expr ExprId(278): Never
Expr ExprId(59): Primitive(I32)
Expr ExprId(6702): Primitive(I32)
Expr ExprId(4140): GenericParam(SymbolId(460))
Expr ExprId(2805): Reference(LifetimeId(0), Immutable, SemanticTypeId(596))
Expr ExprId(6580): Primitive(I32)
Expr ExprId(6784): Struct(SymbolId(33), [SemanticTypeId(91)], [SemanticTypeId(788), SemanticTypeId(24), SemanticTypeId(24)])
Expr ExprId(3306): Reference(LifetimeId(0), Immutable, SemanticTypeId(7))
Expr ExprId(7721): Primitive(U64)
Expr ExprId(3002): GenericParam(SymbolId(750))
Expr ExprId(2192): Primitive(U64)
Expr ExprId(3117): Enum(SymbolId(58), [SemanticTypeId(13)], [SemanticTypeId(13), SemanticTypeId(0)])
Expr ExprId(9162): Void
Expr ExprId(9527): Void
Expr ExprId(4196): Function { params: [], return_type: SemanticTypeId(24) }
Expr ExprId(226): Reference(LifetimeId(0), Immutable, SemanticTypeId(1869))
Expr ExprId(11573): Struct(SymbolId(579), [SemanticTypeId(1169)], [SemanticTypeId(1187)])
Expr ExprId(6570): Primitive(U8)
Expr ExprId(1631): Void
Expr ExprId(10408): Void
Expr ExprId(5462): Void
Expr ExprId(5174): Void
Expr ExprId(4244): Primitive(I32)
Expr ExprId(6666): Primitive(U32)
Expr ExprId(10986): Pointer(Mutable, SemanticTypeId(91))
Expr ExprId(4529): Primitive(U64)
Expr ExprId(4498): Void
Expr ExprId(4896): Primitive(U64)
Expr ExprId(5395): Function { params: [SemanticTypeId(714)], return_type: SemanticTypeId(713) }
Expr ExprId(5805): Function { params: [SemanticTypeId(24), SemanticTypeId(1592)], return_type: SemanticTypeId(831) }
Expr ExprId(8523): Primitive(U8)
Expr ExprId(10676): Void
Expr ExprId(3957): Primitive(I32)
Expr ExprId(1250): Enum(SymbolId(58), [SemanticTypeId(616)], [SemanticTypeId(616), SemanticTypeId(0)])
Expr ExprId(1397): Primitive(U64)
Expr ExprId(8558): Primitive(Bool)
Expr ExprId(8142): Reference(LifetimeId(0), Immutable, SemanticTypeId(786))
Expr ExprId(8319): Reference(LifetimeId(0), Immutable, SemanticTypeId(790))
Expr ExprId(10774): Pointer(Mutable, SemanticTypeId(1074))
Expr ExprId(10754): Pointer(Mutable, SemanticTypeId(91))
Expr ExprId(8672): Primitive(U64)
Expr ExprId(11551): Void
Expr ExprId(5051): Primitive(U64)
Expr ExprId(1069): Primitive(U64)
Expr ExprId(5156): Void
Expr ExprId(5034): Primitive(U64)
Expr ExprId(7521): Primitive(Char)
Expr ExprId(5449): Primitive(U64)
Expr ExprId(134): Enum(SymbolId(58), [SemanticTypeId(1470)], [SemanticTypeId(1470), SemanticTypeId(0)])
Expr ExprId(11024): GenericParam(SymbolId(933))
Expr ExprId(4478): Void
Expr ExprId(7845): Void
Expr ExprId(5126): Function { params: [SemanticTypeId(705), SemanticTypeId(24)], return_type: SemanticTypeId(705) }
Expr ExprId(5642): Reference(LifetimeId(0), Immutable, SemanticTypeId(1710))
Expr ExprId(3814): GenericParam(SymbolId(415))
Expr ExprId(6802): Primitive(U64)
Expr ExprId(3843): GenericParam(SymbolId(417))
Expr ExprId(7170): Primitive(I32)
Expr ExprId(5768): Primitive(U64)
Expr ExprId(3334): Primitive(I8)
Expr ExprId(2768): Primitive(U64)
Expr ExprId(1755): Primitive(U64)
Expr ExprId(6324): Primitive(U128)
Expr ExprId(7056): Primitive(U64)
Expr ExprId(5264): Reference(LifetimeId(0), Mutable, SemanticTypeId(1706))
Expr ExprId(11488): Enum(SymbolId(58), [SemanticTypeId(882)], [SemanticTypeId(882), SemanticTypeId(0)])
Expr ExprId(4992): Function { params: [SemanticTypeId(714)], return_type: SemanticTypeId(713) }
Expr ExprId(459): Pointer(Mutable, SemanticTypeId(1681))
Expr ExprId(6271): Primitive(U8)
Expr ExprId(6486): Primitive(U8)
Expr ExprId(3858): Primitive(U8)
Expr ExprId(5649): Void
Expr ExprId(8717): Primitive(U64)
Expr ExprId(7686): Primitive(U8)
Expr ExprId(5144): GenericParam(SymbolId(2871))
Expr ExprId(2350): Pointer(Mutable, SemanticTypeId(513))
Expr ExprId(4806): Primitive(Bool)
Expr ExprId(8701): Reference(LifetimeId(0), Immutable, SemanticTypeId(786))
Expr ExprId(10937): Reference(LifetimeId(0), Mutable, SemanticTypeId(1105))
Expr ExprId(3571): Primitive(Bool)
Expr ExprId(5238): Primitive(U64)
Expr ExprId(9118): Primitive(U64)
Expr ExprId(8580): Primitive(U64)
Expr ExprId(10131): Primitive(U64)
Expr ExprId(5879): Enum(SymbolId(65), [SemanticTypeId(0), SemanticTypeId(830)], [SemanticTypeId(0), SemanticTypeId(830)])
Expr ExprId(2876): Reference(LifetimeId(0), Mutable, SemanticTypeId(679))
Expr ExprId(8020): Void
Expr ExprId(7277): Enum(SymbolId(65), [SemanticTypeId(0), SemanticTypeId(830)], [SemanticTypeId(0), SemanticTypeId(830)])
Expr ExprId(9226): Function { params: [SemanticTypeId(787)], return_type: SemanticTypeId(835) }
Expr ExprId(9686): Primitive(U64)
Expr ExprId(9308): Struct(SymbolId(33), [SemanticTypeId(91)], [SemanticTypeId(788), SemanticTypeId(24), SemanticTypeId(24)])
Expr ExprId(5686): Pointer(Mutable, SemanticTypeId(91))
Expr ExprId(6937): Function { params: [], return_type: SemanticTypeId(2) }
Expr ExprId(838): Primitive(Usize)
Expr ExprId(8572): Primitive(Bool)
Expr ExprId(7022): Primitive(U64)
Expr ExprId(5058): Pointer(Immutable, SemanticTypeId(1766))
Expr ExprId(3674): Void
Expr ExprId(3763): Primitive(Bool)
Expr ExprId(8998): Primitive(U64)
Expr ExprId(414): Primitive(Bool)
Expr ExprId(5531): Reference(LifetimeId(0), Mutable, SemanticTypeId(1706))
Expr ExprId(4608): Primitive(Bool)
Expr ExprId(2746): Primitive(U64)
Expr ExprId(787): Primitive(U16)
Expr ExprId(6008): Enum(SymbolId(65), [SemanticTypeId(0), SemanticTypeId(830)], [SemanticTypeId(0), SemanticTypeId(830)])
Expr ExprId(6953): Primitive(U64)
Expr ExprId(10302): GenericParam(SymbolId(931))
Expr ExprId(3732): GenericParam(SymbolId(403))
Expr ExprId(3507): Function { params: [SemanticTypeId(222)], return_type: SemanticTypeId(4) }
Expr ExprId(3224): Primitive(U8)
Expr ExprId(5926): Reference(LifetimeId(0), Mutable, SemanticTypeId(1619))
Expr ExprId(6105): Enum(SymbolId(65), [SemanticTypeId(0), SemanticTypeId(830)], [SemanticTypeId(0), SemanticTypeId(830)])
Expr ExprId(5025): Reference(LifetimeId(0), Mutable, SemanticTypeId(1706))
Expr ExprId(5655): Primitive(Bool)
Expr ExprId(4201): Pointer(Mutable, SemanticTypeId(1848))
Expr ExprId(6986): Struct(SymbolId(33), [SemanticTypeId(91)], [SemanticTypeId(788), SemanticTypeId(24), SemanticTypeId(24)])
Expr ExprId(7361): Primitive(U64)
Expr ExprId(5875): Reference(LifetimeId(0), Immutable, SemanticTypeId(4))
Expr ExprId(3075): Reference(LifetimeId(0), Mutable, SemanticTypeId(308))
Expr ExprId(8392): Primitive(I32)
Expr ExprId(2686): Primitive(U64)
Expr ExprId(11047): Function { params: [SemanticTypeId(705), SemanticTypeId(24)], return_type: SemanticTypeId(705) }
Expr ExprId(10494): Primitive(U64)
Expr ExprId(10123): Primitive(I32)
Expr ExprId(480): Pointer(Immutable, SemanticTypeId(716))
Expr ExprId(4575): Primitive(U64)
Expr ExprId(4052): Primitive(I32)
Expr ExprId(3228): Reference(LifetimeId(0), Immutable, SemanticTypeId(91))
Expr ExprId(9140): Reference(LifetimeId(0), Immutable, SemanticTypeId(790))
Expr ExprId(1411): Primitive(U64)
Expr ExprId(6337): Primitive(U128)
Expr ExprId(8596): Primitive(U64)
Expr ExprId(8295): Primitive(Bool)
Expr ExprId(1701): Pointer(Immutable, SemanticTypeId(526))
Expr ExprId(1401): Pointer(Mutable, SemanticTypeId(3))
Expr ExprId(11326): Struct(SymbolId(549), [SemanticTypeId(988), SemanticTypeId(884)], [SemanticTypeId(990)])
Expr ExprId(10835): Primitive(U8)
Expr ExprId(9645): Pointer(Mutable, SemanticTypeId(24))
Expr ExprId(4163): Primitive(U64)
Expr ExprId(3454): Reference(LifetimeId(0), Mutable, SemanticTypeId(311))
Expr ExprId(3103): Void
Expr ExprId(4363): Primitive(U64)
Expr ExprId(10143): Function { params: [SemanticTypeId(709), SemanticTypeId(24)], return_type: SemanticTypeId(709) }
Expr ExprId(6100): Enum(SymbolId(467), [], [SemanticTypeId(0)])
Expr ExprId(3847): Primitive(Bool)
Expr ExprId(2722): Primitive(U64)
Expr ExprId(6928): Pointer(Immutable, SemanticTypeId(91))
Expr ExprId(6129): Primitive(Bool)
Expr ExprId(1751): GenericParam(SymbolId(1630))
Expr ExprId(3994): Enum(SymbolId(58), [SemanticTypeId(3)], [SemanticTypeId(3), SemanticTypeId(0)])
Expr ExprId(6220): Enum(SymbolId(65), [SemanticTypeId(0), SemanticTypeId(830)], [SemanticTypeId(0), SemanticTypeId(830)])
Expr ExprId(11517): Struct(SymbolId(576), [SemanticTypeId(909)], [SemanticTypeId(913)])
Expr ExprId(8163): Primitive(U64)
Expr ExprId(6512): Primitive(U64)
Expr ExprId(4028): Function { params: [SemanticTypeId(407), SemanticTypeId(407)], return_type: SemanticTypeId(407) }
Expr ExprId(3050): Void
Expr ExprId(9529): Pointer(Mutable, SemanticTypeId(91))
Expr ExprId(9406): Primitive(I32)
Expr ExprId(8428): Primitive(U64)
Expr ExprId(5465): Primitive(I32)
Expr ExprId(255): Primitive(U64)
Expr ExprId(4761): Void
Expr ExprId(7747): Primitive(Bool)
Expr ExprId(10211): Primitive(U64)
Expr ExprId(38): Primitive(I32)
Expr ExprId(1603): GenericParam(SymbolId(1624))
Expr ExprId(5815): Primitive(I32)
Expr ExprId(5896): Enum(SymbolId(467), [], [SemanticTypeId(0)])
Expr ExprId(7184): Primitive(Char)
Expr ExprId(4169): GenericParam(SymbolId(625))
Expr ExprId(6477): Primitive(Bool)
Expr ExprId(6061): Primitive(Char)
Expr ExprId(6738): Primitive(I32)
Expr ExprId(7457): Primitive(U32)
Expr ExprId(8207): Primitive(U64)
Expr ExprId(2781): Primitive(Bool)
Expr ExprId(8014): Primitive(Bool)
Expr ExprId(10357): Reference(LifetimeId(0), Mutable, SemanticTypeId(1078))
Expr ExprId(3177): Primitive(U64)
Expr ExprId(2945): Enum(SymbolId(58), [SemanticTypeId(213)], [SemanticTypeId(213), SemanticTypeId(0)])
Expr ExprId(9480): Primitive(Bool)
Expr ExprId(6163): Enum(SymbolId(65), [SemanticTypeId(0), SemanticTypeId(830)], [SemanticTypeId(0), SemanticTypeId(830)])
Expr ExprId(389): Enum(SymbolId(65), [SemanticTypeId(1196), SemanticTypeId(1207)], [SemanticTypeId(1196), SemanticTypeId(1207)])
Expr ExprId(3290): Primitive(Bool)
Expr ExprId(2051): Primitive(U64)
Expr ExprId(6139): Primitive(U8)
Expr ExprId(5737): GenericParam(SymbolId(1180))
Expr ExprId(10646): Primitive(U64)
Expr ExprId(738): Primitive(Bool)
Expr ExprId(3349): Primitive(I16)
Expr ExprId(2070): Primitive(U64)
Expr ExprId(2133): Primitive(Bool)
Expr ExprId(1695): Pointer(Mutable, SemanticTypeId(526))
Expr ExprId(6609): Primitive(I32)
Expr ExprId(10920): Pointer(Mutable, SemanticTypeId(91))
Expr ExprId(8730): Primitive(U64)
Expr ExprId(3946): Void
Expr ExprId(3388): Primitive(I64)
Expr ExprId(7072): Primitive(U64)
Expr ExprId(915): Primitive(I64)
Expr ExprId(8111): Primitive(U8)
Expr ExprId(9879): Primitive(U64)
Expr ExprId(10803): Primitive(U64)
Expr ExprId(1874): GenericParam(SymbolId(1637))
Expr ExprId(665): Primitive(I32)
Expr ExprId(6924): Primitive(U64)
Expr ExprId(465): Primitive(U64)
Expr ExprId(1010): Primitive(Bool)
Expr ExprId(1896): Void
Expr ExprId(253): Reference(LifetimeId(0), Mutable, SemanticTypeId(1871))
Expr ExprId(7266): Primitive(U8)
Expr ExprId(6273): Primitive(U64)
Expr ExprId(7545): Pointer(Immutable, SemanticTypeId(91))
Expr ExprId(9081): Primitive(U64)
Expr ExprId(2155): Pointer(Immutable, SemanticTypeId(564))
Expr ExprId(6758): Primitive(U8)
Expr ExprId(7858): Reference(LifetimeId(0), Mutable, SemanticTypeId(796))
Expr ExprId(8637): Primitive(U64)
Expr ExprId(7699): Primitive(U32)
Expr ExprId(3651): GenericParam(SymbolId(727))
Expr ExprId(6763): Primitive(U64)
Expr ExprId(9236): Primitive(I32)
Expr ExprId(6644): Reference(LifetimeId(0), Mutable, SemanticTypeId(789))
Expr ExprId(7026): Void
Expr ExprId(1037): Primitive(Bool)
Expr ExprId(9860): Function { params: [SemanticTypeId(709), SemanticTypeId(24)], return_type: SemanticTypeId(709) }
Expr ExprId(4772): Function { params: [], return_type: SemanticTypeId(0) }
Expr ExprId(5375): Primitive(U64)
Expr ExprId(7942): Reference(LifetimeId(0), Immutable, SemanticTypeId(790))
Expr ExprId(11339): Primitive(U64)
Expr ExprId(7801): Reference(LifetimeId(0), Immutable, SemanticTypeId(786))
Expr ExprId(8307): Reference(LifetimeId(0), Immutable, SemanticTypeId(786))
Expr ExprId(6136): Pointer(Immutable, SemanticTypeId(91))
Expr ExprId(7367): Primitive(I32)
Expr ExprId(6086): Enum(SymbolId(467), [], [SemanticTypeId(0)])
Expr ExprId(11490): Reference(LifetimeId(0), Immutable, SemanticTypeId(881))
Expr ExprId(9338): Struct(SymbolId(366), [], [SemanticTypeId(792), SemanticTypeId(24)])
Expr ExprId(9328): Enum(SymbolId(65), [SemanticTypeId(799), SemanticTypeId(816)], [SemanticTypeId(799), SemanticTypeId(816)])
Expr ExprId(9349): Enum(SymbolId(58), [SemanticTypeId(790)], [SemanticTypeId(790), SemanticTypeId(0)])
Expr ExprId(5220): Primitive(U64)
Expr ExprId(1340): Primitive(U64)
Expr ExprId(5618): Reference(LifetimeId(0), Immutable, SemanticTypeId(1794))
Expr ExprId(4537): Primitive(U64)
Expr ExprId(10409): Primitive(Bool)
Expr ExprId(1590): Function { params: [SemanticTypeId(709), SemanticTypeId(24)], return_type: SemanticTypeId(709) }
Expr ExprId(11077): Primitive(U64)
Expr ExprId(697): Primitive(U64)
Expr ExprId(5548): Struct(SymbolId(33), [SemanticTypeId(1704)], [SemanticTypeId(1705), SemanticTypeId(24), SemanticTypeId(24)])
Expr ExprId(4690): Primitive(U64)
Expr ExprId(6645): Primitive(I32)
Expr ExprId(9824): Pointer(Mutable, SemanticTypeId(91))
Expr ExprId(502): Primitive(U8)
Expr ExprId(11417): Reference(LifetimeId(0), Immutable, SemanticTypeId(881))
Expr ExprId(10169): Function { params: [SemanticTypeId(702), SemanticTypeId(701)], return_type: SemanticTypeId(0) }
Expr ExprId(5681): Primitive(U64)
Expr ExprId(10383): Reference(LifetimeId(0), Mutable, SemanticTypeId(1078))
Expr ExprId(7768): Primitive(U64)
Expr ExprId(9954): Pointer(Mutable, SemanticTypeId(91))
Expr ExprId(4170): Function { params: [SemanticTypeId(702), SemanticTypeId(701)], return_type: SemanticTypeId(0) }
Expr ExprId(1212): Primitive(U64)
Expr ExprId(8627): Primitive(U8)
Expr ExprId(8449): Primitive(U64)
Expr ExprId(1375): Pointer(Mutable, SemanticTypeId(507))
Expr ExprId(4293): Primitive(U64)
Expr ExprId(7371): Primitive(U8)
Expr ExprId(976): Primitive(I32)
Expr ExprId(3505): Enum(SymbolId(58), [SemanticTypeId(222)], [SemanticTypeId(222), SemanticTypeId(0)])
Expr ExprId(10692): Function { params: [SemanticTypeId(702), SemanticTypeId(701)], return_type: SemanticTypeId(0) }
Expr ExprId(8393): Primitive(U64)
Expr ExprId(5803): Primitive(U64)
Expr ExprId(1378): Void
Expr ExprId(10118): Primitive(U64)
Expr ExprId(5933): Reference(LifetimeId(0), Mutable, SemanticTypeId(1619))
Expr ExprId(3216): Enum(SymbolId(58), [SemanticTypeId(52)], [SemanticTypeId(52), SemanticTypeId(0)])
Expr ExprId(3823): Primitive(U64)
Expr ExprId(9211): Primitive(I32)
Expr ExprId(7733): Primitive(U64)
Expr ExprId(1529): Primitive(U64)
Expr ExprId(8908): Reference(LifetimeId(0), Immutable, SemanticTypeId(786))
Expr ExprId(9517): Pointer(Mutable, SemanticTypeId(91))
Expr ExprId(6267): Primitive(U64)
Expr ExprId(9555): Primitive(U64)
Expr ExprId(10572): Function { params: [SemanticTypeId(24), SemanticTypeId(24)], return_type: SemanticTypeId(788) }
Expr ExprId(8473): Primitive(U64)
Expr ExprId(7681): Primitive(U64)
Expr ExprId(9055): Primitive(U8)
Expr ExprId(8501): Primitive(U64)
Expr ExprId(8171): Primitive(I32)
Expr ExprId(10540): Void
Expr ExprId(10129): Primitive(U64)
Expr ExprId(1074): Primitive(U64)
Expr ExprId(5987): Function { params: [SemanticTypeId(24), SemanticTypeId(1592)], return_type: SemanticTypeId(831) }
Expr ExprId(246): Primitive(U64)
Expr ExprId(4653): Primitive(Bool)
Expr ExprId(314): Enum(SymbolId(65), [SemanticTypeId(1869), SemanticTypeId(1870)], [SemanticTypeId(1869), SemanticTypeId(1870)])
Expr ExprId(758): Primitive(Bool)
Expr ExprId(4622): Reference(LifetimeId(0), Mutable, SemanticTypeId(1706))
Expr ExprId(8318): Enum(SymbolId(58), [SemanticTypeId(24)], [SemanticTypeId(24), SemanticTypeId(0)])
Expr ExprId(661): Primitive(U64)
Expr ExprId(7374): Primitive(Bool)
Expr ExprId(1289): Reference(LifetimeId(0), Immutable, SemanticTypeId(619))
Expr ExprId(9493): Primitive(U64)
Expr ExprId(5845): Enum(SymbolId(65), [SemanticTypeId(0), SemanticTypeId(830)], [SemanticTypeId(0), SemanticTypeId(830)])
Expr ExprId(5910): Enum(SymbolId(467), [], [SemanticTypeId(0)])
Expr ExprId(1068): Primitive(I32)
Expr ExprId(8149): Primitive(I32)
Expr ExprId(2561): Primitive(U64)
Expr ExprId(116): Primitive(Bool)
Expr ExprId(3192): Reference(LifetimeId(0), Mutable, SemanticTypeId(65))
Expr ExprId(2253): Pointer(Immutable, SemanticTypeId(518))
Expr ExprId(10531): Primitive(I32)
Expr ExprId(5974): Enum(SymbolId(65), [SemanticTypeId(0), SemanticTypeId(830)], [SemanticTypeId(0), SemanticTypeId(830)])
Expr ExprId(8312): Primitive(I32)
Expr ExprId(4824): Reference(LifetimeId(0), Mutable, SemanticTypeId(1706))
Expr ExprId(2774): Primitive(Bool)
Expr ExprId(8638): Primitive(U64)
Expr ExprId(5074): Primitive(U64)
Expr ExprId(7894): Primitive(U32)
Expr ExprId(6466): Primitive(U8)
Expr ExprId(9430): Function { params: [], return_type: SemanticTypeId(1155) }
Expr ExprId(10023): Primitive(U64)
Expr ExprId(9671): Primitive(Bool)
Expr ExprId(6812): Struct(SymbolId(33), [SemanticTypeId(91)], [SemanticTypeId(788), SemanticTypeId(24), SemanticTypeId(24)])
Expr ExprId(4412): Primitive(U64)
Expr ExprId(7581): Pointer(Immutable, SemanticTypeId(91))
Expr ExprId(236): GenericParam(SymbolId(1211))
Expr ExprId(1809): Void
Expr ExprId(1782): Function { params: [SemanticTypeId(709), SemanticTypeId(24)], return_type: SemanticTypeId(709) }
Expr ExprId(9275): Primitive(U64)
Expr ExprId(3280): Primitive(Bool)
Expr ExprId(2898): Enum(SymbolId(58), [SemanticTypeId(209)], [SemanticTypeId(209), SemanticTypeId(0)])
Expr ExprId(11347): Struct(SymbolId(549), [SemanticTypeId(893), SemanticTypeId(884)], [SemanticTypeId(895)])
Expr ExprId(844): Reference(LifetimeId(0), Immutable, SemanticTypeId(754))
Expr ExprId(7722): Pointer(Immutable, SemanticTypeId(91))
Expr ExprId(9449): Primitive(I32)
Expr ExprId(803): Primitive(Bool)
Expr ExprId(8443): Primitive(U64)
Expr ExprId(5797): Primitive(I32)
Expr ExprId(10034): Reference(LifetimeId(0), Mutable, SemanticTypeId(1078))
Expr ExprId(2825): Primitive(U64)
Expr ExprId(8992): Primitive(U32)
Expr ExprId(4186): Pointer(Immutable, SemanticTypeId(1847))
Expr ExprId(6219): Reference(LifetimeId(0), Mutable, SemanticTypeId(1607))
Expr ExprId(3670): Primitive(Bool)
Expr ExprId(5377): Primitive(U64)
Expr ExprId(1194): Pointer(Immutable, SemanticTypeId(633))
Expr ExprId(2100): Primitive(U64)
Expr ExprId(11213): Reference(LifetimeId(0), Mutable, SemanticTypeId(1265))
Expr ExprId(901): Primitive(Bool)
Expr ExprId(6939): Primitive(I32)
Expr ExprId(4092): Enum(SymbolId(58), [SemanticTypeId(403)], [SemanticTypeId(403), SemanticTypeId(0)])
Expr ExprId(7467): Primitive(U64)
Expr ExprId(10205): Primitive(I32)
Expr ExprId(908): Primitive(Bool)
Expr ExprId(892): Primitive(I32)
Expr ExprId(1066): Primitive(U64)
Expr ExprId(5181): Primitive(U64)
Expr ExprId(7418): Primitive(U64)
Expr ExprId(8189): Primitive(U64)
Expr ExprId(8452): Void
Expr ExprId(10443): Primitive(U64)
Expr ExprId(8860): Primitive(U64)
Expr ExprId(1964): Primitive(U64)
Expr ExprId(313): Enum(SymbolId(65), [SemanticTypeId(1869), SemanticTypeId(1897)], [SemanticTypeId(1869), SemanticTypeId(1897)])
Expr ExprId(9992): Primitive(U64)
Expr ExprId(6083): Enum(SymbolId(65), [SemanticTypeId(0), SemanticTypeId(830)], [SemanticTypeId(0), SemanticTypeId(830)])
Expr ExprId(11498): Primitive(Bool)
Expr ExprId(4819): Primitive(U64)
Expr ExprId(7795): Primitive(Char)
Expr ExprId(9774): Pointer(Mutable, SemanticTypeId(24))
Expr ExprId(9432): Primitive(U64)
Expr ExprId(5027): Primitive(I32)
Expr ExprId(3108): GenericParam(SymbolId(248))
Expr ExprId(2812): Primitive(Bool)
Expr ExprId(3090): Function { params: [SemanticTypeId(176)], return_type: SemanticTypeId(178) }
Expr ExprId(2191): Primitive(I32)
Expr ExprId(7292): Reference(LifetimeId(0), Immutable, SemanticTypeId(786))
Expr ExprId(8736): Function { params: [SemanticTypeId(705), SemanticTypeId(24)], return_type: SemanticTypeId(705) }
Expr ExprId(7893): Primitive(I32)
Expr ExprId(9440): Primitive(U64)
Expr ExprId(5856): Enum(SymbolId(65), [SemanticTypeId(0), SemanticTypeId(830)], [SemanticTypeId(0), SemanticTypeId(830)])
Expr ExprId(4857): Primitive(Bool)
Expr ExprId(823): Primitive(U64)
Expr ExprId(293): Enum(SymbolId(65), [SemanticTypeId(1900), SemanticTypeId(1870)], [SemanticTypeId(1900), SemanticTypeId(1870)])
Expr ExprId(7400): Primitive(U64)
Expr ExprId(7634): Primitive(U32)
Expr ExprId(8374): Reference(LifetimeId(0), Immutable, SemanticTypeId(790))
Expr ExprId(8833): Primitive(Bool)
Expr ExprId(7613): Reference(LifetimeId(0), Mutable, SemanticTypeId(794))
Expr ExprId(10534): Primitive(U64)
Expr ExprId(3865): GenericParam(SymbolId(422))
Expr ExprId(8474): Primitive(U64)
Expr ExprId(2215): Primitive(I32)
Expr ExprId(9569): Primitive(U64)
Expr ExprId(10638): Pointer(Mutable, SemanticTypeId(1075))
Expr ExprId(8440): Struct(SymbolId(33), [SemanticTypeId(91)], [SemanticTypeId(788), SemanticTypeId(24), SemanticTypeId(24)])
Expr ExprId(8301): Primitive(I32)
Expr ExprId(1638): Primitive(U64)
Expr ExprId(2931): Reference(LifetimeId(0), Mutable, SemanticTypeId(103))
Expr ExprId(3698): GenericParam(SymbolId(392))
Expr ExprId(3154): Primitive(U64)
Expr ExprId(7966): Reference(LifetimeId(0), Immutable, SemanticTypeId(790))
Expr ExprId(8408): Primitive(U64)
Expr ExprId(5134): Primitive(U64)
Expr ExprId(7125): Primitive(U64)
Expr ExprId(10296): Pointer(Immutable, SemanticTypeId(1075))
Expr ExprId(3241): Reference(LifetimeId(0), Immutable, SemanticTypeId(124))
Expr ExprId(4593): Reference(LifetimeId(0), Mutable, SemanticTypeId(1706))
Expr ExprId(8288): Void
Expr ExprId(821): Primitive(I32)
Expr ExprId(4919): Primitive(U64)
Expr ExprId(8588): Primitive(U64)
Expr ExprId(10624): Primitive(U64)
Expr ExprId(2381): Primitive(U64)
Expr ExprId(3199): GenericParam(SymbolId(724))
Expr ExprId(7616): Primitive(U64)
Expr ExprId(8224): Primitive(U64)
Expr ExprId(8450): Primitive(U64)
Expr ExprId(3351): Reference(LifetimeId(0), Immutable, SemanticTypeId(11))
Expr ExprId(8988): Primitive(U8)
Expr ExprId(7005): Primitive(Usize)
Expr ExprId(9814): Reference(LifetimeId(0), Mutable, SemanticTypeId(1078))
Expr ExprId(10161): Reference(LifetimeId(0), Mutable, SemanticTypeId(1078))
Expr ExprId(8266): Primitive(U64)
Expr ExprId(11172): Enum(SymbolId(58), [SemanticTypeId(1376)], [SemanticTypeId(1376), SemanticTypeId(0)])
Expr ExprId(8584): Reference(LifetimeId(0), Immutable, SemanticTypeId(786))
Expr ExprId(11363): Reference(LifetimeId(0), Immutable, SemanticTypeId(897))
Expr ExprId(7384): Primitive(U8)
Expr ExprId(5665): Pointer(Mutable, SemanticTypeId(1788))
Expr ExprId(2198): Primitive(U64)
Expr ExprId(5969): Function { params: [SemanticTypeId(24), SemanticTypeId(1592)], return_type: SemanticTypeId(831) }
Expr ExprId(11626): Primitive(U64)
Expr ExprId(5758): Primitive(U64)
Expr ExprId(3583): Primitive(Bool)
Expr ExprId(8417): Never
Expr ExprId(10838): Primitive(Bool)
Expr ExprId(5534): Void
Expr ExprId(4041): Enum(SymbolId(58), [SemanticTypeId(406)], [SemanticTypeId(406), SemanticTypeId(0)])
Expr ExprId(11027): Enum(SymbolId(58), [SemanticTypeId(1091)], [SemanticTypeId(1091), SemanticTypeId(0)])
Expr ExprId(3496): Struct(SymbolId(295), [SemanticTypeId(153)], [SemanticTypeId(153), SemanticTypeId(153), SemanticTypeId(4)])
Expr ExprId(4265): Enum(SymbolId(58), [SemanticTypeId(746)], [SemanticTypeId(746), SemanticTypeId(0)])
Expr ExprId(1319): Function { params: [SemanticTypeId(734), SemanticTypeId(24)], return_type: SemanticTypeId(736) }
Expr ExprId(2300): Pointer(Mutable, SemanticTypeId(518))
Expr ExprId(1688): Pointer(Immutable, SemanticTypeId(526))
Expr ExprId(11438): GenericParam(SymbolId(897))
Expr ExprId(2920): GenericParam(SymbolId(735))
Expr ExprId(9990): Void
Expr ExprId(2301): Primitive(I32)
Expr ExprId(8871): Primitive(I32)
Expr ExprId(3032): GenericParam(SymbolId(218))
Expr ExprId(7321): Primitive(U64)
Expr ExprId(7573): Primitive(Bool)
Expr ExprId(3087): Enum(SymbolId(58), [SemanticTypeId(336)], [SemanticTypeId(336), SemanticTypeId(0)])
Expr ExprId(7728): Enum(SymbolId(58), [SemanticTypeId(768)], [SemanticTypeId(768), SemanticTypeId(0)])
Expr ExprId(6926): Void
Expr ExprId(10029): Primitive(U8)
Expr ExprId(7324): Primitive(U64)
Expr ExprId(9286): Primitive(U64)
Expr ExprId(4752): Reference(LifetimeId(0), Mutable, SemanticTypeId(1706))
Expr ExprId(5523): Enum(SymbolId(58), [SemanticTypeId(1719)], [SemanticTypeId(1719), SemanticTypeId(0)])
Expr ExprId(62): Primitive(I32)
Expr ExprId(1963): Pointer(Mutable, SemanticTypeId(520))
Expr ExprId(9269): Primitive(U8)
Expr ExprId(6449): Primitive(Bool)
Expr ExprId(10458): Primitive(U64)
Expr ExprId(5224): Void
Expr ExprId(2484): Pointer(Immutable, SemanticTypeId(532))
Expr ExprId(3181): Primitive(U64)
Expr ExprId(894): Primitive(I32)
Expr ExprId(7048): Reference(LifetimeId(0), Immutable, SemanticTypeId(786))
Expr ExprId(8641): Struct(SymbolId(351), [], [SemanticTypeId(789)])
Expr ExprId(6957): Primitive(U64)
Expr ExprId(955): GenericParam(SymbolId(520))
Expr ExprId(870): Primitive(I8)
Expr ExprId(1735): Pointer(Mutable, SemanticTypeId(526))
Expr ExprId(3591): Enum(SymbolId(58), [SemanticTypeId(84)], [SemanticTypeId(84), SemanticTypeId(0)])
Expr ExprId(2368): Pointer(Immutable, SemanticTypeId(513))
Expr ExprId(10841): Reference(LifetimeId(0), Mutable, SemanticTypeId(1105))
Expr ExprId(10216): Pointer(Mutable, SemanticTypeId(91))
Expr ExprId(7226): Enum(SymbolId(65), [SemanticTypeId(0), SemanticTypeId(830)], [SemanticTypeId(0), SemanticTypeId(830)])
Expr ExprId(9667): Primitive(Bool)
Expr ExprId(2524): Primitive(I32)
Expr ExprId(2054): Function { params: [SemanticTypeId(592), SemanticTypeId(24), SemanticTypeId(24), SemanticTypeId(614)], return_type: SemanticTypeId(0) }
Expr ExprId(1795): Primitive(I32)
Expr ExprId(10873): Primitive(U64)
Expr ExprId(869): Reference(LifetimeId(0), Immutable, SemanticTypeId(36))
Expr ExprId(5547): Function { params: [SemanticTypeId(24)], return_type: SemanticTypeId(875) }
Expr ExprId(1474): Primitive(Bool)
Expr ExprId(6631): Void
Expr ExprId(8824): Primitive(U64)
Expr ExprId(3790): Enum(SymbolId(58), [SemanticTypeId(427)], [SemanticTypeId(427), SemanticTypeId(0)])
Expr ExprId(6377): Primitive(U64)
Expr ExprId(4832): Function { params: [], return_type: SemanticTypeId(0) }
Expr ExprId(3294): Primitive(U64)
Expr ExprId(8929): Primitive(U8)
Expr ExprId(6719): Primitive(U32)
Expr ExprId(1455): Primitive(I32)
Expr ExprId(7610): Primitive(I32)
Expr ExprId(4260): Primitive(I128)
Expr ExprId(5808): Enum(SymbolId(65), [SemanticTypeId(0), SemanticTypeId(830)], [SemanticTypeId(0), SemanticTypeId(830)])
Expr ExprId(7930): Primitive(U64)
Expr ExprId(5323): Primitive(I32)
Expr ExprId(7356): Primitive(Usize)
Expr ExprId(7397): Primitive(U64)
Expr ExprId(546): Void
Expr ExprId(10459): Primitive(I32)
Expr ExprId(10345): Enum(SymbolId(477), [], [SemanticTypeId(24), SemanticTypeId(24)])
Expr ExprId(914): Reference(LifetimeId(0), Immutable, SemanticTypeId(141))
Expr ExprId(11093): Pointer(Immutable, SemanticTypeId(91))
Expr ExprId(11061): Reference(LifetimeId(0), Mutable, SemanticTypeId(1112))
Expr ExprId(10842): Pointer(Mutable, SemanticTypeId(1102))
Expr ExprId(9488): Primitive(U64)
Expr ExprId(6033): Primitive(Isize)
Expr ExprId(5978): Primitive(U64)
Expr ExprId(1240): Reference(LifetimeId(0), Immutable, SemanticTypeId(602))
Expr ExprId(6607): Primitive(U8)
Expr ExprId(4898): Primitive(U64)
Expr ExprId(1483): Pointer(Immutable, SemanticTypeId(577))
Expr ExprId(1570): Void
Expr ExprId(6038): Primitive(Bool)
Expr ExprId(9898): Pointer(Mutable, SemanticTypeId(1075))
Expr ExprId(7527): Primitive(U64)
Expr ExprId(11450): Enum(SymbolId(58), [SemanticTypeId(882)], [SemanticTypeId(882), SemanticTypeId(0)])
Expr ExprId(5133): Primitive(I32)
Expr ExprId(8880): Struct(SymbolId(351), [], [SemanticTypeId(789)])
Expr ExprId(11134): Pointer(Immutable, SemanticTypeId(91))
Expr ExprId(8849): Primitive(Bool)
Expr ExprId(8948): Primitive(U8)
Expr ExprId(6587): Primitive(Usize)
Expr ExprId(6846): Void
Expr ExprId(2981): Primitive(U64)
Expr ExprId(11123): Reference(LifetimeId(0), Mutable, SemanticTypeId(1112))
Expr ExprId(2940): Enum(SymbolId(58), [SemanticTypeId(38)], [SemanticTypeId(38), SemanticTypeId(0)])
Expr ExprId(8261): Primitive(U64)
Expr ExprId(3557): Enum(SymbolId(58), [SemanticTypeId(83)], [SemanticTypeId(83), SemanticTypeId(0)])
Expr ExprId(8466): Primitive(U64)
Expr ExprId(6402): Primitive(U64)
Expr ExprId(5049): Primitive(U64)
Expr ExprId(5528): Reference(LifetimeId(0), Immutable, SemanticTypeId(1704))
Expr ExprId(1585): Primitive(U64)
Expr ExprId(6672): Primitive(I32)
Expr ExprId(237): Reference(LifetimeId(0), Immutable, SemanticTypeId(1870))
Expr ExprId(484): Primitive(U64)
Expr ExprId(9878): Reference(LifetimeId(0), Mutable, SemanticTypeId(1078))
Expr ExprId(158): GenericParam(SymbolId(1020))
Expr ExprId(9700): Primitive(U64)
Expr ExprId(7449): Primitive(I32)
Expr ExprId(4707): Primitive(U64)
Expr ExprId(7334): Enum(SymbolId(65), [SemanticTypeId(0), SemanticTypeId(830)], [SemanticTypeId(0), SemanticTypeId(830)])
Expr ExprId(2046): Primitive(I32)
Expr ExprId(8835): Primitive(U64)
Expr ExprId(6921): Primitive(U64)
Expr ExprId(10721): Primitive(U64)
Expr ExprId(4657): Pointer(Mutable, SemanticTypeId(1704))
Expr ExprId(11426): Reference(LifetimeId(0), Immutable, SemanticTypeId(927))
Expr ExprId(157): GenericParam(SymbolId(1020))
Expr ExprId(11415): Enum(SymbolId(58), [SemanticTypeId(882)], [SemanticTypeId(882), SemanticTypeId(0)])
Expr ExprId(4881): Void
Expr ExprId(4276): Function { params: [], return_type: SemanticTypeId(879) }
Expr ExprId(10655): Pointer(Immutable, SemanticTypeId(91))
Expr ExprId(6111): Reference(LifetimeId(0), Immutable, SemanticTypeId(768))
Expr ExprId(9794): Reference(LifetimeId(0), Mutable, SemanticTypeId(1078))
Expr ExprId(5740): GenericParam(SymbolId(1180))
Expr ExprId(3683): Primitive(Bool)
Expr ExprId(8586): Primitive(I32)
Expr ExprId(10255): Reference(LifetimeId(0), Mutable, SemanticTypeId(1078))
Expr ExprId(3153): Primitive(I32)
Expr ExprId(8034): Reference(LifetimeId(0), Immutable, SemanticTypeId(786))
Expr ExprId(1734): Function { params: [SemanticTypeId(709), SemanticTypeId(24)], return_type: SemanticTypeId(709) }
Expr ExprId(156): Enum(SymbolId(58), [SemanticTypeId(1451)], [SemanticTypeId(1451), SemanticTypeId(0)])
Expr ExprId(3035): Reference(LifetimeId(0), Mutable, SemanticTypeId(231))
Expr ExprId(11105): Primitive(U64)
Expr ExprId(7735): Primitive(Bool)
Expr ExprId(7892): Primitive(U32)
Expr ExprId(3580): Enum(SymbolId(58), [SemanticTypeId(83)], [SemanticTypeId(83), SemanticTypeId(0)])
Expr ExprId(2436): Primitive(I32)
Expr ExprId(6841): Primitive(U64)
Expr ExprId(9908): Primitive(I32)
Expr ExprId(6528): Primitive(U8)
Expr ExprId(8101): Primitive(U64)
Expr ExprId(7883): Primitive(U32)
Expr ExprId(9044): Primitive(U8)
Expr ExprId(9937): Pointer(Mutable, SemanticTypeId(91))
Expr ExprId(6119): Primitive(Char)
Expr ExprId(5120): Primitive(Bool)
Expr ExprId(4673): Reference(LifetimeId(0), Immutable, SemanticTypeId(1741))
Expr ExprId(7818): Primitive(U8)
Expr ExprId(3857): Enum(SymbolId(58), [SemanticTypeId(91)], [SemanticTypeId(91), SemanticTypeId(0)])
Expr ExprId(9011): Primitive(U64)
Expr ExprId(6601): Primitive(Bool)
Expr ExprId(7683): Primitive(U8)
Expr ExprId(9921): Primitive(U64)
Expr ExprId(9004): Primitive(U8)
Expr ExprId(7141): Primitive(U64)
Expr ExprId(9195): Primitive(U64)
Expr ExprId(2967): GenericParam(SymbolId(737))
Expr ExprId(10675): Primitive(U8)
Expr ExprId(10360): Enum(SymbolId(477), [], [SemanticTypeId(24), SemanticTypeId(24)])
Expr ExprId(7262): Primitive(U64)
Expr ExprId(7763): Primitive(Bool)
Expr ExprId(10613): Primitive(U8)
Expr ExprId(4069): GenericParam(SymbolId(451))
Expr ExprId(3426): GenericParam(SymbolId(301))
Expr ExprId(7207): Primitive(U32)
Expr ExprId(8597): Primitive(U64)
Expr ExprId(105): Primitive(U32)
Expr ExprId(815): Primitive(U64)
Expr ExprId(876): Reference(LifetimeId(0), Immutable, SemanticTypeId(11))
Expr ExprId(6755): Pointer(Immutable, SemanticTypeId(91))
Expr ExprId(7583): Primitive(U8)
Expr ExprId(4476): Primitive(Bool)
Expr ExprId(5327): Primitive(U64)
Expr ExprId(4834): Primitive(U64)
Expr ExprId(6290): Primitive(Usize)
Expr ExprId(10096): GenericParam(SymbolId(931))
Expr ExprId(6417): Primitive(U64)
Expr ExprId(11598): Reference(LifetimeId(0), Immutable, SemanticTypeId(3))
Expr ExprId(4798): Primitive(U64)
Expr ExprId(10945): Primitive(I32)
Expr ExprId(8098): Primitive(I32)
Expr ExprId(10256): Primitive(U64)
Expr ExprId(393): Enum(SymbolId(9), [SemanticTypeId(1208), SemanticTypeId(1198)], [SemanticTypeId(1198), SemanticTypeId(1208)])
Expr ExprId(4977): Pointer(Immutable, SemanticTypeId(1704))
Expr ExprId(7617): Primitive(I32)
Expr ExprId(6211): Reference(LifetimeId(0), Immutable, SemanticTypeId(3))
Expr ExprId(9323): Struct(SymbolId(33), [SemanticTypeId(91)], [SemanticTypeId(788), SemanticTypeId(24), SemanticTypeId(24)])
Expr ExprId(9175): Primitive(U64)
Expr ExprId(8999): Primitive(I32)
Expr ExprId(7536): Primitive(Bool)
Expr ExprId(9070): Reference(LifetimeId(0), Immutable, SemanticTypeId(790))
Expr ExprId(11330): Struct(SymbolId(579), [SemanticTypeId(954)], [SemanticTypeId(957)])
Expr ExprId(5931): Enum(SymbolId(467), [], [SemanticTypeId(0)])
Expr ExprId(7126): Primitive(I32)
Expr ExprId(2667): Primitive(U64)
Expr ExprId(9224): Pointer(Immutable, SemanticTypeId(91))
Expr ExprId(5866): Function { params: [SemanticTypeId(754), SemanticTypeId(1609)], return_type: SemanticTypeId(831) }
Expr ExprId(8264): Primitive(U64)
Expr ExprId(4189): Function { params: [SemanticTypeId(788), SemanticTypeId(24), SemanticTypeId(24)], return_type: SemanticTypeId(0) }
Expr ExprId(6507): Primitive(U8)
Expr ExprId(8693): Primitive(U64)
Expr ExprId(1509): Reference(LifetimeId(0), Immutable, SemanticTypeId(577))
Expr ExprId(9005): Primitive(U8)
Expr ExprId(829): Reference(LifetimeId(0), Immutable, SemanticTypeId(7))
Expr ExprId(5397): Primitive(U64)
Expr ExprId(8839): Reference(LifetimeId(0), Immutable, SemanticTypeId(786))
Expr ExprId(7855): Primitive(U64)
Expr ExprId(5199): Void
Expr ExprId(5791): Enum(SymbolId(65), [SemanticTypeId(0), SemanticTypeId(830)], [SemanticTypeId(0), SemanticTypeId(830)])
Expr ExprId(4997): Function { params: [SemanticTypeId(702), SemanticTypeId(701)], return_type: SemanticTypeId(0) }
Expr ExprId(9170): Reference(LifetimeId(0), Immutable, SemanticTypeId(786))
Expr ExprId(10501): Primitive(Bool)
Expr ExprId(1419): Primitive(Usize)
Expr ExprId(2683): Primitive(Usize)
Expr ExprId(6906): Reference(LifetimeId(0), Mutable, SemanticTypeId(789))
Expr ExprId(5200): Primitive(U64)
Expr ExprId(2211): Function { params: [SemanticTypeId(702), SemanticTypeId(701)], return_type: SemanticTypeId(0) }
Expr ExprId(8151): Primitive(U64)
Expr ExprId(7115): Primitive(U64)
Expr ExprId(3474): GenericParam(SymbolId(760))
Expr ExprId(2962): Reference(LifetimeId(0), Mutable, SemanticTypeId(199))
Expr ExprId(7852): Primitive(U64)
Expr ExprId(8903): Void
Expr ExprId(1349): Pointer(Mutable, SemanticTypeId(507))
Expr ExprId(7032): Reference(LifetimeId(0), Immutable, SemanticTypeId(790))
Expr ExprId(11505): Reference(LifetimeId(0), Immutable, SemanticTypeId(1003))
Expr ExprId(10578): Primitive(U64)
Expr ExprId(10479): Primitive(I32)
Expr ExprId(3084): Enum(SymbolId(58), [SemanticTypeId(249)], [SemanticTypeId(249), SemanticTypeId(0)])
Expr ExprId(11142): Pointer(Immutable, SemanticTypeId(1109))
Expr ExprId(8352): Primitive(U8)
Expr ExprId(8436): Primitive(U64)
Expr ExprId(2995): Enum(SymbolId(58), [SemanticTypeId(41)], [SemanticTypeId(41), SemanticTypeId(0)])
Expr ExprId(2792): Primitive(U64)
Expr ExprId(10044): Reference(LifetimeId(0), Mutable, SemanticTypeId(1078))
Expr ExprId(5513): Pointer(Mutable, SemanticTypeId(1704))
Expr ExprId(8231): Primitive(U64)
Expr ExprId(2637): Primitive(U64)
Expr ExprId(9228): Enum(SymbolId(65), [SemanticTypeId(793), SemanticTypeId(816)], [SemanticTypeId(793), SemanticTypeId(816)])
Expr ExprId(1013): Primitive(I32)
Expr ExprId(8127): Reference(LifetimeId(0), Immutable, SemanticTypeId(786))
Expr ExprId(11633): Primitive(U64)
Expr ExprId(1707): Pointer(Immutable, SemanticTypeId(526))
Expr ExprId(1952): Reference(LifetimeId(0), Immutable, SemanticTypeId(520))
Expr ExprId(2863): Primitive(Bool)
Expr ExprId(10504): Primitive(U64)
Expr ExprId(10313): Reference(LifetimeId(0), Immutable, SemanticTypeId(1074))
Expr ExprId(10141): Pointer(Mutable, SemanticTypeId(24))
Expr ExprId(5930): Enum(SymbolId(65), [SemanticTypeId(0), SemanticTypeId(830)], [SemanticTypeId(0), SemanticTypeId(830)])
Expr ExprId(8217): Primitive(Bool)
Expr ExprId(6429): Primitive(U64)
Expr ExprId(11338): Struct(SymbolId(549), [SemanticTypeId(893), SemanticTypeId(884)], [SemanticTypeId(895)])
Expr ExprId(607): Primitive(Bool)
Expr ExprId(4789): Primitive(U64)
Expr ExprId(4613): Primitive(Bool)
Expr ExprId(3992): Primitive(Bool)
Expr ExprId(1777): Function { params: [SemanticTypeId(709), SemanticTypeId(24)], return_type: SemanticTypeId(709) }
Expr ExprId(2478): Pointer(Mutable, SemanticTypeId(532))
Expr ExprId(7310): Primitive(U64)
Expr ExprId(6207): Primitive(I64)
Expr ExprId(3317): Primitive(Usize)
Expr ExprId(8748): Void
Expr ExprId(5694): Reference(LifetimeId(0), Immutable, SemanticTypeId(1776))
Expr ExprId(9332): Reference(LifetimeId(0), Immutable, SemanticTypeId(786))
Expr ExprId(2030): Function { params: [SemanticTypeId(717), SemanticTypeId(718), SemanticTypeId(24)], return_type: SemanticTypeId(0) }
Expr ExprId(10750): Void
Expr ExprId(4980): Primitive(Bool)
Expr ExprId(10637): Reference(LifetimeId(0), Mutable, SemanticTypeId(1078))
Expr ExprId(10825): Primitive(U8)
Expr ExprId(10733): Pointer(Mutable, SemanticTypeId(91))
Expr ExprId(7534): Primitive(Char)
Expr ExprId(5178): Primitive(U64)
Expr ExprId(5916): Enum(SymbolId(65), [SemanticTypeId(0), SemanticTypeId(830)], [SemanticTypeId(0), SemanticTypeId(830)])
Expr ExprId(7158): Primitive(I32)
Expr ExprId(1622): Primitive(U64)
Expr ExprId(4063): GenericParam(SymbolId(451))
Expr ExprId(7305): Primitive(U32)
Expr ExprId(4817): Primitive(U64)
Expr ExprId(8444): Primitive(U64)
Expr ExprId(1681): Primitive(U64)
Expr ExprId(8996): Primitive(U32)
Expr ExprId(2522): Reference(LifetimeId(0), Immutable, SemanticTypeId(532))
Expr ExprId(2595): Primitive(I32)
Expr ExprId(4297): Primitive(Bool)
Expr ExprId(6132): Enum(SymbolId(65), [SemanticTypeId(0), SemanticTypeId(830)], [SemanticTypeId(0), SemanticTypeId(830)])
Expr ExprId(9047): Primitive(U32)
Expr ExprId(6679): Primitive(I32)
Expr ExprId(9607): Pointer(Immutable, SemanticTypeId(91))
Expr ExprId(2219): Primitive(U64)
Expr ExprId(2718): Primitive(U64)
Expr ExprId(7222): Enum(SymbolId(65), [SemanticTypeId(0), SemanticTypeId(830)], [SemanticTypeId(0), SemanticTypeId(830)])
Expr ExprId(11026): Enum(SymbolId(58), [SemanticTypeId(1091)], [SemanticTypeId(1091), SemanticTypeId(0)])
Expr ExprId(8910): Primitive(Usize)
Expr ExprId(8973): Primitive(Bool)
Expr ExprId(8658): Primitive(U64)
Expr ExprId(7648): Primitive(U8)
Expr ExprId(9767): Pointer(Mutable, SemanticTypeId(91))
Expr ExprId(7024): Primitive(U64)
Expr ExprId(839): Reference(LifetimeId(0), Immutable, SemanticTypeId(7))
Expr ExprId(3155): Primitive(U64)
Expr ExprId(10831): Function { params: [SemanticTypeId(705), SemanticTypeId(24)], return_type: SemanticTypeId(705) }
Expr ExprId(10763): Primitive(U64)
Expr ExprId(11486): Struct(SymbolId(576), [SemanticTypeId(881)], [SemanticTypeId(932)])
Expr ExprId(11044): Reference(LifetimeId(0), Mutable, SemanticTypeId(1112))
Expr ExprId(7908): Primitive(U64)
Expr ExprId(1396): Primitive(U64)
Expr ExprId(250): Reference(LifetimeId(0), Mutable, SemanticTypeId(1869))
Expr ExprId(1867): Function { params: [SemanticTypeId(569), SemanticTypeId(569)], return_type: SemanticTypeId(3) }
Expr ExprId(2986): Enum(SymbolId(58), [SemanticTypeId(94)], [SemanticTypeId(94), SemanticTypeId(0)])
Expr ExprId(1771): Primitive(U64)
Expr ExprId(6073): Enum(SymbolId(65), [SemanticTypeId(0), SemanticTypeId(830)], [SemanticTypeId(0), SemanticTypeId(830)])
Expr ExprId(8431): Primitive(Bool)
Expr ExprId(8229): Primitive(U64)
Expr ExprId(8751): Primitive(U64)
Expr ExprId(9451): Primitive(U64)
Expr ExprId(3672): Enum(SymbolId(58), [SemanticTypeId(115)], [SemanticTypeId(115), SemanticTypeId(0)])
Expr ExprId(1856): Function { params: [SemanticTypeId(569), SemanticTypeId(569)], return_type: SemanticTypeId(3) }
Expr ExprId(3495): Struct(SymbolId(289), [SemanticTypeId(332)], [SemanticTypeId(332), SemanticTypeId(332)])
Expr ExprId(4116): Reference(LifetimeId(0), Immutable, SemanticTypeId(420))
Expr ExprId(2252): Pointer(Mutable, SemanticTypeId(518))
Expr ExprId(1330): Tuple([SemanticTypeId(632), SemanticTypeId(632)])
Expr ExprId(9030): Primitive(U8)
Expr ExprId(8152): Void
Expr ExprId(10324): Function { params: [SemanticTypeId(709), SemanticTypeId(24)], return_type: SemanticTypeId(709) }
Expr ExprId(4901): Void
Expr ExprId(4609): Reference(LifetimeId(0), Mutable, SemanticTypeId(1706))
Expr ExprId(2328): Primitive(U64)
Expr ExprId(7147): Primitive(U64)
Expr ExprId(9000): Primitive(U64)
Expr ExprId(8612): Primitive(U64)
Expr ExprId(9035): Primitive(U32)
Expr ExprId(7447): Reference(LifetimeId(0), Immutable, SemanticTypeId(786))
Expr ExprId(6281): Primitive(U32)
Expr ExprId(8857): Primitive(Bool)
Expr ExprId(7392): Primitive(U32)
Expr ExprId(3787): Primitive(Bool)
Expr ExprId(5889): Enum(SymbolId(467), [], [SemanticTypeId(0)])
Expr ExprId(297): Enum(SymbolId(65), [SemanticTypeId(1900), SemanticTypeId(1870)], [SemanticTypeId(1900), SemanticTypeId(1870)])
Expr ExprId(4854): Primitive(U64)
Expr ExprId(9827): Pointer(Mutable, SemanticTypeId(91))
Expr ExprId(9460): Primitive(U64)
Expr ExprId(769): Reference(LifetimeId(0), Immutable, SemanticTypeId(91))
Expr ExprId(3222): Primitive(U8)
Expr ExprId(10424): Primitive(U8)
Expr ExprId(6490): Primitive(U8)
Expr ExprId(8801): Reference(LifetimeId(0), Immutable, SemanticTypeId(786))
Expr ExprId(3947): Void
Expr ExprId(1750): Pointer(Mutable, SemanticTypeId(526))
Expr ExprId(6545): Primitive(Bool)
Expr ExprId(5994): Primitive(U128)
Expr ExprId(9359): Primitive(Usize)
Expr ExprId(4240): Primitive(I32)
Expr ExprId(4242): Primitive(I32)
Expr ExprId(3927): Enum(SymbolId(58), [SemanticTypeId(36)], [SemanticTypeId(36), SemanticTypeId(0)])
Expr ExprId(8669): Primitive(Bool)
Expr ExprId(2071): Function { params: [SemanticTypeId(572), SemanticTypeId(572)], return_type: SemanticTypeId(3) }
Expr ExprId(7664): Pointer(Immutable, SemanticTypeId(91))
Expr ExprId(2705): Primitive(U64)
Expr ExprId(4684): Primitive(U64)
Expr ExprId(5511): Void
Expr ExprId(7929): Pointer(Immutable, SemanticTypeId(91))
Expr ExprId(8845): Primitive(U64)
Expr ExprId(3870): Enum(SymbolId(58), [SemanticTypeId(124)], [SemanticTypeId(124), SemanticTypeId(0)])
Expr ExprId(8233): Void
Expr ExprId(6539): Primitive(I32)
Expr ExprId(1273): Primitive(U64)
Expr ExprId(9844): Primitive(U8)
Expr ExprId(10342): Reference(LifetimeId(0), Immutable, SemanticTypeId(1074))
Expr ExprId(6153): Primitive(I32)
Expr ExprId(8302): Primitive(U64)
Expr ExprId(1138): Primitive(I32)
Expr ExprId(7603): Pointer(Immutable, SemanticTypeId(91))
Expr ExprId(2761): Primitive(U64)
Expr ExprId(1845): Pointer(Immutable, SemanticTypeId(520))
Expr ExprId(10004): GenericParam(SymbolId(930))
Expr ExprId(3804): Primitive(Bool)
Expr ExprId(7731): Primitive(U64)
Expr ExprId(8079): Primitive(U64)
Expr ExprId(10070): Primitive(U64)
Expr ExprId(5578): Void
Expr ExprId(4499): Reference(LifetimeId(0), Mutable, SemanticTypeId(1706))
Expr ExprId(4556): Primitive(U64)
Expr ExprId(3231): Reference(LifetimeId(0), Immutable, SemanticTypeId(91))
Expr ExprId(1446): Pointer(Immutable, SemanticTypeId(3))
Expr ExprId(3585): Enum(SymbolId(58), [SemanticTypeId(83)], [SemanticTypeId(83), SemanticTypeId(0)])
Expr ExprId(244): Primitive(U64)
Expr ExprId(898): Primitive(I32)
Expr ExprId(5265): Primitive(U64)
Expr ExprId(5195): Primitive(U64)
Expr ExprId(4869): Primitive(U64)
Expr ExprId(9592): Primitive(I32)
Expr ExprId(5098): Primitive(U64)
Expr ExprId(4296): Primitive(U64)
Expr ExprId(3828): Void
Expr ExprId(8647): Reference(LifetimeId(0), Immutable, SemanticTypeId(786))
Expr ExprId(6239): Primitive(U64)
Expr ExprId(8873): Primitive(U64)
Expr ExprId(8086): Pointer(Immutable, SemanticTypeId(91))
Expr ExprId(1588): Pointer(Mutable, SemanticTypeId(542))
Expr ExprId(6954): Primitive(U64)
Expr ExprId(1063): Primitive(I128)
Expr ExprId(303): GenericParam(SymbolId(1210))
Expr ExprId(9442): Primitive(U64)
Expr ExprId(9521): Primitive(U64)
Expr ExprId(1088): Pointer(Immutable, SemanticTypeId(538))
Expr ExprId(1544): Primitive(U64)
Expr ExprId(5571): Primitive(I32)
Expr ExprId(3966): GenericParam(SymbolId(436))
Expr ExprId(589): Primitive(U64)
Expr ExprId(8317): Primitive(U64)
Expr ExprId(2409): Function { params: [SemanticTypeId(705), SemanticTypeId(24)], return_type: SemanticTypeId(705) }
Expr ExprId(4002): Primitive(I32)
Expr ExprId(9695): Enum(SymbolId(477), [], [SemanticTypeId(24), SemanticTypeId(24)])
Expr ExprId(8527): Primitive(U8)
Expr ExprId(9705): Primitive(U64)
Expr ExprId(11286): Enum(SymbolId(58), [SemanticTypeId(1285)], [SemanticTypeId(1285), SemanticTypeId(0)])
Expr ExprId(11410): Reference(LifetimeId(0), Immutable, SemanticTypeId(927))
Expr ExprId(5231): Primitive(U64)
Expr ExprId(11232): Void
Expr ExprId(4017): GenericParam(SymbolId(445))
Expr ExprId(7579): Primitive(U64)
Expr ExprId(1919): Void
Expr ExprId(6383): Primitive(U64)
Expr ExprId(6098): Primitive(Bool)
Expr ExprId(8499): Primitive(I32)
Expr ExprId(6393): Primitive(I32)
Expr ExprId(8278): Primitive(U8)
Expr ExprId(7607): Primitive(Char)
Expr ExprId(1939): Primitive(U64)
Expr ExprId(11225): Primitive(Bool)
Expr ExprId(9132): Primitive(Bool)
Expr ExprId(2521): GenericParam(SymbolId(1678))
Expr ExprId(184): Enum(SymbolId(58), [SemanticTypeId(1451)], [SemanticTypeId(1451), SemanticTypeId(0)])
Expr ExprId(11092): Reference(LifetimeId(0), Mutable, SemanticTypeId(1112))
Expr ExprId(10951): Primitive(U64)
Expr ExprId(1062): Reference(LifetimeId(0), Immutable, SemanticTypeId(758))
Expr ExprId(9256): Struct(SymbolId(351), [], [SemanticTypeId(789)])
Expr ExprId(6890): Primitive(U64)
Expr ExprId(9470): Function { params: [], return_type: SemanticTypeId(0) }
Expr ExprId(6238): Primitive(U64)
Expr ExprId(8725): Primitive(U64)
Expr ExprId(11399): Struct(SymbolId(576), [SemanticTypeId(881)], [SemanticTypeId(932)])
Expr ExprId(10367): Pointer(Mutable, SemanticTypeId(1074))
Expr ExprId(695): Primitive(U64)
Expr ExprId(5173): Function { params: [SemanticTypeId(702), SemanticTypeId(701)], return_type: SemanticTypeId(0) }
Expr ExprId(280): Enum(SymbolId(65), [SemanticTypeId(1869), SemanticTypeId(1870)], [SemanticTypeId(1869), SemanticTypeId(1870)])
Expr ExprId(5140): Pointer(Immutable, SemanticTypeId(1704))
Expr ExprId(337): Enum(SymbolId(65), [SemanticTypeId(1883), SemanticTypeId(1884)], [SemanticTypeId(1883), SemanticTypeId(1884)])
Expr ExprId(1421): Primitive(U64)
Expr ExprId(1712): Primitive(Bool)
Expr ExprId(8244): Enum(SymbolId(58), [SemanticTypeId(24)], [SemanticTypeId(24), SemanticTypeId(0)])
Expr ExprId(9665): GenericParam(SymbolId(930))
Expr ExprId(8209): Primitive(Bool)
Expr ExprId(5267): Primitive(I32)
Expr ExprId(10974): Primitive(U64)
Expr ExprId(2944): Tuple([SemanticTypeId(24), SemanticTypeId(38)])
Expr ExprId(4114): Reference(LifetimeId(0), Immutable, SemanticTypeId(420))
Expr ExprId(3923): Primitive(I8)
Expr ExprId(1025): Function { params: [], return_type: SemanticTypeId(0) }
Expr ExprId(3800): Primitive(I32)
Expr ExprId(7183): Primitive(U8)
Expr ExprId(7023): Primitive(I32)
Expr ExprId(3240): Primitive(Bool)
Expr ExprId(4340): Primitive(U64)
Expr ExprId(4110): Enum(SymbolId(58), [SemanticTypeId(420)], [SemanticTypeId(420), SemanticTypeId(0)])
Expr ExprId(6996): Function { params: [], return_type: SemanticTypeId(2) }
Expr ExprId(9289): Primitive(I32)
Expr ExprId(7152): Struct(SymbolId(351), [], [SemanticTypeId(789)])
Expr ExprId(5843): Enum(SymbolId(467), [], [SemanticTypeId(0)])
Expr ExprId(10277): GenericParam(SymbolId(931))
Expr ExprId(4614): Primitive(U64)
Expr ExprId(1505): Pointer(Immutable, SemanticTypeId(577))
Expr ExprId(9165): Primitive(U64)
Expr ExprId(10234): Primitive(U64)
Expr ExprId(10084): GenericParam(SymbolId(930))
Expr ExprId(221): Primitive(I32)
Expr ExprId(1743): Pointer(Immutable, SemanticTypeId(526))
Expr ExprId(6735): Primitive(U8)
Expr ExprId(10782): Primitive(U64)
Expr ExprId(9820): Enum(SymbolId(477), [], [SemanticTypeId(24), SemanticTypeId(24)])
Expr ExprId(10058): Function { params: [SemanticTypeId(709), SemanticTypeId(24)], return_type: SemanticTypeId(709) }
Expr ExprId(2577): Pointer(Mutable, SemanticTypeId(532))
Expr ExprId(3359): Primitive(I16)
Expr ExprId(10990): Primitive(I32)
Expr ExprId(9996): Primitive(U64)
Expr ExprId(1102): Reference(LifetimeId(0), Mutable, SemanticTypeId(540))
Expr ExprId(2554): GenericParam(SymbolId(1678))
Expr ExprId(7817): Primitive(U8)
Expr ExprId(7956): Primitive(String)
Expr ExprId(10621): Primitive(U64)
Expr ExprId(7420): Void
Expr ExprId(5168): Function { params: [SemanticTypeId(714)], return_type: SemanticTypeId(713) }
Expr ExprId(6175): Enum(SymbolId(65), [SemanticTypeId(0), SemanticTypeId(830)], [SemanticTypeId(0), SemanticTypeId(830)])
Expr ExprId(8804): Primitive(U64)
Expr ExprId(638): Function { params: [SemanticTypeId(1665), SemanticTypeId(1665)], return_type: SemanticTypeId(0) }
Expr ExprId(3374): Primitive(Bool)
Expr ExprId(4157): Function { params: [], return_type: SemanticTypeId(24) }
Expr ExprId(4636): Primitive(Bool)
Expr ExprId(9311): Primitive(U64)
Expr ExprId(9503): Primitive(U64)
Expr ExprId(6138): Primitive(I32)
Expr ExprId(8166): Primitive(Bool)
Expr ExprId(1261): Primitive(U64)
Expr ExprId(7574): Reference(LifetimeId(0), Mutable, SemanticTypeId(794))
Expr ExprId(9290): Primitive(U8)
Expr ExprId(9729): Void
Expr ExprId(6265): Primitive(Char)
Expr ExprId(208): Primitive(Bool)
Expr ExprId(7237): Primitive(U8)
Expr ExprId(9998): Void
Expr ExprId(7317): Primitive(U32)
Expr ExprId(2117): Primitive(U64)
Expr ExprId(10103): Primitive(I32)
Expr ExprId(3617): Struct(SymbolId(319), [SemanticTypeId(116), SemanticTypeId(113), SemanticTypeId(286), SemanticTypeId(261)], [SemanticTypeId(116), SemanticTypeId(287), SemanticTypeId(365)])
Expr ExprId(3735): GenericParam(SymbolId(403))
Expr ExprId(6387): Primitive(U8)
Expr ExprId(8937): Primitive(U64)
Expr ExprId(4645): Enum(SymbolId(58), [SemanticTypeId(1719)], [SemanticTypeId(1719), SemanticTypeId(0)])
Expr ExprId(7872): Primitive(I32)
Expr ExprId(6031): Function { params: [SemanticTypeId(141), SemanticTypeId(1573)], return_type: SemanticTypeId(831) }
Expr ExprId(7313): Primitive(U8)
Expr ExprId(3953): Enum(SymbolId(58), [SemanticTypeId(3)], [SemanticTypeId(3), SemanticTypeId(0)])
Expr ExprId(1114): Primitive(U64)
Expr ExprId(10465): Pointer(Mutable, SemanticTypeId(91))
Expr ExprId(9900): Function { params: [SemanticTypeId(702), SemanticTypeId(701)], return_type: SemanticTypeId(0) }
Expr ExprId(11074): Enum(SymbolId(58), [SemanticTypeId(1146)], [SemanticTypeId(1146), SemanticTypeId(0)])
Expr ExprId(6785): Struct(SymbolId(351), [], [SemanticTypeId(789)])
Expr ExprId(5941): Reference(LifetimeId(0), Mutable, SemanticTypeId(1549))
Expr ExprId(6467): Primitive(Bool)
Expr ExprId(4699): Primitive(Bool)
Expr ExprId(10333): Reference(LifetimeId(0), Immutable, SemanticTypeId(1078))
Expr ExprId(11607): Struct(SymbolId(121), [SemanticTypeId(3)], [SemanticTypeId(551), SemanticTypeId(551)])
Expr ExprId(11227): Struct(SymbolId(480), [SemanticTypeId(1264), SemanticTypeId(1265)], [SemanticTypeId(788), SemanticTypeId(885), SemanticTypeId(1266), SemanticTypeId(1267), SemanticTypeId(24), SemanticTypeId(24), SemanticTypeId(24)])
Expr ExprId(6300): Primitive(I16)
Expr ExprId(595): Primitive(U8)
Expr ExprId(5095): Primitive(U64)
Expr ExprId(11220): Reference(LifetimeId(0), Immutable, SemanticTypeId(1264))
Expr ExprId(9268): Primitive(I32)
Expr ExprId(8095): Primitive(U64)
Expr ExprId(7370): Reference(LifetimeId(0), Mutable, SemanticTypeId(806))
Expr ExprId(8831): Primitive(U64)
Expr ExprId(10812): Primitive(U64)
Expr ExprId(2306): Pointer(Mutable, SemanticTypeId(518))
Expr ExprId(9147): Primitive(U64)
Expr ExprId(8769): Void
Expr ExprId(10664): Primitive(U64)
Expr ExprId(3005): Enum(SymbolId(58), [SemanticTypeId(44)], [SemanticTypeId(44), SemanticTypeId(0)])
Expr ExprId(2784): Primitive(U64)
Expr ExprId(5785): Primitive(I64)
Expr ExprId(3656): GenericParam(SymbolId(728))
Expr ExprId(6192): Function { params: [SemanticTypeId(24), SemanticTypeId(1592)], return_type: SemanticTypeId(831) }
Expr ExprId(9412): Primitive(I32)
Expr ExprId(6059): Enum(SymbolId(65), [SemanticTypeId(0), SemanticTypeId(830)], [SemanticTypeId(0), SemanticTypeId(830)])
Expr ExprId(9973): Function { params: [SemanticTypeId(709), SemanticTypeId(24)], return_type: SemanticTypeId(709) }
Expr ExprId(1668): GenericParam(SymbolId(1630))
Expr ExprId(500): Pointer(Mutable, SemanticTypeId(91))
Expr ExprId(9420): Primitive(I32)
Expr ExprId(2119): Function { params: [SemanticTypeId(536), SemanticTypeId(24), SemanticTypeId(24), SemanticTypeId(24), SemanticTypeId(573)], return_type: SemanticTypeId(0) }
Expr ExprId(11231): Struct(SymbolId(480), [SemanticTypeId(1264), SemanticTypeId(1265)], [SemanticTypeId(788), SemanticTypeId(885), SemanticTypeId(1266), SemanticTypeId(1267), SemanticTypeId(24), SemanticTypeId(24), SemanticTypeId(24)])
Expr ExprId(6221): Function { params: [SemanticTypeId(758), SemanticTypeId(1585)], return_type: SemanticTypeId(831) }
Expr ExprId(7000): Primitive(U64)
Expr ExprId(8055): Primitive(U64)
Expr ExprId(979): GenericParam(SymbolId(524))
Expr ExprId(6567): Primitive(Bool)
Expr ExprId(3652): Enum(SymbolId(58), [SemanticTypeId(69)], [SemanticTypeId(69), SemanticTypeId(0)])
Expr ExprId(2466): Primitive(U64)
Expr ExprId(1380): Primitive(U64)
Expr ExprId(9057): Primitive(U8)
Expr ExprId(7715): Primitive(U32)
Expr ExprId(4747): Reference(LifetimeId(0), Mutable, SemanticTypeId(1706))
Expr ExprId(1663): Function { params: [SemanticTypeId(705), SemanticTypeId(24)], return_type: SemanticTypeId(705) }
Expr ExprId(9252): Enum(SymbolId(58), [SemanticTypeId(790)], [SemanticTypeId(790), SemanticTypeId(0)])
Expr ExprId(7156): Reference(LifetimeId(0), Immutable, SemanticTypeId(790))
Expr ExprId(4580): Pointer(Immutable, SemanticTypeId(1704))
Expr ExprId(3197): Void
Expr ExprId(3142): Primitive(Bool)
Expr ExprId(1485): GenericParam(SymbolId(1618))
Expr ExprId(2276): Pointer(Mutable, SemanticTypeId(518))
Expr ExprId(8718): Primitive(U64)
Expr ExprId(6640): Primitive(U32)
Expr ExprId(1486): Primitive(Bool)
Expr ExprId(10734): Reference(LifetimeId(0), Mutable, SemanticTypeId(1078))
Expr ExprId(6849): Primitive(U64)
Expr ExprId(7054): Primitive(Bool)
Expr ExprId(749): Reference(LifetimeId(0), Immutable, SemanticTypeId(141))
Expr ExprId(8978): Primitive(U8)
Expr ExprId(2756): Primitive(U64)
Expr ExprId(10832): Pointer(Immutable, SemanticTypeId(91))
Expr ExprId(10992): Primitive(Bool)
Expr ExprId(6039): Reference(LifetimeId(0), Mutable, SemanticTypeId(1564))
Expr ExprId(6028): Primitive(I128)
Expr ExprId(5905): Reference(LifetimeId(0), Mutable, SemanticTypeId(1619))
Expr ExprId(1417): Primitive(Bool)
Expr ExprId(11069): Reference(LifetimeId(0), Immutable, SemanticTypeId(1096))
Expr ExprId(11147): Pointer(Immutable, SemanticTypeId(1109))
Expr ExprId(2132): Primitive(I32)
Expr ExprId(11481): Primitive(Bool)
Expr ExprId(7580): Primitive(U64)
Expr ExprId(6585): Primitive(Bool)
Expr ExprId(6080): Enum(SymbolId(65), [SemanticTypeId(0), SemanticTypeId(830)], [SemanticTypeId(0), SemanticTypeId(830)])
Expr ExprId(2130): Primitive(I32)
Expr ExprId(4373): Reference(LifetimeId(0), Mutable, SemanticTypeId(1757))
Expr ExprId(4607): Primitive(U64)
Expr ExprId(4659): Function { params: [SemanticTypeId(709), SemanticTypeId(24)], return_type: SemanticTypeId(709) }
Expr ExprId(9114): Primitive(Bool)
Expr ExprId(7133): Reference(LifetimeId(0), Immutable, SemanticTypeId(786))
Expr ExprId(1726): Primitive(U64)
Expr ExprId(1645): Primitive(Bool)
Expr ExprId(8245): Primitive(I32)
Expr ExprId(2126): Primitive(I32)
Expr ExprId(9436): Void
Expr ExprId(1026): Void
Expr ExprId(2388): Primitive(U64)
Expr ExprId(5535): Primitive(U64)
Expr ExprId(11645): Void
Expr ExprId(2299): Pointer(Immutable, SemanticTypeId(518))
Expr ExprId(2695): Primitive(Bool)
Expr ExprId(9850): Function { params: [SemanticTypeId(709), SemanticTypeId(24)], return_type: SemanticTypeId(709) }
Expr ExprId(4805): Primitive(U64)
Expr ExprId(5412): Primitive(U64)
Expr ExprId(1513): Primitive(Bool)
Expr ExprId(7720): Primitive(U64)
Expr ExprId(6102): Enum(SymbolId(65), [SemanticTypeId(0), SemanticTypeId(830)], [SemanticTypeId(0), SemanticTypeId(830)])
Expr ExprId(5137): Pointer(Immutable, SemanticTypeId(1704))
Expr ExprId(10329): Reference(LifetimeId(0), Mutable, SemanticTypeId(1075))
Expr ExprId(11100): Primitive(U8)
Expr ExprId(630): Primitive(U64)
Expr ExprId(3594): Enum(SymbolId(58), [SemanticTypeId(84)], [SemanticTypeId(84), SemanticTypeId(0)])
Expr ExprId(6787): Struct(SymbolId(351), [], [SemanticTypeId(789)])
Expr ExprId(4160): Function { params: [], return_type: SemanticTypeId(24) }
Expr ExprId(7034): Primitive(Bool)
Expr ExprId(8687): Primitive(U64)
Expr ExprId(7636): Primitive(U8)
Expr ExprId(6075): Primitive(Char)
Expr ExprId(8146): Primitive(Bool)
Expr ExprId(7589): Primitive(U32)
Expr ExprId(270): Enum(SymbolId(58), [SemanticTypeId(1870)], [SemanticTypeId(1870), SemanticTypeId(0)])
Expr ExprId(11222): Reference(LifetimeId(0), Immutable, SemanticTypeId(1269))
Expr ExprId(2102): Primitive(U64)
Expr ExprId(8728): Reference(LifetimeId(0), Immutable, SemanticTypeId(786))
Expr ExprId(6656): Primitive(U32)
Expr ExprId(8260): Primitive(I32)
Expr ExprId(11113): Enum(SymbolId(58), [SemanticTypeId(1143)], [SemanticTypeId(1143), SemanticTypeId(0)])
Expr ExprId(9013): Primitive(U32)
Expr ExprId(8044): Primitive(I32)
Expr ExprId(6552): Primitive(U8)
Expr ExprId(2882): GenericParam(SymbolId(163))
Expr ExprId(4124): Enum(SymbolId(58), [SemanticTypeId(420)], [SemanticTypeId(420), SemanticTypeId(0)])
Expr ExprId(1193): Pointer(Immutable, SemanticTypeId(633))
Expr ExprId(7706): Primitive(I32)
Expr ExprId(1900): Function { params: [SemanticTypeId(709), SemanticTypeId(24)], return_type: SemanticTypeId(709) }
Expr ExprId(8300): Primitive(U64)
Expr ExprId(808): Primitive(U32)
Expr ExprId(5588): Void
Expr ExprId(5885): Primitive(Char)
Expr ExprId(2902): GenericParam(SymbolId(757))
Expr ExprId(540): Pointer(Mutable, SemanticTypeId(91))
Expr ExprId(6807): Primitive(I32)
Expr ExprId(2921): Enum(SymbolId(58), [SemanticTypeId(29)], [SemanticTypeId(29), SemanticTypeId(0)])
Expr ExprId(2114): Primitive(I32)
Expr ExprId(1905): Function { params: [SemanticTypeId(709), SemanticTypeId(24)], return_type: SemanticTypeId(709) }
Expr ExprId(2517): Pointer(Immutable, SemanticTypeId(532))
Expr ExprId(9039): Primitive(U64)
Expr ExprId(9253): Enum(SymbolId(58), [SemanticTypeId(790)], [SemanticTypeId(790), SemanticTypeId(0)])
Expr ExprId(8308): Reference(LifetimeId(0), Immutable, SemanticTypeId(786))
Expr ExprId(8516): Primitive(U64)
Expr ExprId(10843): Primitive(U64)
Expr ExprId(10466): Reference(LifetimeId(0), Mutable, SemanticTypeId(1078))
Expr ExprId(10736): Primitive(I32)
Expr ExprId(10496): Primitive(U64)
Expr ExprId(1823): GenericParam(SymbolId(1637))
Expr ExprId(10833): Primitive(U8)
Expr ExprId(8438): Primitive(U64)
Expr ExprId(6103): Reference(LifetimeId(0), Mutable, SemanticTypeId(1593))
Expr ExprId(5592): Primitive(U64)
Expr ExprId(1630): Primitive(U64)
Expr ExprId(10485): Primitive(Bool)
Expr ExprId(3445): Enum(SymbolId(58), [SemanticTypeId(105)], [SemanticTypeId(105), SemanticTypeId(0)])
Expr ExprId(2710): Enum(SymbolId(58), [SemanticTypeId(24)], [SemanticTypeId(24), SemanticTypeId(0)])
Expr ExprId(949): GenericParam(SymbolId(520))
Expr ExprId(10725): Primitive(U64)
Expr ExprId(1679): Primitive(U64)
Expr ExprId(8477): Primitive(U64)
Expr ExprId(2839): Reference(LifetimeId(0), Immutable, SemanticTypeId(635))
Expr ExprId(561): Pointer(Mutable, SemanticTypeId(1677))
Expr ExprId(8936): Void
Expr ExprId(8823): Primitive(I32)
Expr ExprId(3390): Reference(LifetimeId(0), Immutable, SemanticTypeId(141))
Expr ExprId(1404): Function { params: [SemanticTypeId(705), SemanticTypeId(24)], return_type: SemanticTypeId(705) }
Expr ExprId(6230): Reference(LifetimeId(0), Mutable, SemanticTypeId(1537))
Expr ExprId(3352): Primitive(I16)
Expr ExprId(10229): Primitive(U64)
Expr ExprId(2377): Function { params: [SemanticTypeId(702), SemanticTypeId(701)], return_type: SemanticTypeId(0) }
Expr ExprId(1839): Pointer(Mutable, SemanticTypeId(520))
Expr ExprId(7255): Primitive(I32)
Expr ExprId(4385): Primitive(U64)
Expr ExprId(8574): Primitive(U64)
Expr ExprId(9500): Function { params: [SemanticTypeId(24), SemanticTypeId(24)], return_type: SemanticTypeId(788) }
Expr ExprId(847): Primitive(U128)
Expr ExprId(5775): Primitive(I32)
Expr ExprId(3916): Primitive(Usize)
Expr ExprId(2572): Primitive(U64)
Expr ExprId(6223): Primitive(I128)
Expr ExprId(4232): Pointer(Mutable, SemanticTypeId(1843))
Expr ExprId(8100): Primitive(U64)
Expr ExprId(1228): Function { params: [SemanticTypeId(611)], return_type: SemanticTypeId(660) }
Expr ExprId(10508): Primitive(U64)
Expr ExprId(5093): Primitive(U64)
Expr ExprId(2073): Primitive(U64)
Expr ExprId(11494): Struct(SymbolId(579), [SemanticTypeId(881)], [SemanticTypeId(926)])
Expr ExprId(9818): Reference(LifetimeId(0), Immutable, SemanticTypeId(1074))
Expr ExprId(9944): Primitive(U8)
Expr ExprId(2896): Reference(LifetimeId(0), Mutable, SemanticTypeId(304))
Expr ExprId(8643): Primitive(U64)
Expr ExprId(4219): Void
Expr ExprId(323): Enum(SymbolId(65), [SemanticTypeId(1887), SemanticTypeId(1876)], [SemanticTypeId(1887), SemanticTypeId(1876)])
Expr ExprId(6836): Pointer(Immutable, SemanticTypeId(91))
Expr ExprId(11499): Void
Expr ExprId(590): Primitive(U64)
Expr ExprId(1860): Function { params: [SemanticTypeId(709), SemanticTypeId(24)], return_type: SemanticTypeId(709) }
Expr ExprId(5019): Primitive(U64)
Expr ExprId(3671): Reference(LifetimeId(0), Mutable, SemanticTypeId(321))
Expr ExprId(2867): GenericParam(SymbolId(163))
Expr ExprId(2857): Primitive(U64)
Expr ExprId(1661): Primitive(U64)
Expr ExprId(8981): Primitive(U32)
Expr ExprId(6596): Primitive(Bool)
Expr ExprId(10024): Primitive(I32)
Expr ExprId(9045): Primitive(U32)
Expr ExprId(2558): Primitive(U64)
Expr ExprId(3901): Primitive(U64)
Expr ExprId(4253): Primitive(I32)
Expr ExprId(5275): GenericParam(SymbolId(1163))
Expr ExprId(11608): Function { params: [SemanticTypeId(129)], return_type: SemanticTypeId(4) }
Expr ExprId(2851): Primitive(U64)
Expr ExprId(7792): Void
Expr ExprId(1341): Primitive(I32)
Expr ExprId(2580): Pointer(Mutable, SemanticTypeId(532))
Expr ExprId(9403): GenericParam(SymbolId(873))
Expr ExprId(7436): Primitive(U64)
Expr ExprId(4139): Function { params: [SemanticTypeId(431), SemanticTypeId(431)], return_type: SemanticTypeId(3) }
Expr ExprId(4093): Function { params: [SemanticTypeId(403)], return_type: SemanticTypeId(412) }
Expr ExprId(2116): Primitive(U64)
Expr ExprId(6459): Primitive(Bool)
Expr ExprId(4726): Primitive(U64)
Expr ExprId(4788): Primitive(Bool)
Expr ExprId(2987): Enum(SymbolId(58), [SemanticTypeId(94)], [SemanticTypeId(94), SemanticTypeId(0)])
Expr ExprId(3589): Enum(SymbolId(58), [SemanticTypeId(84)], [SemanticTypeId(84), SemanticTypeId(0)])
Expr ExprId(193): GenericParam(SymbolId(1020))
Expr ExprId(795): Primitive(U16)
Expr ExprId(5779): Enum(SymbolId(65), [SemanticTypeId(0), SemanticTypeId(830)], [SemanticTypeId(0), SemanticTypeId(830)])
Expr ExprId(5316): Pointer(Mutable, SemanticTypeId(1704))
Expr ExprId(7680): Primitive(U64)
Expr ExprId(1407): Primitive(I32)
Expr ExprId(11358): Primitive(Bool)
Expr ExprId(1710): Primitive(I32)
Expr ExprId(391): Enum(SymbolId(65), [SemanticTypeId(1196), SemanticTypeId(1207)], [SemanticTypeId(1196), SemanticTypeId(1207)])
Expr ExprId(531): Primitive(U64)
Expr ExprId(4845): Primitive(U64)
Expr ExprId(5508): Primitive(I32)
Expr ExprId(1518): Pointer(Mutable, SemanticTypeId(577))
Expr ExprId(4349): Primitive(U64)
Expr ExprId(9621): Enum(SymbolId(477), [], [SemanticTypeId(24), SemanticTypeId(24)])
Expr ExprId(11575): Function { params: [], return_type: SemanticTypeId(1057) }
Expr ExprId(4332): Primitive(U64)
Expr ExprId(4080): Void
Expr ExprId(9108): Function { params: [SemanticTypeId(91)], return_type: SemanticTypeId(4) }
Expr ExprId(8193): Primitive(U64)
Expr ExprId(7940): Primitive(I32)
Expr ExprId(7544): Reference(LifetimeId(0), Mutable, SemanticTypeId(794))
Expr ExprId(7758): Primitive(Char)
Expr ExprId(11543): GenericParam(SymbolId(563))
Expr ExprId(403): Enum(SymbolId(9), [SemanticTypeId(1197), SemanticTypeId(1216)], [SemanticTypeId(1216), SemanticTypeId(1197)])
Expr ExprId(6575): Primitive(Bool)
Expr ExprId(5770): Primitive(U64)
Expr ExprId(2936): Void
Expr ExprId(3859): Primitive(U8)
Expr ExprId(4603): Reference(LifetimeId(0), Mutable, SemanticTypeId(1704))
Expr ExprId(307): Enum(SymbolId(65), [SemanticTypeId(1869), SemanticTypeId(1897)], [SemanticTypeId(1869), SemanticTypeId(1897)])
Expr ExprId(9136): Primitive(U64)
Expr ExprId(3690): GenericParam(SymbolId(392))
Expr ExprId(6244): Primitive(U64)
Expr ExprId(10762): Primitive(U64)
Expr ExprId(11110): GenericParam(SymbolId(926))
Expr ExprId(5946): Primitive(String)
Expr ExprId(8153): Primitive(Bool)
Expr ExprId(7902): Primitive(U32)
Expr ExprId(9823): Reference(LifetimeId(0), Mutable, SemanticTypeId(1078))
Expr ExprId(2636): Function { params: [SemanticTypeId(533), SemanticTypeId(24), SemanticTypeId(24)], return_type: SemanticTypeId(24) }
Expr ExprId(4619): Void
Expr ExprId(10607): Pointer(Immutable, SemanticTypeId(91))
Expr ExprId(11275): Struct(SymbolId(549), [SemanticTypeId(1295), SemanticTypeId(1296)], [SemanticTypeId(1299)])
Expr ExprId(1916): Primitive(I32)
Expr ExprId(1148): Reference(LifetimeId(0), Mutable, SemanticTypeId(581))
Expr ExprId(2356): Primitive(U64)
Expr ExprId(6558): Primitive(U8)
Expr ExprId(3889): Primitive(U32)
Expr ExprId(7155): Primitive(Bool)
Expr ExprId(801): Reference(LifetimeId(0), Immutable, SemanticTypeId(8))
Expr ExprId(11496): GenericParam(SymbolId(897))
Expr ExprId(9368): Primitive(U64)
Expr ExprId(6908): Primitive(String)
Expr ExprId(7558): Reference(LifetimeId(0), Mutable, SemanticTypeId(794))
Expr ExprId(4007): GenericParam(SymbolId(442))
Expr ExprId(5233): Function { params: [], return_type: SemanticTypeId(1704) }
Expr ExprId(4999): Primitive(U64)
Expr ExprId(6935): Primitive(Bool)
Expr ExprId(2847): Primitive(U64)
Expr ExprId(10597): Primitive(U64)
Expr ExprId(2115): Primitive(U64)
Expr ExprId(7073): Primitive(U64)
Expr ExprId(10820): Reference(LifetimeId(0), Mutable, SemanticTypeId(1105))
Expr ExprId(6349): Primitive(U64)
Expr ExprId(6076): Enum(SymbolId(65), [SemanticTypeId(0), SemanticTypeId(830)], [SemanticTypeId(0), SemanticTypeId(830)])
Expr ExprId(1153): Primitive(U64)
Expr ExprId(9881): Primitive(U64)
Expr ExprId(11208): Primitive(Bool)
Expr ExprId(9402): GenericParam(SymbolId(873))
Expr ExprId(3400): Reference(LifetimeId(0), Immutable, SemanticTypeId(15))
Expr ExprId(952): Primitive(I32)
Expr ExprId(5977): Primitive(U16)
Expr ExprId(3350): Primitive(Bool)
Expr ExprId(5590): Primitive(U64)
Expr ExprId(9714): Enum(SymbolId(477), [], [SemanticTypeId(24), SemanticTypeId(24)])
Expr ExprId(6063): Primitive(Bool)
Expr ExprId(5859): Primitive(I128)
Expr ExprId(7790): Primitive(U64)
Expr ExprId(10384): Pointer(Mutable, SemanticTypeId(91))
Expr ExprId(9513): Pointer(Mutable, SemanticTypeId(24))
Expr ExprId(10671): Function { params: [SemanticTypeId(709), SemanticTypeId(24)], return_type: SemanticTypeId(709) }
Expr ExprId(2302): Primitive(U64)
Expr ExprId(9495): Primitive(U64)
Expr ExprId(1116): Pointer(Immutable, SemanticTypeId(538))
Expr ExprId(4294): Primitive(U64)
Expr ExprId(5036): Primitive(U64)
Expr ExprId(6406): Primitive(U8)
Expr ExprId(5418): Pointer(Mutable, SemanticTypeId(1704))
Expr ExprId(3628): Enum(SymbolId(58), [SemanticTypeId(115)], [SemanticTypeId(115), SemanticTypeId(0)])
Expr ExprId(4171): Void
Expr ExprId(6742): Primitive(U32)
Expr ExprId(4370): GenericParam(SymbolId(1184))
Expr ExprId(6753): Primitive(U64)
Expr ExprId(3169): Primitive(U64)
Expr ExprId(1229): Struct(SymbolId(125), [SemanticTypeId(598)], [SemanticTypeId(646), SemanticTypeId(646)])
Expr ExprId(4368): Pointer(Immutable, SemanticTypeId(1755))
Expr ExprId(3542): Reference(LifetimeId(0), Mutable, SemanticTypeId(172))
Expr ExprId(6611): Primitive(Bool)
Expr ExprId(10108): Primitive(U64)
Expr ExprId(1151): Pointer(Mutable, SemanticTypeId(506))
Expr ExprId(11258): Reference(LifetimeId(0), Immutable, SemanticTypeId(1300))
Expr ExprId(4474): Reference(LifetimeId(0), Mutable, SemanticTypeId(1706))
Expr ExprId(1009): Primitive(I32)
Expr ExprId(6885): Reference(LifetimeId(0), Immutable, SemanticTypeId(790))
Expr ExprId(11404): Struct(SymbolId(579), [SemanticTypeId(881)], [SemanticTypeId(926)])
Expr ExprId(4760): Pointer(Mutable, SemanticTypeId(1704))
Expr ExprId(5109): Primitive(U64)
Expr ExprId(6487): Primitive(I32)
Expr ExprId(8682): Function { params: [], return_type: SemanticTypeId(790) }
Expr ExprId(7549): Reference(LifetimeId(0), Mutable, SemanticTypeId(794))
Expr ExprId(328): Enum(SymbolId(65), [SemanticTypeId(1887), SemanticTypeId(1876)], [SemanticTypeId(1887), SemanticTypeId(1876)])
Expr ExprId(8945): Primitive(U32)
Expr ExprId(10916): Primitive(U64)
Expr ExprId(3017): Struct(SymbolId(174), [SemanticTypeId(76), SemanticTypeId(234)], [SemanticTypeId(76), SemanticTypeId(236)])
Expr ExprId(2256): Primitive(U64)
Expr ExprId(1601): Pointer(Immutable, SemanticTypeId(542))
Expr ExprId(9264): Primitive(U64)
Expr ExprId(3726): GenericParam(SymbolId(399))
Expr ExprId(6551): Primitive(Bool)
Expr ExprId(910): Primitive(I32)
Expr ExprId(7861): Primitive(U64)
Expr ExprId(4204): Reference(LifetimeId(0), Immutable, SemanticTypeId(1848))
Expr ExprId(9690): Void
Expr ExprId(2062): Primitive(U64)
Expr ExprId(3680): GenericParam(SymbolId(394))
Expr ExprId(9143): Struct(SymbolId(351), [], [SemanticTypeId(789)])
Expr ExprId(5437): Reference(LifetimeId(0), Mutable, SemanticTypeId(1706))
Expr ExprId(5510): Function { params: [SemanticTypeId(717), SemanticTypeId(718), SemanticTypeId(24)], return_type: SemanticTypeId(0) }
Expr ExprId(9687): Primitive(U64)
Expr ExprId(3257): Primitive(U16)
Expr ExprId(9989): Function { params: [SemanticTypeId(702), SemanticTypeId(701)], return_type: SemanticTypeId(0) }
Expr ExprId(11138): Primitive(U8)
Expr ExprId(4438): Primitive(U64)
Expr ExprId(8175): Primitive(Bool)
Expr ExprId(243): Pointer(Mutable, SemanticTypeId(1871))
Expr ExprId(8049): Primitive(U64)
Expr ExprId(9573): Primitive(I32)
Expr ExprId(9026): Primitive(U64)
Expr ExprId(3747): Primitive(Bool)
Expr ExprId(6326): Function { params: [SemanticTypeId(24)], return_type: SemanticTypeId(24) }
Expr ExprId(6438): Primitive(U8)
Expr ExprId(1993): Primitive(U64)
Expr ExprId(8242): Primitive(U64)
Expr ExprId(7546): Primitive(U64)
Expr ExprId(3734): Primitive(Bool)
Expr ExprId(6940): Primitive(U64)
Expr ExprId(6829): Pointer(Immutable, SemanticTypeId(91))
Expr ExprId(9918): Reference(LifetimeId(0), Mutable, SemanticTypeId(1078))
Expr ExprId(5167): Pointer(Immutable, SemanticTypeId(1704))
Expr ExprId(1246): Enum(SymbolId(58), [SemanticTypeId(616)], [SemanticTypeId(616), SemanticTypeId(0)])
Expr ExprId(7085): Reference(LifetimeId(0), Immutable, SemanticTypeId(786))
Expr ExprId(826): Primitive(Bool)
Expr ExprId(6045): Enum(SymbolId(65), [SemanticTypeId(0), SemanticTypeId(830)], [SemanticTypeId(0), SemanticTypeId(830)])
Expr ExprId(431): GenericParam(SymbolId(90))
Expr ExprId(491): Pointer(Immutable, SemanticTypeId(91))
Expr ExprId(3324): Primitive(I8)
Expr ExprId(7986): Primitive(Bool)
Expr ExprId(447): Primitive(U64)
Expr ExprId(2454): Primitive(U64)
Expr ExprId(4525): GenericParam(SymbolId(2871))
Expr ExprId(7419): Primitive(U64)
Expr ExprId(8990): Primitive(U8)
Expr ExprId(5338): Primitive(U64)
Expr ExprId(849): Primitive(I32)
Expr ExprId(1784): Function { params: [SemanticTypeId(569), SemanticTypeId(569)], return_type: SemanticTypeId(3) }
Expr ExprId(1238): Enum(SymbolId(58), [SemanticTypeId(616)], [SemanticTypeId(616), SemanticTypeId(0)])
Expr ExprId(3998): Primitive(I32)
Expr ExprId(9910): Primitive(Bool)
Expr ExprId(10416): Primitive(Bool)
Expr ExprId(9839): Primitive(U64)
Expr ExprId(7254): Primitive(U32)
Expr ExprId(3526): Function { params: [SemanticTypeId(159)], return_type: SemanticTypeId(4) }
Expr ExprId(598): Primitive(U64)
Expr ExprId(7190): Primitive(U64)
Expr ExprId(7614): Pointer(Immutable, SemanticTypeId(91))
Expr ExprId(8344): Primitive(Bool)
Expr ExprId(9394): Enum(SymbolId(374), [], [SemanticTypeId(6), SemanticTypeId(790)])
Expr ExprId(2604): Primitive(U64)
Expr ExprId(6636): Reference(LifetimeId(0), Mutable, SemanticTypeId(789))
Expr ExprId(3143): Struct(SymbolId(251), [SemanticTypeId(263), SemanticTypeId(164)], [SemanticTypeId(263), SemanticTypeId(166), SemanticTypeId(4)])
Expr ExprId(10989): Primitive(U8)
Expr ExprId(9183): Primitive(I32)
Expr ExprId(5894): Primitive(Bool)
Expr ExprId(5664): Reference(LifetimeId(0), Mutable, SemanticTypeId(1790))
Expr ExprId(4494): Primitive(U64)
Expr ExprId(10287): Primitive(U64)
Expr ExprId(2587): Pointer(Mutable, SemanticTypeId(532))
Expr ExprId(2732): Primitive(Bool)
Expr ExprId(6576): Primitive(Bool)
Expr ExprId(6720): Primitive(U32)
Expr ExprId(2516): Function { params: [SemanticTypeId(705), SemanticTypeId(24)], return_type: SemanticTypeId(705) }
Expr ExprId(10697): Primitive(U64)
Expr ExprId(10133): Void
Expr ExprId(10922): Primitive(U64)
Expr ExprId(11296): GenericParam(SymbolId(985))
Expr ExprId(6210): Function { params: [SemanticTypeId(141), SemanticTypeId(1573)], return_type: SemanticTypeId(831) }
Expr ExprId(9967): Primitive(U64)
Expr ExprId(283): GenericParam(SymbolId(1210))
Expr ExprId(1576): Function { params: [SemanticTypeId(589), SemanticTypeId(589)], return_type: SemanticTypeId(3) }
Expr ExprId(2837): Primitive(U64)
Expr ExprId(8741): Primitive(Bool)
Expr ExprId(7577): Primitive(U64)
Expr ExprId(6009): Function { params: [SemanticTypeId(141), SemanticTypeId(1573)], return_type: SemanticTypeId(831) }
Expr ExprId(1155): Pointer(Mutable, SemanticTypeId(506))
Expr ExprId(7103): Primitive(U64)
Expr ExprId(9939): Function { params: [SemanticTypeId(709), SemanticTypeId(24)], return_type: SemanticTypeId(709) }
Expr ExprId(2897): GenericParam(SymbolId(756))
Expr ExprId(8249): Reference(LifetimeId(0), Immutable, SemanticTypeId(786))
Expr ExprId(7079): Void
Expr ExprId(4827): Primitive(U64)
Expr ExprId(5091): Void
Expr ExprId(8678): Primitive(U64)
Expr ExprId(3391): Primitive(I64)
Expr ExprId(10266): Pointer(Mutable, SemanticTypeId(1075))
Expr ExprId(10069): Primitive(I32)
Expr ExprId(225): GenericParam(SymbolId(1210))
Expr ExprId(3348): Reference(LifetimeId(0), Immutable, SemanticTypeId(11))
Expr ExprId(8913): Function { params: [], return_type: SemanticTypeId(879) }
Expr ExprId(4559): Primitive(I32)
Expr ExprId(4406): Reference(LifetimeId(0), Mutable, SemanticTypeId(1724))
Expr ExprId(5626): Reference(LifetimeId(0), Immutable, SemanticTypeId(1800))
Expr ExprId(6901): Pointer(Immutable, SemanticTypeId(91))
Expr ExprId(8636): Void
Expr ExprId(9680): Primitive(U64)
Expr ExprId(10432): Pointer(Immutable, SemanticTypeId(91))
Expr ExprId(5477): Primitive(U64)
Expr ExprId(5895): Enum(SymbolId(65), [SemanticTypeId(0), SemanticTypeId(830)], [SemanticTypeId(0), SemanticTypeId(830)])
Expr ExprId(4211): Primitive(U64)
Expr ExprId(8282): Function { params: [SemanticTypeId(705), SemanticTypeId(24)], return_type: SemanticTypeId(705) }
Expr ExprId(10026): Primitive(U64)
Expr ExprId(10398): Primitive(U64)
Expr ExprId(9507): Primitive(I32)
Expr ExprId(5698): Reference(LifetimeId(0), Immutable, SemanticTypeId(1776))
Expr ExprId(6390): Primitive(U8)
Expr ExprId(8607): Struct(SymbolId(351), [], [SemanticTypeId(789)])
Expr ExprId(2320): Primitive(U64)
Expr ExprId(7962): Primitive(I32)
Expr ExprId(5996): Enum(SymbolId(65), [SemanticTypeId(0), SemanticTypeId(830)], [SemanticTypeId(0), SemanticTypeId(830)])
Expr ExprId(1865): Function { params: [SemanticTypeId(709), SemanticTypeId(24)], return_type: SemanticTypeId(709) }
Expr ExprId(5256): Void
Expr ExprId(3588): GenericParam(SymbolId(746))
Expr ExprId(8599): Primitive(U64)
Expr ExprId(1567): Primitive(I32)
Expr ExprId(3413): Primitive(Isize)
Expr ExprId(10506): Primitive(U64)
Expr ExprId(5524): Reference(LifetimeId(0), Immutable, SemanticTypeId(1706))
Expr ExprId(673): Primitive(U64)
Expr ExprId(4378): Void
Expr ExprId(4026): Function { params: [SemanticTypeId(407), SemanticTypeId(407)], return_type: SemanticTypeId(407) }
Expr ExprId(7039): Reference(LifetimeId(0), Immutable, SemanticTypeId(786))
Expr ExprId(7215): Primitive(U8)
Expr ExprId(11475): Primitive(Bool)
Expr ExprId(1096): Primitive(U64)
Expr ExprId(2500): Primitive(I32)
Expr ExprId(6548): Primitive(U8)
Expr ExprId(1677): Primitive(U64)
Expr ExprId(1511): Primitive(I32)
Expr ExprId(2611): Primitive(Bool)
Expr ExprId(2249): Function { params: [SemanticTypeId(705), SemanticTypeId(24)], return_type: SemanticTypeId(705) }
Expr ExprId(2541): Pointer(Immutable, SemanticTypeId(532))
Expr ExprId(10111): Primitive(I32)
Expr ExprId(7588): Primitive(I32)
Expr ExprId(2501): Primitive(U64)
Expr ExprId(10879): Primitive(U64)
Expr ExprId(7014): Primitive(U64)
Expr ExprId(4470): Void
Expr ExprId(9614): Primitive(U64)
Expr ExprId(3251): Reference(LifetimeId(0), Immutable, SemanticTypeId(124))
Expr ExprId(5107): Void
Expr ExprId(11610): Function { params: [SemanticTypeId(127), SemanticTypeId(203)], return_type: SemanticTypeId(328) }
Expr ExprId(10856): Void
Expr ExprId(5097): Void
Expr ExprId(3041): Enum(SymbolId(58), [SemanticTypeId(205)], [SemanticTypeId(205), SemanticTypeId(0)])
Expr ExprId(7093): Primitive(I32)
Expr ExprId(260): GenericParam(SymbolId(1211))
Expr ExprId(8784): Primitive(U64)
Expr ExprId(335): Enum(SymbolId(65), [SemanticTypeId(1903), SemanticTypeId(1899)], [SemanticTypeId(1903), SemanticTypeId(1899)])
Expr ExprId(3283): Primitive(I32)
Expr ExprId(1469): Primitive(I32)
Expr ExprId(10567): Primitive(U64)
Expr ExprId(6382): Reference(LifetimeId(0), Immutable, SemanticTypeId(786))
Expr ExprId(4899): Primitive(Bool)
Expr ExprId(8412): Void
Expr ExprId(6263): Function { params: [SemanticTypeId(24)], return_type: SemanticTypeId(24) }
Expr ExprId(9907): Primitive(U64)
Expr ExprId(1971): Pointer(Mutable, SemanticTypeId(520))
Expr ExprId(6650): Primitive(U32)
Expr ExprId(1023): Primitive(U64)
Expr ExprId(1491): Primitive(Bool)
Expr ExprId(9444): Primitive(Bool)
Expr ExprId(6090): Enum(SymbolId(65), [SemanticTypeId(0), SemanticTypeId(830)], [SemanticTypeId(0), SemanticTypeId(830)])
Expr ExprId(5527): GenericParam(SymbolId(2871))
Expr ExprId(8103): Reference(LifetimeId(0), Immutable, SemanticTypeId(786))
Expr ExprId(8952): Primitive(U32)
Expr ExprId(5605): GenericParam(SymbolId(2871))
Expr ExprId(1528): Primitive(I32)
Expr ExprId(10381): Void
Expr ExprId(5454): Primitive(I32)
Expr ExprId(3366): Primitive(I32)
Expr ExprId(5244): GenericParam(SymbolId(1161))
Expr ExprId(3302): Primitive(Usize)
Expr ExprId(7121): Reference(LifetimeId(0), Immutable, SemanticTypeId(786))
Expr ExprId(2578): Primitive(U64)
Expr ExprId(3632): Void
Expr ExprId(560): Reference(LifetimeId(0), Immutable, SemanticTypeId(1679))
Expr ExprId(2666): Primitive(I32)
Expr ExprId(3976): GenericParam(SymbolId(438))
Expr ExprId(2443): Primitive(Bool)
Expr ExprId(2797): Primitive(U64)
Expr ExprId(11139): Primitive(Bool)
Expr ExprId(4975): Function { params: [SemanticTypeId(1719)], return_type: SemanticTypeId(4) }
Expr ExprId(5020): Void
Expr ExprId(5163): Primitive(U64)
Expr ExprId(7415): Primitive(U64)
Expr ExprId(5496): Primitive(U64)
Expr ExprId(612): Pointer(Mutable, SemanticTypeId(91))
Expr ExprId(6874): Primitive(U8)
Expr ExprId(3113): Enum(SymbolId(58), [SemanticTypeId(13)], [SemanticTypeId(13), SemanticTypeId(0)])
Expr ExprId(3328): Reference(LifetimeId(0), Immutable, SemanticTypeId(36))
Expr ExprId(4736): Primitive(U64)
Expr ExprId(8077): Primitive(Bool)
Expr ExprId(7052): Primitive(U64)
Expr ExprId(3663): Primitive(Bool)
Expr ExprId(5638): Primitive(Bool)
Expr ExprId(5088): Pointer(Mutable, SemanticTypeId(1766))
Expr ExprId(9325): Enum(SymbolId(65), [SemanticTypeId(799), SemanticTypeId(816)], [SemanticTypeId(799), SemanticTypeId(816)])
Expr ExprId(5911): Enum(SymbolId(65), [SemanticTypeId(0), SemanticTypeId(830)], [SemanticTypeId(0), SemanticTypeId(830)])
Expr ExprId(4661): Enum(SymbolId(58), [SemanticTypeId(1797)], [SemanticTypeId(1797), SemanticTypeId(0)])
Expr ExprId(4097): Primitive(Bool)
Expr ExprId(2696): Primitive(U64)
Expr ExprId(10171): Reference(LifetimeId(0), Mutable, SemanticTypeId(1078))
Expr ExprId(9215): Enum(SymbolId(65), [SemanticTypeId(793), SemanticTypeId(816)], [SemanticTypeId(793), SemanticTypeId(816)])
Expr ExprId(7737): Reference(LifetimeId(0), Mutable, SemanticTypeId(796))
Expr ExprId(8629): Primitive(Bool)
Expr ExprId(7294): Primitive(I32)
Expr ExprId(8057): Primitive(Bool)
Expr ExprId(7903): Reference(LifetimeId(0), Mutable, SemanticTypeId(796))
Expr ExprId(5884): Reference(LifetimeId(0), Mutable, SemanticTypeId(1619))
Expr ExprId(458): Pointer(Immutable, SemanticTypeId(1668))
Expr ExprId(10404): Primitive(U64)
Expr ExprId(6980): Void
Expr ExprId(4235): Pointer(Mutable, SemanticTypeId(1843))
Expr ExprId(1308): Reference(LifetimeId(0), Mutable, SemanticTypeId(631))
Expr ExprId(1269): Reference(LifetimeId(0), Immutable, SemanticTypeId(619))
Expr ExprId(6687): Primitive(U32)
Expr ExprId(1958): Primitive(Bool)
Expr ExprId(7828): Primitive(I32)
Expr ExprId(651): GenericParam(SymbolId(644))
Expr ExprId(8668): Primitive(U8)
Expr ExprId(3775): Enum(SymbolId(58), [SemanticTypeId(385)], [SemanticTypeId(385), SemanticTypeId(0)])
Expr ExprId(5434): Primitive(U64)
Expr ExprId(2222): Primitive(U64)
Expr ExprId(2916): GenericParam(SymbolId(735))
Expr ExprId(7867): Primitive(I32)
Expr ExprId(2621): Void
Expr ExprId(4044): Primitive(Bool)
Expr ExprId(2939): Enum(SymbolId(58), [SemanticTypeId(38)], [SemanticTypeId(38), SemanticTypeId(0)])
Expr ExprId(8058): Reference(LifetimeId(0), Immutable, SemanticTypeId(786))
Expr ExprId(1247): Pointer(Immutable, SemanticTypeId(601))
Expr ExprId(7811): Primitive(I32)
Expr ExprId(10126): Reference(LifetimeId(0), Mutable, SemanticTypeId(1078))
Expr ExprId(5848): Primitive(I128)
Expr ExprId(6241): Primitive(U64)
Expr ExprId(9390): Struct(SymbolId(351), [], [SemanticTypeId(789)])
Expr ExprId(2829): Function { params: [], return_type: SemanticTypeId(0) }
Expr ExprId(9129): Reference(LifetimeId(0), Immutable, SemanticTypeId(786))
Expr ExprId(2163): Primitive(Bool)
Expr ExprId(2465): Function { params: [SemanticTypeId(682), SemanticTypeId(24), SemanticTypeId(24), SemanticTypeId(24)], return_type: SemanticTypeId(24) }
Expr ExprId(10308): Primitive(U64)
Expr ExprId(11049): Primitive(U8)
Expr ExprId(7568): Primitive(Char)
Expr ExprId(4676): Pointer(Mutable, SemanticTypeId(1704))
Expr ExprId(8468): Primitive(U64)
Expr ExprId(6249): Primitive(U64)
Expr ExprId(4121): GenericParam(SymbolId(457))
Expr ExprId(8004): Primitive(Bool)
Expr ExprId(377): Enum(SymbolId(65), [SemanticTypeId(1229), SemanticTypeId(1230)], [SemanticTypeId(1229), SemanticTypeId(1230)])
Expr ExprId(4369): Function { params: [SemanticTypeId(714)], return_type: SemanticTypeId(713) }
Expr ExprId(1803): Pointer(Mutable, SemanticTypeId(520))
Expr ExprId(1595): Primitive(U64)
Expr ExprId(10309): Primitive(I32)
Expr ExprId(6680): Primitive(U32)
Expr ExprId(1112): Pointer(Immutable, SemanticTypeId(538))
Expr ExprId(7687): Primitive(U8)
Expr ExprId(766): Reference(LifetimeId(0), Immutable, SemanticTypeId(758))
Expr ExprId(4420): Primitive(U64)
Expr ExprId(7451): Primitive(U64)
Expr ExprId(3912): Enum(SymbolId(58), [SemanticTypeId(7)], [SemanticTypeId(7), SemanticTypeId(0)])
Expr ExprId(11107): Pointer(Immutable, SemanticTypeId(1096))
Expr ExprId(1479): Pointer(Immutable, SemanticTypeId(577))
Expr ExprId(7896): Primitive(U32)
Expr ExprId(3182): Void
Expr ExprId(2387): Primitive(U64)
Expr ExprId(6231): Enum(SymbolId(65), [SemanticTypeId(0), SemanticTypeId(830)], [SemanticTypeId(0), SemanticTypeId(830)])
Expr ExprId(5180): Void
Expr ExprId(4205): Reference(LifetimeId(0), Mutable, SemanticTypeId(1850))
Expr ExprId(4727): Function { params: [SemanticTypeId(24), SemanticTypeId(24)], return_type: SemanticTypeId(788) }
Expr ExprId(3930): Primitive(I8)
Expr ExprId(11504): Reference(LifetimeId(0), Immutable, SemanticTypeId(1003))
Expr ExprId(209): Primitive(Bool)
Expr ExprId(3648): Enum(SymbolId(58), [SemanticTypeId(115)], [SemanticTypeId(115), SemanticTypeId(0)])
Expr ExprId(11583): Struct(SymbolId(549), [SemanticTypeId(1174), SemanticTypeId(1175)], [SemanticTypeId(1178)])
Expr ExprId(1691): Primitive(U64)
Expr ExprId(2057): Primitive(I32)
Expr ExprId(6436): Primitive(U8)
Expr ExprId(400): GenericParam(SymbolId(949))
Expr ExprId(4049): GenericParam(SymbolId(447))
Expr ExprId(9722): Pointer(Mutable, SemanticTypeId(1075))
Expr ExprId(8158): Primitive(U64)
Expr ExprId(3844): Enum(SymbolId(58), [SemanticTypeId(415)], [SemanticTypeId(415), SemanticTypeId(0)])
Expr ExprId(9282): Function { params: [SemanticTypeId(24)], return_type: SemanticTypeId(875) }
Expr ExprId(11076): Reference(LifetimeId(0), Mutable, SemanticTypeId(1112))
Expr ExprId(10379): Pointer(Mutable, SemanticTypeId(1075))
Expr ExprId(10612): Void
Expr ExprId(1669): Reference(LifetimeId(0), Immutable, SemanticTypeId(526))
Expr ExprId(5506): Pointer(Immutable, SemanticTypeId(1704))
Expr ExprId(10107): Primitive(U64)
Expr ExprId(8502): Void
Expr ExprId(6253): Reference(LifetimeId(0), Immutable, SemanticTypeId(4))
Expr ExprId(558): Pointer(Mutable, SemanticTypeId(1667))
Expr ExprId(2881): GenericParam(SymbolId(163))
Expr ExprId(7261): Primitive(I32)
Expr ExprId(9512): Pointer(Mutable, SemanticTypeId(91))
Expr ExprId(7808): Reference(LifetimeId(0), Immutable, SemanticTypeId(786))
Expr ExprId(9738): Primitive(U64)
Expr ExprId(5766): Enum(SymbolId(467), [], [SemanticTypeId(0)])
Expr ExprId(7223): Primitive(Bool)
Expr ExprId(6314): Reference(LifetimeId(0), Immutable, SemanticTypeId(15))
Expr ExprId(10806): Pointer(Mutable, SemanticTypeId(91))
Expr ExprId(10542): Primitive(U64)
Expr ExprId(9298): Void
Expr ExprId(4651): Reference(LifetimeId(0), Mutable, SemanticTypeId(1706))
Expr ExprId(10899): Primitive(I32)
Expr ExprId(232): Primitive(I32)
Expr ExprId(329): Enum(SymbolId(65), [SemanticTypeId(1887), SemanticTypeId(1876)], [SemanticTypeId(1887), SemanticTypeId(1876)])
Expr ExprId(2187): Pointer(Mutable, SemanticTypeId(564))
Expr ExprId(3406): Primitive(Isize)
Expr ExprId(10563): Function { params: [SemanticTypeId(24), SemanticTypeId(24)], return_type: SemanticTypeId(788) }
Expr ExprId(7646): Primitive(I32)
Expr ExprId(5145): Reference(LifetimeId(0), Immutable, SemanticTypeId(1704))
Expr ExprId(1448): Primitive(I32)
Expr ExprId(7851): Reference(LifetimeId(0), Mutable, SemanticTypeId(796))
Expr ExprId(11355): Reference(LifetimeId(0), Mutable, SemanticTypeId(897))
Expr ExprId(11059): Pointer(Immutable, SemanticTypeId(1096))
Expr ExprId(10569): Primitive(U64)
Expr ExprId(2231): Primitive(U64)
Expr ExprId(6485): Void
Expr ExprId(6975): Primitive(U64)
Expr ExprId(6427): Primitive(U64)
Expr ExprId(10620): Pointer(Immutable, SemanticTypeId(24))
Expr ExprId(11216): Reference(LifetimeId(0), Immutable, SemanticTypeId(1264))
Expr ExprId(135): Enum(SymbolId(58), [SemanticTypeId(1470)], [SemanticTypeId(1470), SemanticTypeId(0)])
Expr ExprId(1442): Pointer(Mutable, SemanticTypeId(3))
Expr ExprId(8601): Primitive(Bool)
Expr ExprId(587): Pointer(Mutable, SemanticTypeId(91))
Expr ExprId(7667): Primitive(I32)
Expr ExprId(7396): Reference(LifetimeId(0), Immutable, SemanticTypeId(786))
Expr ExprId(5302): Reference(LifetimeId(0), Mutable, SemanticTypeId(1706))
Expr ExprId(2162): Primitive(Bool)
Expr ExprId(8729): Primitive(U64)
Expr ExprId(11565): Enum(SymbolId(58), [SemanticTypeId(1169)], [SemanticTypeId(1169), SemanticTypeId(0)])
Expr ExprId(5596): Pointer(Mutable, SemanticTypeId(1704))
Expr ExprId(2018): Pointer(Mutable, SemanticTypeId(520))
Expr ExprId(4888): Reference(LifetimeId(0), Immutable, SemanticTypeId(1741))
Expr ExprId(603): Primitive(I32)
Expr ExprId(4256): Primitive(Isize)
Expr ExprId(9167): Primitive(U64)
Expr ExprId(10370): Function { params: [SemanticTypeId(1166)], return_type: SemanticTypeId(0) }
Expr ExprId(643): Function { params: [SemanticTypeId(714)], return_type: SemanticTypeId(713) }
Expr ExprId(7364): Primitive(U64)
Expr ExprId(3141): Function { params: [SemanticTypeId(165)], return_type: SemanticTypeId(4) }
Expr ExprId(6432): Primitive(U8)
Expr ExprId(8686): Primitive(U64)
Expr ExprId(1506): GenericParam(SymbolId(1618))
Expr ExprId(1192): Pointer(Mutable, SemanticTypeId(633))
Expr ExprId(4129): GenericParam(SymbolId(461))
Expr ExprId(2919): Enum(SymbolId(58), [SemanticTypeId(29)], [SemanticTypeId(29), SemanticTypeId(0)])
Expr ExprId(2230): Primitive(U64)
Expr ExprId(1911): GenericParam(SymbolId(1637))
Expr ExprId(8323): Primitive(U64)
Expr ExprId(5276): GenericParam(SymbolId(1163))
Expr ExprId(4957): Pointer(Immutable, SemanticTypeId(1704))
Expr ExprId(4671): Primitive(U64)
Expr ExprId(3892): Primitive(U32)
Expr ExprId(5953): Pointer(Immutable, SemanticTypeId(91))
Expr ExprId(5710): GenericParam(SymbolId(1185))
Expr ExprId(10098): Reference(LifetimeId(0), Mutable, SemanticTypeId(1078))
Expr ExprId(5291): Primitive(U64)
Expr ExprId(4596): Primitive(U64)
Expr ExprId(8814): Primitive(U64)
Expr ExprId(6686): Primitive(U32)
Expr ExprId(1635): Primitive(I32)
Expr ExprId(2412): GenericParam(SymbolId(1672))
Expr ExprId(10523): Primitive(U64)
Expr ExprId(5687): Primitive(U64)
Expr ExprId(935): Primitive(I128)
Expr ExprId(5965): Primitive(I32)
Expr ExprId(1429): Primitive(U64)
Expr ExprId(2452): Primitive(U64)
Expr ExprId(1384): Void
Expr ExprId(5207): Primitive(Bool)
Expr ExprId(8218): Reference(LifetimeId(0), Immutable, SemanticTypeId(786))
Expr ExprId(3263): Primitive(I32)
Expr ExprId(5566): Function { params: [SemanticTypeId(714)], return_type: SemanticTypeId(713) }
Expr ExprId(1853): GenericParam(SymbolId(1637))
Expr ExprId(9104): Primitive(Bool)
Expr ExprId(10756): Primitive(U64)
Expr ExprId(385): Enum(SymbolId(9), [SemanticTypeId(1208), SemanticTypeId(1198)], [SemanticTypeId(1198), SemanticTypeId(1208)])
Expr ExprId(1072): Primitive(U64)
Expr ExprId(3124): Enum(SymbolId(58), [SemanticTypeId(13)], [SemanticTypeId(13), SemanticTypeId(0)])
Expr ExprId(8022): Reference(LifetimeId(0), Immutable, SemanticTypeId(790))
Expr ExprId(8630): Primitive(Bool)
Expr ExprId(6422): Primitive(I32)
Expr ExprId(3514): Primitive(Bool)
Expr ExprId(8620): Primitive(U64)
Expr ExprId(8812): Reference(LifetimeId(0), Immutable, SemanticTypeId(786))
Expr ExprId(7369): Primitive(Bool)
Expr ExprId(8702): Primitive(Usize)
Expr ExprId(5817): Primitive(Bool)
Expr ExprId(5908): Primitive(Bool)
Expr ExprId(2673): Reference(LifetimeId(0), Mutable, SemanticTypeId(629))
Expr ExprId(10284): Primitive(Bool)
Expr ExprId(5287): Primitive(Bool)
Expr ExprId(9934): Primitive(Bool)
Expr ExprId(7055): Primitive(Bool)
Expr ExprId(7049): Primitive(U64)
Expr ExprId(2809): Primitive(Bool)
Expr ExprId(7464): Enum(SymbolId(467), [], [SemanticTypeId(0)])
Expr ExprId(9053): Primitive(U64)
Expr ExprId(4113): GenericParam(SymbolId(457))
Expr ExprId(9978): Function { params: [SemanticTypeId(702), SemanticTypeId(701)], return_type: SemanticTypeId(0) }
Expr ExprId(3044): GenericParam(SymbolId(731))
Expr ExprId(6818): Primitive(U64)
Expr ExprId(10080): Primitive(I32)
Expr ExprId(1002): Primitive(U64)
Expr ExprId(2765): Primitive(U64)
Expr ExprId(9661): Pointer(Immutable, SemanticTypeId(1074))
Expr ExprId(6767): Primitive(U8)
Expr ExprId(6740): Primitive(U32)
Expr ExprId(6764): Primitive(U64)
Expr ExprId(477): Primitive(I32)
Expr ExprId(6623): Primitive(U32)
Expr ExprId(9411): Pointer(Mutable, SemanticTypeId(24))
Expr ExprId(588): Primitive(U64)
Expr ExprId(3091): Primitive(Bool)
Expr ExprId(2952): Primitive(Bool)
Expr ExprId(11642): Reference(LifetimeId(0), Immutable, SemanticTypeId(3))
Expr ExprId(4428): Void
Expr ExprId(5786): Primitive(I32)
Expr ExprId(9815): Void
Expr ExprId(8363): Primitive(Bool)
Expr ExprId(9796): Primitive(U64)
Expr ExprId(4331): Primitive(Usize)
Expr ExprId(6443): Primitive(Bool)
Expr ExprId(6844): Primitive(U64)
Expr ExprId(7477): Primitive(I32)
Expr ExprId(2906): Void
Expr ExprId(5177): Primitive(I32)
Expr ExprId(11629): Primitive(I32)
Expr ExprId(8156): Function { params: [SemanticTypeId(6)], return_type: SemanticTypeId(24) }
Expr ExprId(5989): Primitive(U64)
Expr ExprId(4535): Primitive(I32)
Expr ExprId(11281): Primitive(Bool)
Expr ExprId(6235): Primitive(U64)
Expr ExprId(5419): Primitive(U64)
Expr ExprId(3841): Enum(SymbolId(58), [SemanticTypeId(415)], [SemanticTypeId(415), SemanticTypeId(0)])
Expr ExprId(6302): Primitive(U64)
Expr ExprId(733): Primitive(Bool)
Expr ExprId(1624): Function { params: [SemanticTypeId(527), SemanticTypeId(24), SemanticTypeId(24), SemanticTypeId(24), SemanticTypeId(529)], return_type: SemanticTypeId(0) }
Expr ExprId(3102): Enum(SymbolId(58), [SemanticTypeId(177)], [SemanticTypeId(177), SemanticTypeId(0)])
Expr ExprId(238): Enum(SymbolId(65), [SemanticTypeId(1889), SemanticTypeId(1890)], [SemanticTypeId(1889), SemanticTypeId(1890)])
Expr ExprId(3210): Enum(SymbolId(58), [SemanticTypeId(217)], [SemanticTypeId(217), SemanticTypeId(0)])
Expr ExprId(10226): Pointer(Mutable, SemanticTypeId(24))
Expr ExprId(7118): Primitive(I32)
Expr ExprId(4780): Primitive(Bool)
Expr ExprId(3590): Enum(SymbolId(58), [SemanticTypeId(84)], [SemanticTypeId(84), SemanticTypeId(0)])
Expr ExprId(10152): Primitive(U64)
Expr ExprId(10872): Primitive(U64)
Expr ExprId(1490): Primitive(Bool)
Expr ExprId(10146): Primitive(U64)
Expr ExprId(9617): Primitive(Bool)
Expr ExprId(5854): Enum(SymbolId(65), [SemanticTypeId(0), SemanticTypeId(830)], [SemanticTypeId(0), SemanticTypeId(830)])
Expr ExprId(5579): Struct(SymbolId(33), [SemanticTypeId(1704)], [SemanticTypeId(1705), SemanticTypeId(24), SemanticTypeId(24)])
Expr ExprId(3471): GenericParam(SymbolId(760))
Expr ExprId(6537): Primitive(Bool)
Expr ExprId(6600): Primitive(Bool)
Expr ExprId(7960): Primitive(U64)
Expr ExprId(9640): Primitive(U64)
Expr ExprId(10670): Primitive(U64)
Expr ExprId(591): Pointer(Mutable, SemanticTypeId(91))
Expr ExprId(11149): Reference(LifetimeId(0), Immutable, SemanticTypeId(1109))
Expr ExprId(2430): Primitive(I32)
Expr ExprId(3813): Primitive(Bool)
Expr ExprId(9612): Primitive(U8)
Expr ExprId(850): Primitive(I32)
Expr ExprId(5194): Reference(LifetimeId(0), Mutable, SemanticTypeId(1706))
Expr ExprId(11603): Array(SemanticTypeId(3), 10)
Expr ExprId(11345): Primitive(Bool)
Expr ExprId(9965): Pointer(Mutable, SemanticTypeId(24))
Expr ExprId(10546): Primitive(U64)
Expr ExprId(5509): Primitive(U64)
Expr ExprId(6956): Primitive(U64)
Expr ExprId(4601): Pointer(Mutable, SemanticTypeId(1704))
Expr ExprId(5006): Reference(LifetimeId(0), Mutable, SemanticTypeId(1706))
Expr ExprId(11578): Primitive(Bool)
Expr ExprId(1564): Primitive(Bool)
Expr ExprId(8498): Primitive(U64)
Expr ExprId(11509): Struct(SymbolId(579), [SemanticTypeId(892)], [SemanticTypeId(1007)])
Expr ExprId(7672): Primitive(U64)
Expr ExprId(7833): Primitive(I32)
Expr ExprId(9295): Function { params: [SemanticTypeId(705), SemanticTypeId(24)], return_type: SemanticTypeId(705) }
Expr ExprId(9450): Primitive(U64)
Expr ExprId(8216): Primitive(U64)
Expr ExprId(10421): Primitive(U64)
Expr ExprId(4541): Reference(LifetimeId(0), Mutable, SemanticTypeId(1706))
Expr ExprId(4714): Primitive(U64)
Expr ExprId(1573): Primitive(U64)
Expr ExprId(8378): Primitive(U64)
Expr ExprId(1196): Primitive(I32)
Expr ExprId(11492): Primitive(Bool)
Expr ExprId(10417): Primitive(I32)
Expr ExprId(6198): Function { params: [SemanticTypeId(141), SemanticTypeId(1573)], return_type: SemanticTypeId(831) }
Expr ExprId(3437): GenericParam(SymbolId(759))
Expr ExprId(506): Primitive(U64)
Expr ExprId(1560): Primitive(U64)
Expr ExprId(4453): Primitive(U64)
Expr ExprId(4): Primitive(I32)
Expr ExprId(1497): Primitive(U64)
Expr ExprId(735): Primitive(I8)
Expr ExprId(618): Primitive(U64)
Expr ExprId(7470): Primitive(U64)
Expr ExprId(10175): Primitive(I32)
Expr ExprId(9657): Pointer(Mutable, SemanticTypeId(1074))
Expr ExprId(6044): Enum(SymbolId(467), [], [SemanticTypeId(0)])
Expr ExprId(2157): GenericParam(SymbolId(1656))
Expr ExprId(10170): Void
Expr ExprId(10967): Primitive(U64)
Expr ExprId(7689): Primitive(I32)
Expr ExprId(7799): Primitive(U8)
Expr ExprId(7994): Primitive(U64)
Expr ExprId(5484): Primitive(U64)
Expr ExprId(9100): Primitive(I32)
Expr ExprId(3030): Struct(SymbolId(189), [SemanticTypeId(23), SemanticTypeId(25)], [SemanticTypeId(23), SemanticTypeId(24)])
Expr ExprId(4807): Primitive(U64)
Expr ExprId(2835): Primitive(Bool)
Expr ExprId(1503): Function { params: [SemanticTypeId(613), SemanticTypeId(613)], return_type: SemanticTypeId(3) }
Expr ExprId(4341): Primitive(Bool)
Expr ExprId(2740): Primitive(U64)
Expr ExprId(10431): Function { params: [SemanticTypeId(705), SemanticTypeId(24)], return_type: SemanticTypeId(705) }
Expr ExprId(4818): Primitive(Bool)
Expr ExprId(1478): Pointer(Mutable, SemanticTypeId(577))
Expr ExprId(7013): Primitive(U64)
Expr ExprId(9202): Primitive(U8)
Expr ExprId(4307): Primitive(U64)
Expr ExprId(1994): Primitive(U64)
Expr ExprId(6810): Primitive(U64)
Expr ExprId(2850): Primitive(Usize)
Expr ExprId(1121): Enum(SymbolId(58), [SemanticTypeId(593)], [SemanticTypeId(593), SemanticTypeId(0)])
Expr ExprId(7399): Primitive(U64)
Expr ExprId(7704): Primitive(U8)
Expr ExprId(11053): Primitive(Bool)
Expr ExprId(3581): Void
Expr ExprId(2313): Primitive(U64)
Expr ExprId(1275): Function { params: [], return_type: SemanticTypeId(0) }
Expr ExprId(3213): GenericParam(SymbolId(753))
Expr ExprId(1495): Pointer(Mutable, SemanticTypeId(577))
Expr ExprId(5750): Primitive(U64)
Expr ExprId(4777): Primitive(U64)
Expr ExprId(1480): Primitive(U64)
Expr ExprId(2271): Pointer(Mutable, SemanticTypeId(518))
Expr ExprId(1788): GenericParam(SymbolId(1637))
Expr ExprId(715): Primitive(U16)
Expr ExprId(2739): Primitive(U64)
Expr ExprId(1826): Primitive(I32)
Expr ExprId(3220): Struct(SymbolId(277), [SemanticTypeId(192), SemanticTypeId(210)], [SemanticTypeId(192)])
Expr ExprId(8573): Primitive(U64)
Expr ExprId(2317): Primitive(I32)
Expr ExprId(7628): Primitive(U8)
Expr ExprId(4926): GenericParam(SymbolId(2871))
Expr ExprId(2189): Pointer(Immutable, SemanticTypeId(564))
Expr ExprId(5474): Reference(LifetimeId(0), Mutable, SemanticTypeId(1706))
Expr ExprId(4523): Pointer(Immutable, SemanticTypeId(1704))
Expr ExprId(929): Reference(LifetimeId(0), Immutable, SemanticTypeId(15))
Expr ExprId(9951): Primitive(U64)
Expr ExprId(1979): Pointer(Immutable, SemanticTypeId(520))
Expr ExprId(6987): Primitive(U64)
Expr ExprId(7533): Reference(LifetimeId(0), Mutable, SemanticTypeId(806))
Expr ExprId(2917): Reference(LifetimeId(0), Immutable, SemanticTypeId(29))
Expr ExprId(951): Reference(LifetimeId(0), Immutable, SemanticTypeId(1489))
Expr ExprId(3983): Primitive(Isize)
Expr ExprId(3848): Void
Expr ExprId(4018): GenericParam(SymbolId(445))
Expr ExprId(5796): Primitive(I64)
Expr ExprId(2752): Reference(LifetimeId(0), Immutable, SemanticTypeId(668))
Expr ExprId(4051): Primitive(I32)
Expr ExprId(3990): GenericParam(SymbolId(440))
Expr ExprId(2888): Void
Expr ExprId(7069): Primitive(U64)
Expr ExprId(4402): Primitive(I32)
Expr ExprId(4519): Function { params: [SemanticTypeId(705), SemanticTypeId(24)], return_type: SemanticTypeId(705) }
Expr ExprId(4351): Void
Expr ExprId(1057): Primitive(I64)
Expr ExprId(3402): Primitive(I32)
Expr ExprId(7991): Primitive(Bool)
Expr ExprId(9383): Struct(SymbolId(371), [], [SemanticTypeId(789)])
Expr ExprId(9199): Primitive(U64)
Expr ExprId(3909): Primitive(Usize)
Expr ExprId(10105): Primitive(U64)
Expr ExprId(4014): Void
Expr ExprId(2038): Primitive(U64)
Expr ExprId(7591): Primitive(U8)
Expr ExprId(3520): Void
Expr ExprId(6036): Enum(SymbolId(65), [SemanticTypeId(0), SemanticTypeId(830)], [SemanticTypeId(0), SemanticTypeId(830)])
Expr ExprId(7743): Primitive(U8)
Expr ExprId(1045): Primitive(U32)
Expr ExprId(8561): Primitive(I32)
Expr ExprId(9679): Primitive(I32)
Expr ExprId(9533): Primitive(U64)
Expr ExprId(9510): Primitive(I32)
Expr ExprId(11591): Struct(SymbolId(549), [SemanticTypeId(1174), SemanticTypeId(1175)], [SemanticTypeId(1178)])
Expr ExprId(930): Primitive(Isize)
Expr ExprId(10851): Pointer(Mutable, SemanticTypeId(1095))
Expr ExprId(6530): Primitive(U8)
Expr ExprId(2209): Pointer(Mutable, SemanticTypeId(564))
Expr ExprId(6790): Primitive(U64)
Expr ExprId(9227): Reference(LifetimeId(0), Immutable, SemanticTypeId(786))
Expr ExprId(10172): Primitive(U64)
Expr ExprId(4920): Function { params: [SemanticTypeId(709), SemanticTypeId(24)], return_type: SemanticTypeId(709) }
Expr ExprId(1323): Primitive(U64)
Expr ExprId(7898): Primitive(I32)
Expr ExprId(6149): Enum(SymbolId(467), [], [SemanticTypeId(0)])
Expr ExprId(4883): Primitive(U64)
Expr ExprId(495): Pointer(Immutable, SemanticTypeId(91))
Expr ExprId(2671): Primitive(U64)
Expr ExprId(7454): Primitive(U8)
Expr ExprId(2763): Primitive(Bool)
Expr ExprId(7175): Reference(LifetimeId(0), Immutable, SemanticTypeId(786))
Expr ExprId(904): Reference(LifetimeId(0), Immutable, SemanticTypeId(141))
Expr ExprId(5831): Primitive(U128)
Expr ExprId(8270): Primitive(U64)
Expr ExprId(9589): Primitive(U64)
Expr ExprId(5237): Void
Expr ExprId(7186): Primitive(Bool)
Expr ExprId(10099): Primitive(U64)
Expr ExprId(1914): Pointer(Immutable, SemanticTypeId(520))
Expr ExprId(6904): Reference(LifetimeId(0), Mutable, SemanticTypeId(790))
Expr ExprId(11351): Reference(LifetimeId(0), Immutable, SemanticTypeId(897))
Expr ExprId(5700): Primitive(I32)
Expr ExprId(9857): Reference(LifetimeId(0), Mutable, SemanticTypeId(1078))
Expr ExprId(11487): Enum(SymbolId(58), [SemanticTypeId(882)], [SemanticTypeId(882), SemanticTypeId(0)])
Expr ExprId(8568): Primitive(U64)
Expr ExprId(4939): Void
Expr ExprId(4034): Enum(SymbolId(58), [SemanticTypeId(407)], [SemanticTypeId(407), SemanticTypeId(0)])
Expr ExprId(9258): Primitive(String)
Expr ExprId(10274): Function { params: [SemanticTypeId(709), SemanticTypeId(24)], return_type: SemanticTypeId(709) }
Expr ExprId(11228): Reference(LifetimeId(0), Immutable, SemanticTypeId(1264))
Expr ExprId(8603): Struct(SymbolId(351), [], [SemanticTypeId(789)])
Expr ExprId(726): Reference(LifetimeId(0), Immutable, SemanticTypeId(24))
Expr ExprId(2228): Primitive(Bool)
Expr ExprId(7846): Enum(SymbolId(58), [SemanticTypeId(768)], [SemanticTypeId(768), SemanticTypeId(0)])
Expr ExprId(8271): Primitive(U64)
Expr ExprId(1969): Primitive(U64)
Expr ExprId(11432): Reference(LifetimeId(0), Immutable, SemanticTypeId(927))
Expr ExprId(924): Primitive(I32)
Expr ExprId(1189): Pointer(Immutable, SemanticTypeId(633))
Expr ExprId(8696): Function { params: [SemanticTypeId(6)], return_type: SemanticTypeId(24) }
Expr ExprId(8842): Primitive(U64)
Expr ExprId(10714): Primitive(U64)
Expr ExprId(1499): Primitive(U64)
Expr ExprId(927): Reference(LifetimeId(0), Immutable, SemanticTypeId(15))
Expr ExprId(5408): Pointer(Mutable, SemanticTypeId(1704))
Expr ExprId(229): Reference(LifetimeId(0), Immutable, SemanticTypeId(1871))
Expr ExprId(3314): Primitive(Usize)
Expr ExprId(11108): Enum(SymbolId(58), [SemanticTypeId(1143)], [SemanticTypeId(1143), SemanticTypeId(0)])
Expr ExprId(11611): Struct(SymbolId(174), [SemanticTypeId(1957), SemanticTypeId(3)], [SemanticTypeId(1957), SemanticTypeId(1947)])
Expr ExprId(3385): Reference(LifetimeId(0), Immutable, SemanticTypeId(141))
Expr ExprId(3345): Primitive(I16)
Expr ExprId(8406): Primitive(U64)
Expr ExprId(8402): Primitive(U64)
Expr ExprId(5841): Primitive(Bool)
Expr ExprId(11340): Reference(LifetimeId(0), Immutable, SemanticTypeId(897))
Expr ExprId(8173): Primitive(U64)
Expr ExprId(9278): Primitive(U64)
Expr ExprId(11333): Primitive(U64)
Expr ExprId(5945): Reference(LifetimeId(0), Immutable, SemanticTypeId(6))
Expr ExprId(2569): Primitive(U64)
Expr ExprId(462): Primitive(U64)
Expr ExprId(7633): Primitive(I32)
Expr ExprId(11361): Void
Expr ExprId(10056): Pointer(Mutable, SemanticTypeId(1075))
Expr ExprId(5297): Primitive(U64)
Expr ExprId(6683): Primitive(U32)
Expr ExprId(4122): Void
Expr ExprId(6001): Reference(LifetimeId(0), Mutable, SemanticTypeId(1623))
Expr ExprId(1684): Primitive(U64)
Expr ExprId(8876): Primitive(U64)
Expr ExprId(6959): Reference(LifetimeId(0), Immutable, SemanticTypeId(790))
Expr ExprId(5979): Reference(LifetimeId(0), Mutable, SemanticTypeId(1529))
Expr ExprId(6118): Reference(LifetimeId(0), Mutable, SemanticTypeId(1593))
Expr ExprId(7381): Primitive(U64)
Expr ExprId(882): Reference(LifetimeId(0), Immutable, SemanticTypeId(11))
Expr ExprId(3875): Primitive(U16)
Expr ExprId(8525): Primitive(U8)
Expr ExprId(9182): Primitive(U8)
Expr ExprId(5939): Enum(SymbolId(65), [SemanticTypeId(0), SemanticTypeId(830)], [SemanticTypeId(0), SemanticTypeId(830)])
Expr ExprId(6667): Primitive(Bool)
Expr ExprId(649): Function { params: [SemanticTypeId(702), SemanticTypeId(701)], return_type: SemanticTypeId(0) }
Expr ExprId(2152): Primitive(U64)
Expr ExprId(4958): Function { params: [SemanticTypeId(714)], return_type: SemanticTypeId(713) }
Expr ExprId(4830): Primitive(U64)
Expr ExprId(4733): Reference(LifetimeId(0), Mutable, SemanticTypeId(1706))
Expr ExprId(9455): Primitive(U64)
Expr ExprId(11168): Struct(SymbolId(504), [SemanticTypeId(1272), SemanticTypeId(1273)], [SemanticTypeId(792), SemanticTypeId(1274), SemanticTypeId(1275), SemanticTypeId(24), SemanticTypeId(24)])
Expr ExprId(2433): Primitive(I32)
Expr ExprId(1162): Pointer(Mutable, SemanticTypeId(506))
Expr ExprId(11440): Void
Expr ExprId(3258): Reference(LifetimeId(0), Immutable, SemanticTypeId(124))
Expr ExprId(2854): Primitive(U64)
Expr ExprId(5073): Void
Expr ExprId(4416): Primitive(U64)
Expr ExprId(2096): Void
Expr ExprId(7479): Primitive(U32)
Expr ExprId(464): Primitive(U64)
Expr ExprId(7476): Primitive(U32)
Expr ExprId(772): Primitive(U8)
Expr ExprId(5043): Function { params: [SemanticTypeId(705), SemanticTypeId(24)], return_type: SemanticTypeId(705) }
Expr ExprId(3337): Primitive(I8)
Expr ExprId(8550): Reference(LifetimeId(0), Immutable, SemanticTypeId(790))
Expr ExprId(5368): Pointer(Mutable, SemanticTypeId(1704))
Expr ExprId(2397): Function { params: [SemanticTypeId(705), SemanticTypeId(24)], return_type: SemanticTypeId(705) }
Expr ExprId(3179): Primitive(U64)
Expr ExprId(3925): GenericParam(SymbolId(430))
Expr ExprId(1398): Primitive(Bool)
Expr ExprId(9133): Primitive(U64)
Expr ExprId(3456): Reference(LifetimeId(0), Immutable, SemanticTypeId(114))
Expr ExprId(2268): Primitive(U64)
Expr ExprId(6359): Primitive(Bool)
Expr ExprId(6888): Reference(LifetimeId(0), Immutable, SemanticTypeId(790))
Expr ExprId(7950): Primitive(I32)
Expr ExprId(11401): Struct(SymbolId(576), [SemanticTypeId(881)], [SemanticTypeId(932)])
Expr ExprId(2984): Reference(LifetimeId(0), Mutable, SemanticTypeId(95))
Expr ExprId(8122): Reference(LifetimeId(0), Immutable, SemanticTypeId(786))
Expr ExprId(10889): Primitive(U64)
Expr ExprId(8425): Never
Expr ExprId(2925): Void
Expr ExprId(8223): Reference(LifetimeId(0), Immutable, SemanticTypeId(786))
Expr ExprId(8131): Primitive(U64)
Expr ExprId(440): Primitive(U64)
Expr ExprId(6171): Reference(LifetimeId(0), Immutable, SemanticTypeId(124))
Expr ExprId(6494): Primitive(Bool)
Expr ExprId(103): Primitive(U32)
Expr ExprId(512): Pointer(Mutable, SemanticTypeId(1664))
Expr ExprId(2461): Primitive(U64)
Expr ExprId(7742): Primitive(U64)
Expr ExprId(11411): Struct(SymbolId(576), [SemanticTypeId(881)], [SemanticTypeId(932)])
Expr ExprId(11427): Struct(SymbolId(576), [SemanticTypeId(881)], [SemanticTypeId(932)])
Expr ExprId(3341): Reference(LifetimeId(0), Immutable, SemanticTypeId(11))
Expr ExprId(2234): Primitive(U64)
Expr ExprId(5576): Primitive(U64)
Expr ExprId(6771): Primitive(U8)
Expr ExprId(3476): GenericParam(SymbolId(760))
Expr ExprId(6727): Primitive(U32)
Expr ExprId(9759): Reference(LifetimeId(0), Mutable, SemanticTypeId(1078))
Expr ExprId(9071): Primitive(U64)
Expr ExprId(11465): Struct(SymbolId(579), [SemanticTypeId(881)], [SemanticTypeId(926)])
Expr ExprId(5703): Reference(LifetimeId(0), Immutable, SemanticTypeId(1776))
Expr ExprId(4417): Primitive(U64)
Expr ExprId(4130): GenericParam(SymbolId(461))
Expr ExprId(3772): GenericParam(SymbolId(408))
Expr ExprId(11070): Pointer(Immutable, SemanticTypeId(1109))
Expr ExprId(11291): Enum(SymbolId(58), [SemanticTypeId(1284)], [SemanticTypeId(1284), SemanticTypeId(0)])
Expr ExprId(9537): Primitive(U64)
Expr ExprId(6301): Primitive(U64)
Expr ExprId(365): Enum(SymbolId(58), [SemanticTypeId(1938)], [SemanticTypeId(1938), SemanticTypeId(0)])
Expr ExprId(9419): Primitive(U64)
Expr ExprId(7045): Primitive(U64)
Expr ExprId(9624): Primitive(U8)
Expr ExprId(1377): Function { params: [SemanticTypeId(702), SemanticTypeId(701)], return_type: SemanticTypeId(0) }
Expr ExprId(350): Enum(SymbolId(65), [SemanticTypeId(1935), SemanticTypeId(1884)], [SemanticTypeId(1935), SemanticTypeId(1884)])
Expr ExprId(2065): Function { params: [SemanticTypeId(543), SemanticTypeId(24), SemanticTypeId(24), SemanticTypeId(590)], return_type: SemanticTypeId(0) }
Expr ExprId(3370): Reference(LifetimeId(0), Immutable, SemanticTypeId(3))
Expr ExprId(3409): Primitive(Bool)
Expr ExprId(10457): Primitive(U64)
Expr ExprId(6021): Function { params: [SemanticTypeId(141), SemanticTypeId(1573)], return_type: SemanticTypeId(831) }
Expr ExprId(2040): Primitive(U64)
Expr ExprId(11539): Struct(SymbolId(573), [SemanticTypeId(901)], [SemanticTypeId(1046)])
Expr ExprId(2869): Void
Expr ExprId(67): Primitive(I32)
Expr ExprId(3729): Primitive(Bool)
Expr ExprId(10477): Primitive(U64)
Expr ExprId(2479): Pointer(Immutable, SemanticTypeId(532))
Expr ExprId(1006): Primitive(U64)
Expr ExprId(6864): Primitive(U64)
Expr ExprId(5826): Enum(SymbolId(65), [SemanticTypeId(0), SemanticTypeId(830)], [SemanticTypeId(0), SemanticTypeId(830)])
Expr ExprId(5821): Primitive(U128)
Expr ExprId(4021): GenericParam(SymbolId(444))
Expr ExprId(8520): Reference(LifetimeId(0), Immutable, SemanticTypeId(786))
Expr ExprId(11532): Primitive(U64)
Expr ExprId(10328): GenericParam(SymbolId(931))
Expr ExprId(5456): Pointer(Mutable, SemanticTypeId(1704))
Expr ExprId(3578): Reference(LifetimeId(0), Mutable, SemanticTypeId(87))
Expr ExprId(4056): Void
Expr ExprId(2258): Pointer(Immutable, SemanticTypeId(518))
Expr ExprId(407): Enum(SymbolId(58), [SemanticTypeId(1196)], [SemanticTypeId(1196), SemanticTypeId(0)])
Expr ExprId(4343): GenericParam(SymbolId(45))
Expr ExprId(3746): Void
Expr ExprId(276): GenericParam(SymbolId(1210))
Expr ExprId(8001): Pointer(Immutable, SemanticTypeId(91))
Expr ExprId(9688): Primitive(U64)
Expr ExprId(8256): Enum(SymbolId(58), [SemanticTypeId(24)], [SemanticTypeId(24), SemanticTypeId(0)])
Expr ExprId(5597): Pointer(Immutable, SemanticTypeId(1704))
Expr ExprId(7188): Enum(SymbolId(467), [], [SemanticTypeId(0)])
Expr ExprId(7443): Primitive(I32)
Expr ExprId(537): Primitive(U64)
Expr ExprId(9739): Primitive(I32)
Expr ExprId(6920): Primitive(Bool)
Expr ExprId(6848): Pointer(Immutable, SemanticTypeId(91))
Expr ExprId(978): Primitive(Bool)
Expr ExprId(1457): Primitive(Bool)
Expr ExprId(8811): Reference(LifetimeId(0), Immutable, SemanticTypeId(786))
Expr ExprId(3654): Enum(SymbolId(58), [SemanticTypeId(69)], [SemanticTypeId(69), SemanticTypeId(0)])
Expr ExprId(2104): Primitive(I32)
Expr ExprId(10112): Primitive(U64)
Expr ExprId(9474): Primitive(U64)
Expr ExprId(5575): Reference(LifetimeId(0), Mutable, SemanticTypeId(1706))
Expr ExprId(11243): Struct(SymbolId(496), [SemanticTypeId(1264), SemanticTypeId(1265)], [SemanticTypeId(1268), SemanticTypeId(24)])
Expr ExprId(2934): Primitive(U64)
Expr ExprId(11087): Primitive(I32)
Expr ExprId(11178): Function { params: [], return_type: SemanticTypeId(1155) }
Expr ExprId(7605): Enum(SymbolId(58), [SemanticTypeId(768)], [SemanticTypeId(768), SemanticTypeId(0)])
Expr ExprId(2002): Primitive(U64)
Expr ExprId(1463): Void
Expr ExprId(6437): Primitive(I32)
Expr ExprId(7114): Primitive(I32)
Expr ExprId(1356): Pointer(Mutable, SemanticTypeId(507))
Expr ExprId(2798): Primitive(U64)
Expr ExprId(7100): Primitive(U8)
Expr ExprId(4480): Reference(LifetimeId(0), Mutable, SemanticTypeId(1706))
Expr ExprId(5628): GenericParam(SymbolId(2927))
Expr ExprId(8183): Primitive(U64)
Expr ExprId(5319): Primitive(U64)
Expr ExprId(2042): Primitive(I32)
Expr ExprId(11039): Primitive(I32)
Expr ExprId(4527): Reference(LifetimeId(0), Mutable, SemanticTypeId(1706))
Expr ExprId(2770): Reference(LifetimeId(0), Immutable, SemanticTypeId(608))
Expr ExprId(9597): Primitive(Bool)
Expr ExprId(2733): Enum(SymbolId(58), [SemanticTypeId(24)], [SemanticTypeId(24), SemanticTypeId(0)])
Expr ExprId(2083): Function { params: [SemanticTypeId(572), SemanticTypeId(572)], return_type: SemanticTypeId(3) }
Expr ExprId(142): Primitive(I32)
Expr ExprId(10114): Primitive(Bool)
Expr ExprId(1154): Primitive(U64)
Expr ExprId(7977): Primitive(U64)
Expr ExprId(8703): Primitive(U64)
Expr ExprId(10905): Function { params: [SemanticTypeId(788), SemanticTypeId(24), SemanticTypeId(24)], return_type: SemanticTypeId(0) }
Expr ExprId(1101): Void
Expr ExprId(8162): Primitive(Usize)
Expr ExprId(9033): Primitive(U32)
Expr ExprId(5647): Reference(LifetimeId(0), Mutable, SemanticTypeId(1837))
Expr ExprId(5040): Pointer(Mutable, SemanticTypeId(1704))
Expr ExprId(4076): Primitive(I32)
Expr ExprId(7095): Reference(LifetimeId(0), Immutable, SemanticTypeId(786))
Expr ExprId(8132): Primitive(Bool)
Expr ExprId(3987): Void
Expr ExprId(4054): GenericParam(SymbolId(447))
Expr ExprId(2408): Primitive(U64)
Expr ExprId(6823): Enum(SymbolId(58), [SemanticTypeId(790)], [SemanticTypeId(790), SemanticTypeId(0)])
Expr ExprId(8090): Reference(LifetimeId(0), Immutable, SemanticTypeId(790))
Expr ExprId(6949): Function { params: [SemanticTypeId(705), SemanticTypeId(24)], return_type: SemanticTypeId(705) }
Expr ExprId(7382): Primitive(U64)
Expr ExprId(9838): Primitive(U64)
Expr ExprId(10614): Primitive(I32)
Expr ExprId(11000): Struct(SymbolId(480), [SemanticTypeId(1084), SemanticTypeId(1085)], [SemanticTypeId(788), SemanticTypeId(885), SemanticTypeId(1086), SemanticTypeId(1087), SemanticTypeId(24), SemanticTypeId(24), SemanticTypeId(24)])
Expr ExprId(9711): Reference(LifetimeId(0), Immutable, SemanticTypeId(1074))
Expr ExprId(9724): Void
Expr ExprId(10603): Primitive(U8)
Expr ExprId(984): Primitive(I32)
Expr ExprId(6040): Primitive(Char)
Expr ExprId(5744): Primitive(Bool)
Expr ExprId(6553): Primitive(I32)
Expr ExprId(4598): Function { params: [SemanticTypeId(709), SemanticTypeId(24)], return_type: SemanticTypeId(709) }
Expr ExprId(4500): Primitive(U64)
Expr ExprId(299): GenericParam(SymbolId(1210))
Expr ExprId(3569): Void
Expr ExprId(3502): Primitive(Bool)
Expr ExprId(7051): Reference(LifetimeId(0), Immutable, SemanticTypeId(786))
Expr ExprId(3540): GenericParam(SymbolId(761))
Expr ExprId(7928): Pointer(Immutable, SemanticTypeId(91))
Expr ExprId(8763): Void
Expr ExprId(10963): Reference(LifetimeId(0), Mutable, SemanticTypeId(1089))
Expr ExprId(6610): Primitive(U8)
Expr ExprId(6761): Primitive(U64)
Expr ExprId(2855): Primitive(Bool)
Expr ExprId(5857): Primitive(I128)
Expr ExprId(9629): Reference(LifetimeId(0), Immutable, SemanticTypeId(1078))
Expr ExprId(11555): Void
Expr ExprId(667): Primitive(Bool)
Expr ExprId(11519): Struct(SymbolId(576), [SemanticTypeId(909)], [SemanticTypeId(913)])
Expr ExprId(9124): Primitive(U64)
Expr ExprId(687): Primitive(Bool)
Expr ExprId(7169): Primitive(U64)
Expr ExprId(3812): Primitive(Bool)
Expr ExprId(2747): Void
Expr ExprId(7879): Primitive(U8)
Expr ExprId(3955): Primitive(I32)
Expr ExprId(9336): Struct(SymbolId(33), [SemanticTypeId(91)], [SemanticTypeId(788), SemanticTypeId(24), SemanticTypeId(24)])
Expr ExprId(10375): Primitive(U64)
Expr ExprId(3706): Enum(SymbolId(58), [SemanticTypeId(397)], [SemanticTypeId(397), SemanticTypeId(0)])
Expr ExprId(6621): Primitive(Bool)
Expr ExprId(548): Primitive(U8)
Expr ExprId(5008): Primitive(U64)
Expr ExprId(9727): GenericParam(SymbolId(931))
Expr ExprId(6747): Primitive(String)
Expr ExprId(8099): Primitive(U64)
Expr ExprId(2395): Pointer(Immutable, SemanticTypeId(516))
Expr ExprId(2036): Void
Expr ExprId(9068): Primitive(Bool)
Expr ExprId(8827): Primitive(Bool)
Expr ExprId(7099): Primitive(U64)
Expr ExprId(2385): Function { params: [SemanticTypeId(531), SemanticTypeId(24), SemanticTypeId(24), SemanticTypeId(24)], return_type: SemanticTypeId(0) }
Expr ExprId(4390): Reference(LifetimeId(0), Mutable, SemanticTypeId(1724))
Expr ExprId(9427): Primitive(U64)
Expr ExprId(10962): Struct(SymbolId(496), [SemanticTypeId(1066), SemanticTypeId(1067)], [SemanticTypeId(1070), SemanticTypeId(24)])
Expr ExprId(3809): GenericParam(SymbolId(415))
Expr ExprId(1167): Enum(SymbolId(58), [SemanticTypeId(583)], [SemanticTypeId(583), SemanticTypeId(0)])
Expr ExprId(4912): Pointer(Mutable, SemanticTypeId(1704))
Expr ExprId(10927): Primitive(I32)
Expr ExprId(874): Reference(LifetimeId(0), Immutable, SemanticTypeId(11))
Expr ExprId(8529): Primitive(U8)
Expr ExprId(5568): Void
Expr ExprId(5438): Primitive(U64)
Expr ExprId(532): Primitive(U64)
Expr ExprId(8907): Reference(LifetimeId(0), Immutable, SemanticTypeId(790))
Expr ExprId(3642): Enum(SymbolId(58), [SemanticTypeId(115)], [SemanticTypeId(115), SemanticTypeId(0)])
Expr ExprId(666): Primitive(U64)
Expr ExprId(7992): Reference(LifetimeId(0), Immutable, SemanticTypeId(786))
Expr ExprId(2437): Primitive(I32)
Expr ExprId(6433): Primitive(I32)
Expr ExprId(11600): Primitive(I32)
Expr ExprId(851): Primitive(I32)
Expr ExprId(398): Enum(SymbolId(58), [SemanticTypeId(1209)], [SemanticTypeId(1209), SemanticTypeId(0)])
Expr ExprId(9883): Primitive(U64)
Expr ExprId(2757): Primitive(Bool)
Expr ExprId(8097): Primitive(Bool)
Expr ExprId(9012): Void
Expr ExprId(5619): Reference(LifetimeId(0), Immutable, SemanticTypeId(1800))
Expr ExprId(5090): Function { params: [SemanticTypeId(702), SemanticTypeId(701)], return_type: SemanticTypeId(0) }
Expr ExprId(1292): Primitive(U64)
Expr ExprId(7807): Primitive(U8)
Expr ExprId(8821): Reference(LifetimeId(0), Immutable, SemanticTypeId(790))
Expr ExprId(7437): Primitive(U64)
Expr ExprId(7362): Primitive(Bool)
Expr ExprId(6857): Function { params: [], return_type: SemanticTypeId(2) }
Expr ExprId(11097): Primitive(U8)
Expr ExprId(4037): Enum(SymbolId(58), [SemanticTypeId(407)], [SemanticTypeId(407), SemanticTypeId(0)])
Expr ExprId(2973): Primitive(I32)
Expr ExprId(9554): Void
Expr ExprId(4759): Pointer(Mutable, SemanticTypeId(1704))
Expr ExprId(7446): Primitive(U32)
Expr ExprId(6817): Primitive(U64)
Expr ExprId(5715): Primitive(U64)
Expr ExprId(8187): Primitive(Bool)
Expr ExprId(6051): Enum(SymbolId(467), [], [SemanticTypeId(0)])
Expr ExprId(5092): Primitive(U64)
Expr ExprId(7507): Primitive(U32)
Expr ExprId(7187): Enum(SymbolId(65), [SemanticTypeId(0), SemanticTypeId(830)], [SemanticTypeId(0), SemanticTypeId(830)])
Expr ExprId(7230): Primitive(U64)
Expr ExprId(7469): Primitive(U64)
Expr ExprId(9674): Enum(SymbolId(477), [], [SemanticTypeId(24), SemanticTypeId(24)])
Expr ExprId(9110): Primitive(U64)
Expr ExprId(6534): Primitive(U8)
Expr ExprId(2607): Primitive(U64)
Expr ExprId(7108): Void
Expr ExprId(7569): Enum(SymbolId(58), [SemanticTypeId(768)], [SemanticTypeId(768), SemanticTypeId(0)])
Expr ExprId(11628): Reference(LifetimeId(0), Immutable, SemanticTypeId(3))
Expr ExprId(7717): Pointer(Immutable, SemanticTypeId(91))
Expr ExprId(11452): Reference(LifetimeId(0), Immutable, SemanticTypeId(881))
Expr ExprId(2678): Primitive(U64)
Expr ExprId(3252): Primitive(U16)
Expr ExprId(4004): Primitive(I32)
Expr ExprId(2052): Primitive(U64)
Expr ExprId(1131): Pointer(Mutable, SemanticTypeId(506))
Expr ExprId(2681): Void
Expr ExprId(9345): Struct(SymbolId(366), [], [SemanticTypeId(792), SemanticTypeId(24)])
Expr ExprId(8782): Primitive(U64)
Expr ExprId(7151): Reference(LifetimeId(0), Immutable, SemanticTypeId(790))
Expr ExprId(2185): Primitive(U64)
Expr ExprId(813): Primitive(I32)
Expr ExprId(9150): Primitive(U64)
Expr ExprId(5936): Primitive(Bool)
Expr ExprId(5812): Reference(LifetimeId(0), Mutable, SemanticTypeId(1572))
Expr ExprId(628): Void
Expr ExprId(668): Primitive(Bool)
Expr ExprId(522): Pointer(Mutable, SemanticTypeId(1664))
Expr ExprId(4155): Void
Expr ExprId(1011): Function { params: [], return_type: SemanticTypeId(0) }
Expr ExprId(10888): Reference(LifetimeId(0), Mutable, SemanticTypeId(1105))
Expr ExprId(5549): Primitive(I32)
Expr ExprId(2598): Void
Expr ExprId(5127): Pointer(Immutable, SemanticTypeId(1704))
Expr ExprId(4436): Primitive(U64)
Expr ExprId(8484): Primitive(I32)
Expr ExprId(5684): Reference(LifetimeId(0), Mutable, SemanticTypeId(1790))
Expr ExprId(7298): Primitive(I32)
Expr ExprId(4316): Primitive(I32)
Expr ExprId(9566): Reference(LifetimeId(0), Immutable, SemanticTypeId(1078))
Expr ExprId(10100): Reference(LifetimeId(0), Mutable, SemanticTypeId(1078))
Expr ExprId(173): Enum(SymbolId(58), [SemanticTypeId(1469)], [SemanticTypeId(1469), SemanticTypeId(0)])
Expr ExprId(825): Primitive(U64)
Expr ExprId(2237): Primitive(I32)
Expr ExprId(8330): Primitive(U64)
Expr ExprId(11274): Void
Expr ExprId(4909): Primitive(Bool)
Expr ExprId(699): Reference(LifetimeId(0), Immutable, SemanticTypeId(4))
Expr ExprId(8357): Primitive(U64)
Expr ExprId(11416): Struct(SymbolId(579), [SemanticTypeId(881)], [SemanticTypeId(926)])
Expr ExprId(768): Primitive(Bool)
Expr ExprId(2548): Primitive(I32)
Expr ExprId(6730): Primitive(U32)
Expr ExprId(511): Void
Expr ExprId(1742): Pointer(Mutable, SemanticTypeId(526))
Expr ExprId(10271): Reference(LifetimeId(0), Mutable, SemanticTypeId(1078))
Expr ExprId(9397): Struct(SymbolId(351), [], [SemanticTypeId(789)])
Expr ExprId(4001): Void
Expr ExprId(4371): Reference(LifetimeId(0), Mutable, SemanticTypeId(1757))
Expr ExprId(4362): Reference(LifetimeId(0), Mutable, SemanticTypeId(1757))
Expr ExprId(10728): Function { params: [], return_type: SemanticTypeId(24) }
Expr ExprId(2415): Reference(LifetimeId(0), Immutable, SemanticTypeId(516))
Expr ExprId(3160): GenericParam(SymbolId(732))
Expr ExprId(1764): Primitive(U64)
Expr ExprId(11201): GenericParam(SymbolId(988))
Expr ExprId(10705): Primitive(I32)
Expr ExprId(9504): Pointer(Mutable, SemanticTypeId(91))
Expr ExprId(700): Primitive(Bool)
Expr ExprId(9094): Reference(LifetimeId(0), Immutable, SemanticTypeId(786))
Expr ExprId(7625): Primitive(U64)
Expr ExprId(516): Primitive(Bool)
Expr ExprId(2121): Reference(LifetimeId(0), Immutable, SemanticTypeId(3))
Expr ExprId(7163): Void
Expr ExprId(3130): Void
Expr ExprId(9052): Primitive(I32)
Expr ExprId(9134): Primitive(U64)
Expr ExprId(388): Enum(SymbolId(9), [SemanticTypeId(1208), SemanticTypeId(1198)], [SemanticTypeId(1198), SemanticTypeId(1208)])
Expr ExprId(8634): Primitive(U64)
Expr ExprId(2890): Reference(LifetimeId(0), Mutable, SemanticTypeId(567))
Expr ExprId(10652): Pointer(Immutable, SemanticTypeId(91))
Expr ExprId(5567): GenericParam(SymbolId(2871))
Expr ExprId(8653): Primitive(U64)
Expr ExprId(1242): Pointer(Immutable, SemanticTypeId(601))
Expr ExprId(2994): GenericParam(SymbolId(748))
Expr ExprId(10558): Function { params: [SemanticTypeId(24), SemanticTypeId(24)], return_type: SemanticTypeId(788) }
Expr ExprId(692): Primitive(I32)
Expr ExprId(11468): Primitive(Bool)
Expr ExprId(5485): Primitive(U64)
Expr ExprId(9926): Primitive(I32)
Expr ExprId(530): Pointer(Mutable, SemanticTypeId(91))
Expr ExprId(6365): Void
Expr ExprId(7738): Struct(SymbolId(33), [SemanticTypeId(91)], [SemanticTypeId(788), SemanticTypeId(24), SemanticTypeId(24)])
Expr ExprId(2693): Reference(LifetimeId(0), Immutable, SemanticTypeId(604))
Expr ExprId(2359): Function { params: [SemanticTypeId(709), SemanticTypeId(24)], return_type: SemanticTypeId(709) }
Expr ExprId(9932): Primitive(U64)
Expr ExprId(5595): Reference(LifetimeId(0), Mutable, SemanticTypeId(1706))
Expr ExprId(6419): Primitive(Bool)
Expr ExprId(6126): Reference(LifetimeId(0), Mutable, SemanticTypeId(1596))
Expr ExprId(4135): Primitive(Bool)
Expr ExprId(5900): Enum(SymbolId(65), [SemanticTypeId(0), SemanticTypeId(830)], [SemanticTypeId(0), SemanticTypeId(830)])
Expr ExprId(6716): Primitive(U32)
Expr ExprId(6994): Primitive(Bool)
Expr ExprId(9606): Function { params: [SemanticTypeId(705), SemanticTypeId(24)], return_type: SemanticTypeId(705) }
Expr ExprId(7984): Primitive(U64)
Expr ExprId(5061): Reference(LifetimeId(0), Immutable, SemanticTypeId(1766))
Expr ExprId(7256): Primitive(U32)
Expr ExprId(4538): Void
Expr ExprId(2050): Pointer(Mutable, SemanticTypeId(535))
Expr ExprId(1214): Primitive(U64)
Expr ExprId(6183): Reference(LifetimeId(0), Immutable, SemanticTypeId(24))
Expr ExprId(9618): Enum(SymbolId(477), [], [SemanticTypeId(24), SemanticTypeId(24)])
Expr ExprId(2264): Primitive(I32)
Expr ExprId(6508): Reference(LifetimeId(0), Immutable, SemanticTypeId(786))
Expr ExprId(1886): Pointer(Immutable, SemanticTypeId(520))
Expr ExprId(1855): Void
Expr ExprId(2556): Void
Expr ExprId(9636): Primitive(I32)
Expr ExprId(1540): Pointer(Mutable, SemanticTypeId(577))
Expr ExprId(10184): Pointer(Mutable, SemanticTypeId(1075))
Expr ExprId(10559): Primitive(U64)
Expr ExprId(1014): Primitive(I32)
Expr ExprId(4000): Void
Expr ExprId(6334): Primitive(U128)
Expr ExprId(4571): Pointer(Immutable, SemanticTypeId(1704))
Expr ExprId(9931): Primitive(I32)
Expr ExprId(751): Reference(LifetimeId(0), Immutable, SemanticTypeId(141))
Expr ExprId(11374): Reference(LifetimeId(0), Immutable, SemanticTypeId(897))
Expr ExprId(4548): Reference(LifetimeId(0), Mutable, SemanticTypeId(1706))
Expr ExprId(5685): Pointer(Mutable, SemanticTypeId(1788))
Expr ExprId(11035): Reference(LifetimeId(0), Mutable, SemanticTypeId(1112))
Expr ExprId(6131): Enum(SymbolId(467), [], [SemanticTypeId(0)])
Expr ExprId(1815): Function { params: [SemanticTypeId(569), SemanticTypeId(569)], return_type: SemanticTypeId(3) }
Expr ExprId(3244): Primitive(U16)
Expr ExprId(2834): Primitive(U64)
Expr ExprId(9404): GenericParam(SymbolId(873))
Expr ExprId(10327): Pointer(Mutable, SemanticTypeId(1075))
Expr ExprId(592): Pointer(Mutable, SemanticTypeId(91))
Expr ExprId(3586): Enum(SymbolId(58), [SemanticTypeId(248)], [SemanticTypeId(248), SemanticTypeId(0)])
Expr ExprId(1217): Reference(LifetimeId(0), Mutable, SemanticTypeId(610))
Expr ExprId(1515): Pointer(Mutable, SemanticTypeId(577))
Expr ExprId(6315): Primitive(Isize)
Expr ExprId(2434): Primitive(Bool)
Expr ExprId(794): Reference(LifetimeId(0), Immutable, SemanticTypeId(124))
Expr ExprId(3266): Reference(LifetimeId(0), Immutable, SemanticTypeId(8))
Expr ExprId(6791): Function { params: [SemanticTypeId(24)], return_type: SemanticTypeId(875) }
Expr ExprId(5223): Primitive(U64)
Expr ExprId(730): Primitive(Usize)
Expr ExprId(10772): Void
Expr ExprId(11260): Primitive(Bool)
Expr ExprId(3714): Primitive(Bool)
Expr ExprId(9144): Void
Expr ExprId(5960): Enum(SymbolId(65), [SemanticTypeId(0), SemanticTypeId(830)], [SemanticTypeId(0), SemanticTypeId(830)])
Expr ExprId(4429): Reference(LifetimeId(0), Mutable, SemanticTypeId(1724))
Expr ExprId(678): Reference(LifetimeId(0), Immutable, SemanticTypeId(1648))
Expr ExprId(8522): Primitive(U8)
Expr ExprId(4578): Pointer(Immutable, SemanticTypeId(1704))
Expr ExprId(56): Primitive(I32)
Expr ExprId(5773): Reference(LifetimeId(0), Mutable, SemanticTypeId(1591))
Expr ExprId(7831): Primitive(U32)
Expr ExprId(4401): Primitive(U64)
Expr ExprId(1204): Primitive(U64)
Expr ExprId(10700): GenericParam(SymbolId(931))
Expr ExprId(11219): Struct(SymbolId(480), [SemanticTypeId(1264), SemanticTypeId(1265)], [SemanticTypeId(788), SemanticTypeId(885), SemanticTypeId(1266), SemanticTypeId(1267), SemanticTypeId(24), SemanticTypeId(24), SemanticTypeId(24)])
Expr ExprId(6603): Primitive(U64)
Expr ExprId(7315): Primitive(U32)
Expr ExprId(2706): Primitive(U64)
Expr ExprId(6546): Primitive(Bool)
Expr ExprId(3291): Reference(LifetimeId(0), Immutable, SemanticTypeId(24))
Expr ExprId(427): Pointer(Immutable, SemanticTypeId(1203))
Expr ExprId(10596): Primitive(U64)
Expr ExprId(5328): Primitive(I32)
Expr ExprId(10177): Primitive(U64)
Expr ExprId(8185): Pointer(Immutable, SemanticTypeId(91))
Expr ExprId(4055): GenericParam(SymbolId(447))
Expr ExprId(553): Primitive(I32)
Expr ExprId(3936): Primitive(I32)
Expr ExprId(7937): Pointer(Immutable, SemanticTypeId(91))
Expr ExprId(8143): Primitive(U64)
Expr ExprId(2929): Reference(LifetimeId(0), Mutable, SemanticTypeId(103))
Expr ExprId(9876): Function { params: [SemanticTypeId(702), SemanticTypeId(701)], return_type: SemanticTypeId(0) }
Expr ExprId(6976): Primitive(U64)
Expr ExprId(761): Reference(LifetimeId(0), Immutable, SemanticTypeId(754))
Expr ExprId(10181): Pointer(Mutable, SemanticTypeId(1075))
Expr ExprId(4236): Void
Expr ExprId(2460): Primitive(U64)
Expr ExprId(11593): Primitive(I32)
Expr ExprId(3443): Function { params: [SemanticTypeId(375), SemanticTypeId(374)], return_type: SemanticTypeId(374) }
Expr ExprId(5299): Primitive(U64)
Expr ExprId(10817): Primitive(I32)
Expr ExprId(1704): Pointer(Immutable, SemanticTypeId(526))
Expr ExprId(7295): Primitive(U64)
Expr ExprId(2006): Primitive(U64)
Expr ExprId(5350): Function { params: [SemanticTypeId(709), SemanticTypeId(24)], return_type: SemanticTypeId(709) }
Expr ExprId(10059): Pointer(Mutable, SemanticTypeId(1075))
Expr ExprId(10040): Primitive(U64)
Expr ExprId(10025): Primitive(U64)
Expr ExprId(11577): GenericParam(SymbolId(569))
Expr ExprId(6057): Enum(SymbolId(65), [SemanticTypeId(0), SemanticTypeId(830)], [SemanticTypeId(0), SemanticTypeId(830)])
Expr ExprId(456): Primitive(U64)
Expr ExprId(507): Primitive(U64)
Expr ExprId(5767): Enum(SymbolId(65), [SemanticTypeId(0), SemanticTypeId(830)], [SemanticTypeId(0), SemanticTypeId(830)])
Expr ExprId(2536): Primitive(U64)
Expr ExprId(4521): Enum(SymbolId(58), [SemanticTypeId(1704)], [SemanticTypeId(1704), SemanticTypeId(0)])
Expr ExprId(10719): Primitive(U64)
Expr ExprId(1625): Void
Expr ExprId(1842): GenericParam(SymbolId(1637))
Expr ExprId(2957): Primitive(U64)
Expr ExprId(1568): Primitive(U64)
Expr ExprId(11079): Primitive(U64)
Expr ExprId(993): Primitive(I32)
Expr ExprId(7064): Reference(LifetimeId(0), Immutable, SemanticTypeId(786))
Expr ExprId(8470): Struct(SymbolId(33), [SemanticTypeId(91)], [SemanticTypeId(788), SemanticTypeId(24), SemanticTypeId(24)])
Expr ExprId(9048): Primitive(U32)
Expr ExprId(9604): Pointer(Immutable, SemanticTypeId(91))
Expr ExprId(6404): Primitive(U8)
Expr ExprId(6333): Primitive(U128)
Expr ExprId(9247): Reference(LifetimeId(0), Immutable, SemanticTypeId(786))
Expr ExprId(931): Primitive(Bool)
Expr ExprId(6726): Primitive(U32)
Expr ExprId(5030): Primitive(I32)
Expr ExprId(9991): Reference(LifetimeId(0), Mutable, SemanticTypeId(1078))
Expr ExprId(650): Void
Expr ExprId(2802): Primitive(U64)
Expr ExprId(3375): Reference(LifetimeId(0), Immutable, SemanticTypeId(3))
Expr ExprId(7445): Primitive(U32)
Expr ExprId(9575): Primitive(Bool)
Expr ExprId(6544): Primitive(U8)
Expr ExprId(1927): Primitive(U64)
Expr ExprId(10793): Pointer(Immutable, SemanticTypeId(91))
Expr ExprId(9970): Reference(LifetimeId(0), Mutable, SemanticTypeId(1078))
Expr ExprId(9673): Primitive(Bool)
Expr ExprId(9021): Primitive(U32)
Expr ExprId(11155): Reference(LifetimeId(0), Mutable, SemanticTypeId(1344))
Expr ExprId(644): GenericParam(SymbolId(644))
Expr ExprId(139): Reference(LifetimeId(0), Mutable, SemanticTypeId(1459))
Expr ExprId(5306): Function { params: [SemanticTypeId(705), SemanticTypeId(24)], return_type: SemanticTypeId(705) }
Expr ExprId(11621): Struct(SymbolId(33), [SemanticTypeId(3)], [SemanticTypeId(727), SemanticTypeId(24), SemanticTypeId(24)])
Expr ExprId(2203): Void
Expr ExprId(4774): Reference(LifetimeId(0), Mutable, SemanticTypeId(1706))
Expr ExprId(7710): Primitive(U8)
Expr ExprId(9125): Primitive(U64)
Expr ExprId(988): Primitive(I32)
Expr ExprId(3517): GenericParam(SymbolId(755))
Expr ExprId(5886): Enum(SymbolId(65), [SemanticTypeId(0), SemanticTypeId(830)], [SemanticTypeId(0), SemanticTypeId(830)])
Expr ExprId(5262): Primitive(U64)
Expr ExprId(9259): Pointer(Immutable, SemanticTypeId(91))
Expr ExprId(6173): Primitive(U64)
Expr ExprId(306): GenericParam(SymbolId(1210))
Expr ExprId(7797): Primitive(U8)
Expr ExprId(7275): Enum(SymbolId(65), [SemanticTypeId(0), SemanticTypeId(830)], [SemanticTypeId(0), SemanticTypeId(830)])
Expr ExprId(1721): Void
Expr ExprId(6464): Primitive(U8)
Expr ExprId(3325): Primitive(I8)
Expr ExprId(9265): Function { params: [SemanticTypeId(705), SemanticTypeId(24)], return_type: SemanticTypeId(705) }
Expr ExprId(6604): Primitive(U8)
Expr ExprId(8904): Struct(SymbolId(351), [], [SemanticTypeId(789)])
Expr ExprId(5834): Reference(LifetimeId(0), Mutable, SemanticTypeId(1608))
Expr ExprId(520): Primitive(U64)
Expr ExprId(2942): Primitive(U64)
Expr ExprId(2035): Function { params: [SemanticTypeId(702), SemanticTypeId(701)], return_type: SemanticTypeId(0) }
Expr ExprId(1218): Pointer(Mutable, SemanticTypeId(609))
Expr ExprId(4125): GenericParam(SymbolId(457))
Expr ExprId(2713): Primitive(U64)
Expr ExprId(1467): Enum(SymbolId(58), [SemanticTypeId(24)], [SemanticTypeId(24), SemanticTypeId(0)])
Expr ExprId(10550): Function { params: [], return_type: SemanticTypeId(24) }
Expr ExprId(5584): Primitive(U64)
Expr ExprId(10775): Pointer(Mutable, SemanticTypeId(1074))
Expr ExprId(1184): Primitive(Usize)
Expr ExprId(6019): Reference(LifetimeId(0), Mutable, SemanticTypeId(1589))
Expr ExprId(7512): Primitive(U64)
Expr ExprId(9675): Primitive(U64)
Expr ExprId(5183): Primitive(I32)
Expr ExprId(9861): Pointer(Mutable, SemanticTypeId(1074))
Expr ExprId(4729): Primitive(U64)
Expr ExprId(4299): Function { params: [], return_type: SemanticTypeId(879) }
Expr ExprId(3230): Primitive(Bool)
Expr ExprId(2493): Function { params: [SemanticTypeId(702), SemanticTypeId(701)], return_type: SemanticTypeId(0) }
Expr ExprId(8263): Primitive(I32)
Expr ExprId(8325): Primitive(U64)
Expr ExprId(5033): Primitive(U64)
Expr ExprId(6298): Function { params: [SemanticTypeId(24)], return_type: SemanticTypeId(24) }
Expr ExprId(7740): Reference(LifetimeId(0), Immutable, SemanticTypeId(786))
Expr ExprId(793): Primitive(U16)
Expr ExprId(5777): Primitive(U8)
Expr ExprId(566): Reference(LifetimeId(0), Immutable, SemanticTypeId(1679))
Expr ExprId(9145): Struct(SymbolId(33), [SemanticTypeId(790)], [SemanticTypeId(801), SemanticTypeId(24), SemanticTypeId(24)])
Expr ExprId(8674): Primitive(I32)
Expr ExprId(5667): Function { params: [SemanticTypeId(709), SemanticTypeId(24)], return_type: SemanticTypeId(709) }
Expr ExprId(5229): Primitive(U64)
Expr ExprId(153): Function { params: [], return_type: SemanticTypeId(2) }
Expr ExprId(9813): Void
Expr ExprId(5891): Reference(LifetimeId(0), Mutable, SemanticTypeId(1619))
Expr ExprId(1545): Primitive(U64)
Expr ExprId(4091): Enum(SymbolId(58), [SemanticTypeId(403)], [SemanticTypeId(403), SemanticTypeId(0)])
Expr ExprId(8915): Primitive(I32)
Expr ExprId(9853): Primitive(U64)
Expr ExprId(10311): Primitive(Bool)
Expr ExprId(3082): Reference(LifetimeId(0), Mutable, SemanticTypeId(308))
Expr ExprId(8361): Primitive(U64)
Expr ExprId(3675): Enum(SymbolId(58), [SemanticTypeId(69)], [SemanticTypeId(69), SemanticTypeId(0)])
Expr ExprId(1837): Pointer(Mutable, SemanticTypeId(520))
Expr ExprId(7335): Primitive(Bool)
Expr ExprId(1987): GenericParam(SymbolId(1637))
Expr ExprId(4764): Primitive(U64)
Expr ExprId(5464): Primitive(U64)
Expr ExprId(7357): Primitive(U64)
Expr ExprId(5065): Reference(LifetimeId(0), Mutable, SemanticTypeId(1706))
Expr ExprId(476): Primitive(U64)
Expr ExprId(18): Primitive(I32)
Expr ExprId(6488): Primitive(U8)
Expr ExprId(9550): Primitive(U64)
Expr ExprId(9421): Primitive(U64)
Expr ExprId(1152): Primitive(U64)
Expr ExprId(2960): Primitive(U64)
Expr ExprId(8284): Primitive(U8)
Expr ExprId(881): Primitive(I32)
Expr ExprId(7350): Enum(SymbolId(65), [SemanticTypeId(0), SemanticTypeId(830)], [SemanticTypeId(0), SemanticTypeId(830)])
Expr ExprId(4583): Enum(SymbolId(58), [SemanticTypeId(1719)], [SemanticTypeId(1719), SemanticTypeId(0)])
Expr ExprId(2821): Primitive(Usize)
Expr ExprId(3736): Enum(SymbolId(58), [SemanticTypeId(382)], [SemanticTypeId(382), SemanticTypeId(0)])
Expr ExprId(6990): Reference(LifetimeId(0), Mutable, SemanticTypeId(790))
Expr ExprId(4755): Primitive(U64)
Expr ExprId(10281): Primitive(U64)
Expr ExprId(5260): Primitive(U64)
Expr ExprId(1785): Function { params: [SemanticTypeId(569), SemanticTypeId(569)], return_type: SemanticTypeId(3) }
Expr ExprId(10138): Void
Expr ExprId(6504): Primitive(I32)
Expr ExprId(6226): Function { params: [SemanticTypeId(141), SemanticTypeId(1573)], return_type: SemanticTypeId(831) }
Expr ExprId(1097): Primitive(Bool)
Expr ExprId(1363): Pointer(Immutable, SemanticTypeId(507))
Expr ExprId(10720): Reference(LifetimeId(0), Mutable, SemanticTypeId(1078))
Expr ExprId(1373): Void
Expr ExprId(5807): Reference(LifetimeId(0), Mutable, SemanticTypeId(1572))
Expr ExprId(8355): Primitive(Bool)
Expr ExprId(10176): Primitive(U64)
Expr ExprId(9424): Struct(SymbolId(480), [SemanticTypeId(1149), SemanticTypeId(1124)], [SemanticTypeId(788), SemanticTypeId(885), SemanticTypeId(1153), SemanticTypeId(1154), SemanticTypeId(24), SemanticTypeId(24), SemanticTypeId(24)])
Expr ExprId(4146): Primitive(Bool)
Expr ExprId(5586): Reference(LifetimeId(0), Mutable, SemanticTypeId(1706))
Expr ExprId(2657): Function { params: [SemanticTypeId(522), SemanticTypeId(24), SemanticTypeId(24), SemanticTypeId(24)], return_type: SemanticTypeId(0) }
Expr ExprId(10306): Void
Expr ExprId(10717): Function { params: [], return_type: SemanticTypeId(24) }
Expr ExprId(10090): Reference(LifetimeId(0), Mutable, SemanticTypeId(1078))
Expr ExprId(10829): Pointer(Immutable, SemanticTypeId(91))
Expr ExprId(5234): Reference(LifetimeId(0), Mutable, SemanticTypeId(1706))
Expr ExprId(9320): Void
Expr ExprId(6624): Primitive(I32)
Expr ExprId(7233): Primitive(U8)
Expr ExprId(10527): Primitive(Bool)
Expr ExprId(4826): Primitive(U64)
Expr ExprId(4427): Primitive(U64)
Expr ExprId(2286): Pointer(Mutable, SemanticTypeId(518))
Expr ExprId(1386): Primitive(U64)
Expr ExprId(10258): Primitive(U64)
Expr ExprId(9644): Reference(LifetimeId(0), Immutable, SemanticTypeId(1078))
Expr ExprId(9863): Pointer(Mutable, SemanticTypeId(1074))
Expr ExprId(3127): Reference(LifetimeId(0), Mutable, SemanticTypeId(294))
Expr ExprId(2407): Pointer(Immutable, SemanticTypeId(516))
Expr ExprId(6769): Primitive(U8)
Expr ExprId(2048): Primitive(Bool)
Expr ExprId(6565): Primitive(Bool)
Expr ExprId(10747): Primitive(U64)
Expr ExprId(10303): Reference(LifetimeId(0), Immutable, SemanticTypeId(1075))
Expr ExprId(387): Enum(SymbolId(9), [SemanticTypeId(1208), SemanticTypeId(1198)], [SemanticTypeId(1198), SemanticTypeId(1208)])
Expr ExprId(8513): Function { params: [SemanticTypeId(24)], return_type: SemanticTypeId(875) }
Expr ExprId(5760): Primitive(U64)
Expr ExprId(596): Void
Expr ExprId(5057): Reference(LifetimeId(0), Immutable, SemanticTypeId(1766))
Expr ExprId(9650): Primitive(U64)
Expr ExprId(4501): Primitive(I32)
Expr ExprId(5719): Reference(LifetimeId(0), Immutable, SemanticTypeId(1745))
Expr ExprId(5533): Function { params: [SemanticTypeId(509)], return_type: SemanticTypeId(0) }
Expr ExprId(5014): Void
Expr ExprId(363): Enum(SymbolId(65), [SemanticTypeId(1888), SemanticTypeId(1904)], [SemanticTypeId(1888), SemanticTypeId(1904)])
Expr ExprId(290): Enum(SymbolId(65), [SemanticTypeId(1869), SemanticTypeId(1870)], [SemanticTypeId(1869), SemanticTypeId(1870)])
Expr ExprId(7063): Reference(LifetimeId(0), Immutable, SemanticTypeId(790))
Expr ExprId(4735): Primitive(I32)
Expr ExprId(11041): Primitive(U64)
Expr ExprId(647): Pointer(Mutable, SemanticTypeId(374))
Expr ExprId(7086): Primitive(U64)
Expr ExprId(6003): Function { params: [SemanticTypeId(141), SemanticTypeId(1573)], return_type: SemanticTypeId(831) }
Expr ExprId(6684): Primitive(U32)
Expr ExprId(3347): Primitive(I16)
Expr ExprId(6708): Primitive(U32)
Expr ExprId(3959): Void
Expr ExprId(4409): Primitive(U64)
Expr ExprId(3577): Enum(SymbolId(58), [SemanticTypeId(84)], [SemanticTypeId(84), SemanticTypeId(0)])
Expr ExprId(2202): Primitive(Bool)
Expr ExprId(107): Primitive(U32)
Expr ExprId(3361): Reference(LifetimeId(0), Immutable, SemanticTypeId(3))
Expr ExprId(1619): Primitive(U64)
Expr ExprId(3781): Void
Expr ExprId(10513): Primitive(U64)
Expr ExprId(3778): Primitive(Bool)
Expr ExprId(807): Reference(LifetimeId(0), Immutable, SemanticTypeId(8))
Expr ExprId(9478): Primitive(U64)
Expr ExprId(8326): Primitive(Bool)
Expr ExprId(183): Function { params: [], return_type: SemanticTypeId(1459) }
Expr ExprId(8382): Primitive(U64)
Expr ExprId(3111): Reference(LifetimeId(0), Mutable, SemanticTypeId(294))
Expr ExprId(11586): Primitive(Bool)
Expr ExprId(10519): Primitive(U64)
Expr ExprId(9240): Reference(LifetimeId(0), Immutable, SemanticTypeId(786))
Expr ExprId(1709): Reference(LifetimeId(0), Immutable, SemanticTypeId(526))
Expr ExprId(9069): Struct(SymbolId(33), [SemanticTypeId(790)], [SemanticTypeId(801), SemanticTypeId(24), SemanticTypeId(24)])
Expr ExprId(8359): Primitive(I32)
Expr ExprId(5236): GenericParam(SymbolId(2871))
Expr ExprId(3088): Struct(SymbolId(233), [SemanticTypeId(101), SemanticTypeId(336)], [SemanticTypeId(101), SemanticTypeId(337)])
Expr ExprId(10467): Primitive(U64)
Expr ExprId(10251): Function { params: [SemanticTypeId(702), SemanticTypeId(701)], return_type: SemanticTypeId(0) }
Expr ExprId(8011): Primitive(U64)
Expr ExprId(9602): Reference(LifetimeId(0), Immutable, SemanticTypeId(1078))
Expr ExprId(10257): Primitive(I32)
Expr ExprId(9749): Reference(LifetimeId(0), Mutable, SemanticTypeId(1078))
Expr ExprId(9271): Primitive(U64)
Expr ExprId(3346): Reference(LifetimeId(0), Immutable, SemanticTypeId(11))
Expr ExprId(6243): Primitive(U64)
Expr ExprId(6412): Primitive(Bool)
Expr ExprId(9553): Primitive(U64)
Expr ExprId(166): Enum(SymbolId(58), [SemanticTypeId(1456)], [SemanticTypeId(1456), SemanticTypeId(0)])
Expr ExprId(129): Primitive(U64)
Expr ExprId(719): Reference(LifetimeId(0), Immutable, SemanticTypeId(8))
Expr ExprId(6117): Enum(SymbolId(65), [SemanticTypeId(0), SemanticTypeId(830)], [SemanticTypeId(0), SemanticTypeId(830)])
Expr ExprId(4812): Function { params: [], return_type: SemanticTypeId(24) }
Expr ExprId(6214): Reference(LifetimeId(0), Mutable, SemanticTypeId(1569))
Expr ExprId(11210): Struct(SymbolId(480), [SemanticTypeId(1264), SemanticTypeId(1265)], [SemanticTypeId(788), SemanticTypeId(885), SemanticTypeId(1266), SemanticTypeId(1267), SemanticTypeId(24), SemanticTypeId(24), SemanticTypeId(24)])
Expr ExprId(8670): Primitive(Bool)
Expr ExprId(1044): Reference(LifetimeId(0), Immutable, SemanticTypeId(8))
Expr ExprId(1071): Primitive(U64)
Expr ExprId(2993): Reference(LifetimeId(0), Mutable, SemanticTypeId(42))
Expr ExprId(8176): Reference(LifetimeId(0), Immutable, SemanticTypeId(786))
Expr ExprId(9315): Primitive(U64)
Expr ExprId(11512): Struct(SymbolId(579), [SemanticTypeId(948)], [SemanticTypeId(951)])
Expr ExprId(10656): Primitive(U8)
Expr ExprId(11217): Enum(SymbolId(58), [SemanticTypeId(1436)], [SemanticTypeId(1436), SemanticTypeId(0)])
Expr ExprId(467): Pointer(Mutable, SemanticTypeId(1681))
Expr ExprId(11384): Reference(LifetimeId(0), Immutable, SemanticTypeId(897))
Expr ExprId(1596): Primitive(U64)
Expr ExprId(9416): Primitive(U64)
Expr ExprId(11009): Pointer(Mutable, SemanticTypeId(1085))
Expr ExprId(7107): Primitive(U64)
Expr ExprId(7403): Primitive(U8)
Expr ExprId(9702): GenericParam(SymbolId(930))
Expr ExprId(11458): GenericParam(SymbolId(897))
Expr ExprId(4490): Void
Expr ExprId(1209): Reference(LifetimeId(0), Mutable, SemanticTypeId(610))
Expr ExprId(11439): Primitive(Bool)
Expr ExprId(5697): Struct(SymbolId(33), [SemanticTypeId(1767)], [SemanticTypeId(1775), SemanticTypeId(24), SemanticTypeId(24)])
Expr ExprId(8836): Primitive(U64)
Expr ExprId(11599): Primitive(I32)
Expr ExprId(8035): Primitive(Usize)
Expr ExprId(98): Primitive(U32)
Expr ExprId(2263): Reference(LifetimeId(0), Immutable, SemanticTypeId(518))
Expr ExprId(8457): Primitive(U64)
Expr ExprId(8673): Primitive(U64)
Expr ExprId(10633): Function { params: [SemanticTypeId(714)], return_type: SemanticTypeId(713) }
Expr ExprId(545): Primitive(U8)
Expr ExprId(7953): Void
Expr ExprId(672): Primitive(U64)
Expr ExprId(4875): Primitive(U64)
Expr ExprId(1816): Function { params: [SemanticTypeId(569), SemanticTypeId(569)], return_type: SemanticTypeId(3) }
Expr ExprId(1149): Pointer(Mutable, SemanticTypeId(506))
Expr ExprId(3281): Reference(LifetimeId(0), Immutable, SemanticTypeId(24))
Expr ExprId(8854): Primitive(U64)
Expr ExprId(6384): Primitive(I32)
Expr ExprId(6372): Primitive(U8)
Expr ExprId(957): GenericParam(SymbolId(522))
Expr ExprId(11078): Reference(LifetimeId(0), Mutable, SemanticTypeId(1112))
Expr ExprId(3956): Primitive(I32)
Expr ExprId(9036): Reference(LifetimeId(0), Immutable, SemanticTypeId(786))
Expr ExprId(4902): Reference(LifetimeId(0), Mutable, SemanticTypeId(1706))
Expr ExprId(6728): Primitive(I32)
Expr ExprId(3243): Primitive(I32)
Expr ExprId(6577): Primitive(Bool)
Expr ExprId(4305): Function { params: [], return_type: SemanticTypeId(24) }
Expr ExprId(4605): Primitive(U64)
Expr ExprId(4050): Reference(LifetimeId(0), Immutable, SemanticTypeId(406))
Expr ExprId(10219): Primitive(U8)
Expr ExprId(9363): Function { params: [SemanticTypeId(24)], return_type: SemanticTypeId(875) }
Expr ExprId(162): Function { params: [SemanticTypeId(1451)], return_type: SemanticTypeId(1456) }
Expr ExprId(356): Enum(SymbolId(65), [SemanticTypeId(1888), SemanticTypeId(1904)], [SemanticTypeId(1888), SemanticTypeId(1904)])
Expr ExprId(11446): Struct(SymbolId(576), [SemanticTypeId(881)], [SemanticTypeId(932)])
Expr ExprId(6079): Enum(SymbolId(467), [], [SemanticTypeId(0)])
Expr ExprId(7053): Primitive(U8)
Expr ExprId(7390): Primitive(U8)
Expr ExprId(5867): Primitive(U128)
Expr ExprId(9884): Primitive(U64)
Expr ExprId(632): Primitive(U64)
Expr ExprId(3780): Void
Expr ExprId(2813): Primitive(U64)
Expr ExprId(2402): Primitive(U64)
Expr ExprId(8121): Reference(LifetimeId(0), Immutable, SemanticTypeId(790))
Expr ExprId(3487): GenericParam(SymbolId(760))
Expr ExprId(10444): Function { params: [SemanticTypeId(709), SemanticTypeId(24)], return_type: SemanticTypeId(709) }
Expr ExprId(994): Primitive(I32)
Expr ExprId(5213): Primitive(U64)
Expr ExprId(3950): Primitive(I32)
Expr ExprId(4396): Function { params: [SemanticTypeId(1166)], return_type: SemanticTypeId(0) }
Expr ExprId(10582): Function { params: [SemanticTypeId(788), SemanticTypeId(24)], return_type: SemanticTypeId(0) }
Expr ExprId(10999): Reference(LifetimeId(0), Mutable, SemanticTypeId(1089))
Expr ExprId(6973): Primitive(U8)
Expr ExprId(5956): Reference(LifetimeId(0), Mutable, SemanticTypeId(1560))
Expr ExprId(7976): Primitive(U64)
Expr ExprId(3997): Primitive(I32)
Expr ExprId(1522): Primitive(I32)
Expr ExprId(7519): Reference(LifetimeId(0), Mutable, SemanticTypeId(806))
Expr ExprId(1248): GenericParam(SymbolId(136))
Expr ExprId(2037): Primitive(U64)
Expr ExprId(7682): Pointer(Immutable, SemanticTypeId(91))
Expr ExprId(8947): Primitive(I32)
Expr ExprId(3484): GenericParam(SymbolId(760))
Expr ExprId(10666): Primitive(U64)
Expr ExprId(887): Primitive(I32)
Expr ExprId(9977): GenericParam(SymbolId(930))
Expr ExprId(2400): Pointer(Mutable, SemanticTypeId(516))
Expr ExprId(6493): Primitive(Bool)
Expr ExprId(2926): Enum(SymbolId(58), [SemanticTypeId(29)], [SemanticTypeId(29), SemanticTypeId(0)])
Expr ExprId(4635): Primitive(U64)
Expr ExprId(1830): Primitive(U64)
Expr ExprId(4680): Reference(LifetimeId(0), Mutable, SemanticTypeId(1741))
Expr ExprId(9825): Primitive(U64)
Expr ExprId(2061): Pointer(Mutable, SemanticTypeId(535))
Expr ExprId(4616): Primitive(I32)
Expr ExprId(5733): Primitive(U64)
Expr ExprId(2555): Function { params: [SemanticTypeId(702), SemanticTypeId(701)], return_type: SemanticTypeId(0) }
Expr ExprId(6205): Reference(LifetimeId(0), Immutable, SemanticTypeId(11))
Expr ExprId(10349): Reference(LifetimeId(0), Mutable, SemanticTypeId(1078))
Expr ExprId(9963): Function { params: [SemanticTypeId(709), SemanticTypeId(24)], return_type: SemanticTypeId(709) }
Expr ExprId(7105): Primitive(I32)
Expr ExprId(7285): Primitive(I32)
Expr ExprId(6370): Primitive(U8)
Expr ExprId(6654): Reference(LifetimeId(0), Mutable, SemanticTypeId(789))
Expr ExprId(2698): Primitive(I32)
Expr ExprId(6689): Primitive(U8)
Expr ExprId(3605): Primitive(Bool)
Expr ExprId(10113): Primitive(U64)
Expr ExprId(143): Primitive(U64)
Expr ExprId(873): Primitive(I32)
Expr ExprId(2003): Primitive(I32)
Expr ExprId(1142): Primitive(U64)
Expr ExprId(8901): Primitive(U64)
Expr ExprId(1336): Primitive(U64)
Expr ExprId(2546): Pointer(Immutable, SemanticTypeId(532))
Expr ExprId(8549): Struct(SymbolId(351), [], [SemanticTypeId(789)])
Expr ExprId(7475): Primitive(U8)
Expr ExprId(9864): GenericParam(SymbolId(930))
Expr ExprId(9471): Void
Expr ExprId(10665): Primitive(U64)
Expr ExprId(10127): Primitive(U64)
Expr ExprId(1035): Primitive(U64)
Expr ExprId(7302): Primitive(I32)
Expr ExprId(8322): Primitive(Usize)
Expr ExprId(2173): Function { params: [SemanticTypeId(705), SemanticTypeId(24)], return_type: SemanticTypeId(705) }
Expr ExprId(6225): Enum(SymbolId(65), [SemanticTypeId(0), SemanticTypeId(830)], [SemanticTypeId(0), SemanticTypeId(830)])
Expr ExprId(5402): Primitive(U64)
Expr ExprId(4346): Primitive(U64)
Expr ExprId(3322): Primitive(I8)
Expr ExprId(3937): Primitive(I16)
Expr ExprId(5924): Enum(SymbolId(467), [], [SemanticTypeId(0)])
Expr ExprId(8875): Primitive(U64)
Expr ExprId(5562): Pointer(Immutable, SemanticTypeId(1704))
Expr ExprId(9218): Pointer(Mutable, SemanticTypeId(91))
Expr ExprId(7627): Primitive(U8)
Expr ExprId(6664): Primitive(U32)
Expr ExprId(4039): GenericParam(SymbolId(448))
Expr ExprId(8235): Primitive(String)
Expr ExprId(10047): Function { params: [SemanticTypeId(709), SemanticTypeId(24)], return_type: SemanticTypeId(709) }
Expr ExprId(9642): Primitive(U64)
Expr ExprId(3643): Enum(SymbolId(58), [SemanticTypeId(115)], [SemanticTypeId(115), SemanticTypeId(0)])
Expr ExprId(108): Primitive(Bool)
Expr ExprId(1934): Primitive(U64)
Expr ExprId(2827): Primitive(U64)
Expr ExprId(2537): Function { params: [SemanticTypeId(709), SemanticTypeId(24)], return_type: SemanticTypeId(709) }
Expr ExprId(1548): Primitive(U64)
Expr ExprId(9157): Primitive(U64)
Expr ExprId(2630): Function { params: [SemanticTypeId(514), SemanticTypeId(24), SemanticTypeId(24)], return_type: SemanticTypeId(0) }
Expr ExprId(8881): Struct(SymbolId(33), [SemanticTypeId(91)], [SemanticTypeId(788), SemanticTypeId(24), SemanticTypeId(24)])
Expr ExprId(8024): Reference(LifetimeId(0), Immutable, SemanticTypeId(786))
Expr ExprId(7602): Primitive(U64)
Expr ExprId(11193): Reference(LifetimeId(0), Immutable, SemanticTypeId(1269))
Expr ExprId(8349): Primitive(U8)
Expr ExprId(1234): Reference(LifetimeId(0), Immutable, SemanticTypeId(602))
Expr ExprId(189): GenericParam(SymbolId(1020))
Expr ExprId(1058): Reference(LifetimeId(0), Immutable, SemanticTypeId(15))
Expr ExprId(5999): Primitive(Usize)
Expr ExprId(4933): Function { params: [SemanticTypeId(717), SemanticTypeId(718), SemanticTypeId(24)], return_type: SemanticTypeId(0) }
Expr ExprId(7440): Primitive(U8)
Expr ExprId(2895): Function { params: [SemanticTypeId(209)], return_type: SemanticTypeId(134) }
Expr ExprId(1943): Pointer(Mutable, SemanticTypeId(520))
Expr ExprId(3660): Primitive(Bool)
Expr ExprId(5108): Reference(LifetimeId(0), Mutable, SemanticTypeId(1706))
Expr ExprId(2778): Primitive(U64)
Expr ExprId(5516): Void
Expr ExprId(4321): Reference(LifetimeId(0), Immutable, SemanticTypeId(1750))
Expr ExprId(5056): GenericParam(SymbolId(1153))
Expr ExprId(4228): Function { params: [], return_type: SemanticTypeId(24) }
Expr ExprId(273): Enum(SymbolId(58), [SemanticTypeId(1870)], [SemanticTypeId(1870), SemanticTypeId(0)])
Expr ExprId(1652): Primitive(U64)
Expr ExprId(9586): Primitive(U64)
Expr ExprId(2612): Primitive(U64)
Expr ExprId(7705): Primitive(U32)
Expr ExprId(10137): Primitive(U8)
Expr ExprId(410): Reference(LifetimeId(0), Immutable, SemanticTypeId(1219))
Expr ExprId(6475): Primitive(I32)
Expr ExprId(6106): Primitive(Bool)
Expr ExprId(7832): Primitive(U8)
Expr ExprId(542): Pointer(Mutable, SemanticTypeId(91))
Expr ExprId(9549): Primitive(U64)
Expr ExprId(8902): Primitive(U64)
Expr ExprId(201): Enum(SymbolId(58), [SemanticTypeId(1452)], [SemanticTypeId(1452), SemanticTypeId(0)])
Expr ExprId(707): Primitive(Char)
Expr ExprId(975): Reference(LifetimeId(0), Immutable, SemanticTypeId(1494))
Expr ExprId(6194): Primitive(Usize)
Expr ExprId(9582): Primitive(I32)
Expr ExprId(1586): Primitive(Bool)
Expr ExprId(6762): Primitive(I32)
Expr ExprId(7311): Primitive(U8)
Expr ExprId(828): Primitive(I32)
Expr ExprId(5218): Primitive(U64)
Expr ExprId(4745): Function { params: [SemanticTypeId(717), SemanticTypeId(718), SemanticTypeId(24)], return_type: SemanticTypeId(0) }
Expr ExprId(5749): Primitive(U64)
Expr ExprId(11596): Reference(LifetimeId(0), Immutable, SemanticTypeId(3))
Expr ExprId(1724): Primitive(U64)
Expr ExprId(11528): Struct(SymbolId(579), [SemanticTypeId(909)], [SemanticTypeId(946)])
Expr ExprId(235): Pointer(Immutable, SemanticTypeId(1870))
Expr ExprId(8299): Primitive(U64)
Expr ExprId(7131): Primitive(U64)
Expr ExprId(16): Primitive(I32)
Expr ExprId(10702): Void
Expr ExprId(10710): Primitive(U64)
Expr ExprId(9365): Primitive(I32)
Expr ExprId(11627): Enum(SymbolId(58), [SemanticTypeId(129)], [SemanticTypeId(129), SemanticTypeId(0)])
Expr ExprId(2448): Primitive(U64)
Expr ExprId(3722): Enum(SymbolId(58), [SemanticTypeId(440)], [SemanticTypeId(440), SemanticTypeId(0)])
Expr ExprId(3475): Reference(LifetimeId(0), Mutable, SemanticTypeId(114))
Expr ExprId(419): Primitive(Bool)
Expr ExprId(1872): Pointer(Mutable, SemanticTypeId(520))
Expr ExprId(9616): Primitive(U64)
Expr ExprId(1552): Primitive(U64)
Expr ExprId(10641): Function { params: [SemanticTypeId(705), SemanticTypeId(24)], return_type: SemanticTypeId(705) }
Expr ExprId(9454): Function { params: [], return_type: SemanticTypeId(24) }
Expr ExprId(3795): Enum(SymbolId(58), [SemanticTypeId(24)], [SemanticTypeId(24), SemanticTypeId(0)])
Expr ExprId(8770): Primitive(U64)
Expr ExprId(6360): Primitive(U64)
Expr ExprId(7791): Primitive(U64)
Expr ExprId(10868): Primitive(U64)
Expr ExprId(8387): Primitive(U64)
Expr ExprId(8258): Primitive(U64)
Expr ExprId(4089): Primitive(Bool)
Expr ExprId(9385): Struct(SymbolId(371), [], [SemanticTypeId(789)])
Expr ExprId(197): Void
Expr ExprId(1113): Primitive(U64)
Expr ExprId(10002): Void
Expr ExprId(2457): Primitive(I32)
Expr ExprId(1100): Primitive(U64)
Expr ExprId(2221): Primitive(U64)
Expr ExprId(7619): Primitive(U64)
Expr ExprId(1128): Pointer(Immutable, SemanticTypeId(612))
Expr ExprId(8632): Primitive(U64)
Expr ExprId(11457): Reference(LifetimeId(0), Immutable, SemanticTypeId(881))
Expr ExprId(9801): GenericParam(SymbolId(931))
Expr ExprId(1338): Primitive(I32)
Expr ExprId(11037): Reference(LifetimeId(0), Mutable, SemanticTypeId(1112))
Expr ExprId(6037): Reference(LifetimeId(0), Immutable, SemanticTypeId(4))
Expr ExprId(5986): Enum(SymbolId(65), [SemanticTypeId(0), SemanticTypeId(830)], [SemanticTypeId(0), SemanticTypeId(830)])
Expr ExprId(4128): Void
Expr ExprId(10236): Pointer(Mutable, SemanticTypeId(1074))
Expr ExprId(3072): Enum(SymbolId(58), [SemanticTypeId(249)], [SemanticTypeId(249), SemanticTypeId(0)])
Expr ExprId(1636): Primitive(U64)
Expr ExprId(2128): Primitive(I32)
Expr ExprId(3737): Enum(SymbolId(58), [SemanticTypeId(382)], [SemanticTypeId(382), SemanticTypeId(0)])
Expr ExprId(1086): Primitive(U64)
Expr ExprId(8204): Primitive(Usize)
Expr ExprId(708): Primitive(Bool)
Expr ExprId(7925): Reference(LifetimeId(0), Immutable, SemanticTypeId(786))
Expr ExprId(10594): Primitive(U64)
Expr ExprId(5907): Enum(SymbolId(65), [SemanticTypeId(0), SemanticTypeId(830)], [SemanticTypeId(0), SemanticTypeId(830)])
Expr ExprId(1553): Primitive(U64)
Expr ExprId(4489): Function { params: [SemanticTypeId(702), SemanticTypeId(701)], return_type: SemanticTypeId(0) }
Expr ExprId(1557): Primitive(U64)
Expr ExprId(334): Enum(SymbolId(65), [SemanticTypeId(1903), SemanticTypeId(1899)], [SemanticTypeId(1903), SemanticTypeId(1899)])
Expr ExprId(11171): Struct(SymbolId(504), [SemanticTypeId(1287), SemanticTypeId(1361)], [SemanticTypeId(792), SemanticTypeId(1362), SemanticTypeId(1363), SemanticTypeId(24), SemanticTypeId(24)])
Expr ExprId(3766): Primitive(Bool)
Expr ExprId(8738): Primitive(U8)
Expr ExprId(4779): Primitive(U64)
Expr ExprId(4206): Pointer(Mutable, SemanticTypeId(1848))
Expr ExprId(7106): Primitive(U64)
Expr ExprId(6484): Primitive(U64)
Expr ExprId(3264): Primitive(U32)
Expr ExprId(7963): Primitive(U64)
Expr ExprId(2033): Pointer(Mutable, SemanticTypeId(520))
Expr ExprId(10132): Primitive(U64)
Expr ExprId(8545): Primitive(U64)
Expr ExprId(1060): Reference(LifetimeId(0), Immutable, SemanticTypeId(754))
Expr ExprId(3029): Primitive(U64)
Expr ExprId(5672): Primitive(U64)
Expr ExprId(7661): Primitive(Char)
Expr ExprId(4326): Struct(SymbolId(33), [SemanticTypeId(1749)], [SemanticTypeId(1752), SemanticTypeId(24), SemanticTypeId(24)])
Expr ExprId(4287): Primitive(U64)
Expr ExprId(4203): GenericParam(SymbolId(1189))
Expr ExprId(2959): Primitive(U64)
Expr ExprId(294): Enum(SymbolId(65), [SemanticTypeId(1900), SemanticTypeId(1870)], [SemanticTypeId(1900), SemanticTypeId(1870)])
Expr ExprId(11527): Void
Expr ExprId(8085): Primitive(String)
Expr ExprId(1550): Primitive(U64)
Expr ExprId(9464): Primitive(Bool)
Expr ExprId(10388): Pointer(Mutable, SemanticTypeId(91))
Expr ExprId(3086): GenericParam(SymbolId(239))
Expr ExprId(3693): Void
Expr ExprId(7578): Primitive(I32)
Expr ExprId(3777): Enum(SymbolId(58), [SemanticTypeId(385)], [SemanticTypeId(385), SemanticTypeId(0)])
Expr ExprId(10773): Reference(LifetimeId(0), Mutable, SemanticTypeId(1078))
Expr ExprId(675): Primitive(I32)
Expr ExprId(2013): Pointer(Mutable, SemanticTypeId(520))
Expr ExprId(7621): Primitive(U8)
Expr ExprId(11064): Function { params: [SemanticTypeId(705), SemanticTypeId(24)], return_type: SemanticTypeId(705) }
Expr ExprId(10081): Primitive(U64)
Expr ExprId(7697): Primitive(I32)
Expr ExprId(7499): Primitive(U8)
Expr ExprId(968): Primitive(I32)
Expr ExprId(4262): Primitive(F32)
Expr ExprId(6543): Primitive(I32)
Expr ExprId(5354): Function { params: [SemanticTypeId(714)], return_type: SemanticTypeId(713) }
Expr ExprId(846): Reference(LifetimeId(0), Immutable, SemanticTypeId(754))
Expr ExprId(4713): Primitive(U64)
Expr ExprId(1158): Pointer(Mutable, SemanticTypeId(506))
Expr ExprId(2719): Primitive(U64)
Expr ExprId(8040): Primitive(Bool)
Expr ExprId(8944): Primitive(Bool)
Expr ExprId(8734): Pointer(Immutable, SemanticTypeId(91))
Expr ExprId(11029): Primitive(U64)
Expr ExprId(885): Primitive(I16)
Expr ExprId(685): Primitive(U64)
Expr ExprId(6441): Primitive(I32)
Expr ExprId(852): Reference(LifetimeId(0), Immutable, SemanticTypeId(754))
Expr ExprId(5581): Primitive(U64)
Expr ExprId(351): Enum(SymbolId(65), [SemanticTypeId(1930), SemanticTypeId(1904)], [SemanticTypeId(1930), SemanticTypeId(1904)])
Expr ExprId(2507): Pointer(Mutable, SemanticTypeId(532))
Expr ExprId(7122): Reference(LifetimeId(0), Immutable, SemanticTypeId(786))
Expr ExprId(8756): Struct(SymbolId(33), [SemanticTypeId(91)], [SemanticTypeId(788), SemanticTypeId(24), SemanticTypeId(24)])
Expr ExprId(6505): Primitive(U64)
Expr ExprId(1507): Reference(LifetimeId(0), Immutable, SemanticTypeId(577))
Expr ExprId(8970): Primitive(U8)
Expr ExprId(1660): Primitive(U64)
Expr ExprId(1768): Primitive(U64)
Expr ExprId(6733): Primitive(U32)
Expr ExprId(11510): Reference(LifetimeId(0), Immutable, SemanticTypeId(952))
Expr ExprId(9923): Primitive(I32)
Expr ExprId(7542): Pointer(Immutable, SemanticTypeId(91))
Expr ExprId(2783): Primitive(Usize)
Expr ExprId(8889): Primitive(U64)
Expr ExprId(544): Pointer(Mutable, SemanticTypeId(91))
Expr ExprId(5009): Function { params: [SemanticTypeId(709), SemanticTypeId(24)], return_type: SemanticTypeId(709) }
Expr ExprId(4543): Primitive(U64)
Expr ExprId(4333): Function { params: [SemanticTypeId(24)], return_type: SemanticTypeId(875) }
Expr ExprId(2184): Pointer(Mutable, SemanticTypeId(564))
Expr ExprId(3489): GenericParam(SymbolId(760))
Expr ExprId(10436): Primitive(I32)
Expr ExprId(4179): Pointer(Mutable, SemanticTypeId(1847))
Expr ExprId(8075): Void
Expr ExprId(7635): Primitive(U32)
Expr ExprId(9284): Primitive(I32)
Expr ExprId(704): Reference(LifetimeId(0), Immutable, SemanticTypeId(768))
Expr ExprId(3836): Primitive(Bool)
Expr ExprId(7248): Primitive(U64)
Expr ExprId(2392): Void
Expr ExprId(9222): Enum(SymbolId(65), [SemanticTypeId(793), SemanticTypeId(816)], [SemanticTypeId(793), SemanticTypeId(816)])
Expr ExprId(3122): Reference(LifetimeId(0), Immutable, SemanticTypeId(13))
Expr ExprId(7843): Primitive(U64)
Expr ExprId(11397): Struct(SymbolId(579), [SemanticTypeId(881)], [SemanticTypeId(926)])
Expr ExprId(1364): Function { params: [SemanticTypeId(714)], return_type: SemanticTypeId(713) }
Expr ExprId(6250): Primitive(U64)
Expr ExprId(1253): Primitive(Usize)
Expr ExprId(2414): GenericParam(SymbolId(1672))
Expr ExprId(7422): Primitive(I32)
Expr ExprId(10741): Pointer(Mutable, SemanticTypeId(24))
Expr ExprId(9809): Primitive(U64)
Expr ExprId(3393): Primitive(I64)
Expr ExprId(11166): Enum(SymbolId(58), [SemanticTypeId(1373)], [SemanticTypeId(1373), SemanticTypeId(0)])
Expr ExprId(11135): Primitive(U8)
Expr ExprId(6814): Primitive(U64)
Expr ExprId(390): GenericParam(SymbolId(948))
Expr ExprId(6496): Primitive(I32)
Expr ExprId(9559): Primitive(U64)
Expr ExprId(514): Pointer(Mutable, SemanticTypeId(1664))
Expr ExprId(10468): Void
Expr ExprId(8230): Primitive(I32)
Expr ExprId(8471): Primitive(I32)
Expr ExprId(2509): Primitive(U64)
Expr ExprId(8838): Primitive(Bool)
Expr ExprId(231): Primitive(U64)
Expr ExprId(2838): GenericParam(SymbolId(161))
Expr ExprId(11354): Primitive(Bool)
Expr ExprId(6352): Primitive(Bool)
Expr ExprId(5041): Pointer(Immutable, SemanticTypeId(1766))
Expr ExprId(1933): Primitive(U64)
Expr ExprId(5248): Enum(SymbolId(58), [SemanticTypeId(1704)], [SemanticTypeId(1704), SemanticTypeId(0)])
Expr ExprId(3430): GenericParam(SymbolId(759))
Expr ExprId(9113): Primitive(Bool)
Expr ExprId(2505): Primitive(Bool)
Expr ExprId(8798): Void
Expr ExprId(7996): Primitive(U8)
Expr ExprId(5188): Primitive(U64)
Expr ExprId(11028): Reference(LifetimeId(0), Mutable, SemanticTypeId(1112))
Expr ExprId(7873): Primitive(U8)
Expr ExprId(341): Enum(SymbolId(58), [SemanticTypeId(1883)], [SemanticTypeId(1883), SemanticTypeId(0)])
Expr ExprId(6029): Reference(LifetimeId(0), Mutable, SemanticTypeId(1544))
Expr ExprId(8759): Primitive(U64)
Expr ExprId(353): Enum(SymbolId(58), [SemanticTypeId(1938)], [SemanticTypeId(1938), SemanticTypeId(0)])
Expr ExprId(6322): Primitive(U128)
Expr ExprId(9747): Primitive(Bool)
Expr ExprId(11522): Struct(SymbolId(579), [SemanticTypeId(909)], [SemanticTypeId(946)])
Expr ExprId(1039): Primitive(Char)
Expr ExprId(3024): GenericParam(SymbolId(212))
Expr ExprId(3855): GenericParam(SymbolId(420))
Expr ExprId(295): GenericParam(SymbolId(1211))
Expr ExprId(5961): Enum(SymbolId(467), [], [SemanticTypeId(0)])
Expr ExprId(1753): Void
Expr ExprId(6969): Reference(LifetimeId(0), Mutable, SemanticTypeId(790))
Expr ExprId(4432): Primitive(U64)
Expr ExprId(78): Primitive(I32)
Expr ExprId(2085): Void
Expr ExprId(7377): Enum(SymbolId(65), [SemanticTypeId(0), SemanticTypeId(830)], [SemanticTypeId(0), SemanticTypeId(830)])
Expr ExprId(5414): Function { params: [SemanticTypeId(705), SemanticTypeId(24)], return_type: SemanticTypeId(705) }
Expr ExprId(11263): Enum(SymbolId(58), [SemanticTypeId(1391)], [SemanticTypeId(1391), SemanticTypeId(0)])
Expr ExprId(4582): Reference(LifetimeId(0), Immutable, SemanticTypeId(1704))
Expr ExprId(2369): Pointer(Mutable, SemanticTypeId(513))
Expr ExprId(2907): Primitive(Bool)
Expr ExprId(909): Primitive(I32)
Expr ExprId(8576): Primitive(U64)
Expr ExprId(5608): Primitive(U64)
Expr ExprId(11561): Primitive(Bool)
Expr ExprId(5391): Function { params: [SemanticTypeId(705), SemanticTypeId(24)], return_type: SemanticTypeId(705) }
Expr ExprId(1459): Primitive(U64)
Expr ExprId(1291): Pointer(Immutable, SemanticTypeId(615))
Expr ExprId(8003): Primitive(Bool)
Expr ExprId(9660): Function { params: [SemanticTypeId(705), SemanticTypeId(24)], return_type: SemanticTypeId(705) }
Expr ExprId(7019): Primitive(U8)
Expr ExprId(4778): Reference(LifetimeId(0), Mutable, SemanticTypeId(1706))
Expr ExprId(4292): Primitive(Bool)
Expr ExprId(4853): Reference(LifetimeId(0), Mutable, SemanticTypeId(1706))
Expr ExprId(4732): Pointer(Mutable, SemanticTypeId(1704))
Expr ExprId(289): Enum(SymbolId(65), [SemanticTypeId(1872), SemanticTypeId(1870)], [SemanticTypeId(1872), SemanticTypeId(1870)])
Expr ExprId(3384): Primitive(I64)
Expr ExprId(7771): Primitive(U8)
Expr ExprId(9299): Primitive(U8)
Expr ExprId(4066): Enum(SymbolId(58), [SemanticTypeId(404)], [SemanticTypeId(404), SemanticTypeId(0)])
Expr ExprId(1451): Primitive(Bool)
Expr ExprId(1119): GenericParam(SymbolId(776))
Expr ExprId(10854): Pointer(Mutable, SemanticTypeId(1095))
Expr ExprId(9565): Primitive(U64)
Expr ExprId(4038): Void
Expr ExprId(8514): Struct(SymbolId(33), [SemanticTypeId(91)], [SemanticTypeId(788), SemanticTypeId(24), SemanticTypeId(24)])
Expr ExprId(9169): Struct(SymbolId(366), [], [SemanticTypeId(792), SemanticTypeId(24)])
Expr ExprId(9885): Void
Expr ExprId(10326): Enum(SymbolId(58), [SemanticTypeId(1099)], [SemanticTypeId(1099), SemanticTypeId(0)])
Expr ExprId(9164): Pointer(Immutable, SemanticTypeId(91))
Expr ExprId(7980): Primitive(U64)
Expr ExprId(6886): Struct(SymbolId(33), [SemanticTypeId(91)], [SemanticTypeId(788), SemanticTypeId(24), SemanticTypeId(24)])
Expr ExprId(10193): Reference(LifetimeId(0), Immutable, SemanticTypeId(1074))
Expr ExprId(10203): Pointer(Mutable, SemanticTypeId(91))
Expr ExprId(175): GenericParam(SymbolId(1020))
Expr ExprId(1970): Function { params: [SemanticTypeId(709), SemanticTypeId(24)], return_type: SemanticTypeId(709) }
Expr ExprId(809): Reference(LifetimeId(0), Immutable, SemanticTypeId(8))
Expr ExprId(3459): Reference(LifetimeId(0), Mutable, SemanticTypeId(311))
Expr ExprId(4757): Void
Expr ExprId(4612): Primitive(U64)
Expr ExprId(315): Enum(SymbolId(65), [SemanticTypeId(1869), SemanticTypeId(1893)], [SemanticTypeId(1869), SemanticTypeId(1893)])
Expr ExprId(355): GenericParam(SymbolId(82))
Expr ExprId(2663): Primitive(I32)
Expr ExprId(2108): Primitive(U64)
Expr ExprId(11284): Primitive(Bool)
Expr ExprId(6958): Void
Expr ExprId(5016): Primitive(U64)
Expr ExprId(4440): Reference(LifetimeId(0), Mutable, SemanticTypeId(1724))
Expr ExprId(9854): Primitive(U64)
Expr ExprId(4706): Primitive(U64)
Expr ExprId(1868): Pointer(Mutable, SemanticTypeId(520))
Expr ExprId(1438): Primitive(U64)
Expr ExprId(331): Enum(SymbolId(65), [SemanticTypeId(1903), SemanticTypeId(1899)], [SemanticTypeId(1903), SemanticTypeId(1899)])
Expr ExprId(10874): Reference(LifetimeId(0), Mutable, SemanticTypeId(1105))
Expr ExprId(5539): Function { params: [], return_type: SemanticTypeId(0) }
Expr ExprId(9126): Primitive(U64)
Expr ExprId(1324): Primitive(U64)
Expr ExprId(10985): Function { params: [SemanticTypeId(709), SemanticTypeId(24)], return_type: SemanticTypeId(709) }
Expr ExprId(913): Primitive(I64)
Expr ExprId(2594): Pointer(Mutable, SemanticTypeId(532))
Expr ExprId(5802): Primitive(I32)
Expr ExprId(5692): Void
Expr ExprId(1789): Reference(LifetimeId(0), Immutable, SemanticTypeId(520))
Expr ExprId(1812): GenericParam(SymbolId(1637))
Expr ExprId(10731): Function { params: [SemanticTypeId(788), SemanticTypeId(24), SemanticTypeId(24)], return_type: SemanticTypeId(0) }
Expr ExprId(7979): Primitive(U64)
Expr ExprId(5824): Enum(SymbolId(65), [SemanticTypeId(0), SemanticTypeId(830)], [SemanticTypeId(0), SemanticTypeId(830)])
Expr ExprId(4710): Primitive(I32)
Expr ExprId(6653): Void
Expr ExprId(6166): Primitive(U8)
Expr ExprId(5958): Enum(SymbolId(65), [SemanticTypeId(0), SemanticTypeId(830)], [SemanticTypeId(0), SemanticTypeId(830)])
Expr ExprId(330): Enum(SymbolId(65), [SemanticTypeId(1905), SemanticTypeId(1899)], [SemanticTypeId(1905), SemanticTypeId(1899)])
Expr ExprId(3872): Primitive(U16)
Expr ExprId(948): Primitive(I32)
Expr ExprId(5161): Reference(LifetimeId(0), Mutable, SemanticTypeId(1706))
Expr ExprId(8433): Never
Expr ExprId(3899): Enum(SymbolId(58), [SemanticTypeId(24)], [SemanticTypeId(24), SemanticTypeId(0)])
Expr ExprId(1496): Pointer(Immutable, SemanticTypeId(577))
Expr ExprId(1443): Pointer(Immutable, SemanticTypeId(3))
Expr ExprId(1633): Primitive(Bool)
Expr ExprId(2697): Primitive(U64)
Expr ExprId(1085): Pointer(Immutable, SemanticTypeId(538))
Expr ExprId(7874): Primitive(U8)
Expr ExprId(7820): Primitive(I32)
Expr ExprId(9631): Primitive(Bool)
Expr ExprId(4852): Pointer(Mutable, SemanticTypeId(1704))
Expr ExprId(10471): Primitive(I32)
Expr ExprId(6081): Reference(LifetimeId(0), Mutable, SemanticTypeId(1564))
Expr ExprId(10606): Pointer(Mutable, SemanticTypeId(91))
Expr ExprId(7752): Primitive(I32)
Expr ExprId(333): GenericParam(SymbolId(75))
Expr ExprId(10335): Primitive(I32)
Expr ExprId(2573): Primitive(U64)
Expr ExprId(8135): Primitive(U64)
Expr ExprId(8739): Primitive(Bool)
Expr ExprId(1098): Primitive(U64)
Expr ExprId(623): Function { params: [SemanticTypeId(788), SemanticTypeId(91), SemanticTypeId(24)], return_type: SemanticTypeId(0) }
Expr ExprId(9800): Pointer(Mutable, SemanticTypeId(1075))
Expr ExprId(46): Primitive(I32)
Expr ExprId(9223): Function { params: [SemanticTypeId(792)], return_type: SemanticTypeId(793) }
Expr ExprId(9875): GenericParam(SymbolId(931))
Expr ExprId(5491): Function { params: [SemanticTypeId(709), SemanticTypeId(24)], return_type: SemanticTypeId(709) }
Expr ExprId(4502): Primitive(U64)
Expr ExprId(7463): Enum(SymbolId(65), [SemanticTypeId(0), SemanticTypeId(830)], [SemanticTypeId(0), SemanticTypeId(830)])
Expr ExprId(5847): Primitive(I32)
Expr ExprId(6965): Primitive(U64)
Expr ExprId(6517): Primitive(U64)
Expr ExprId(2269): Void
Expr ExprId(4884): Primitive(U64)
Expr ExprId(9913): Reference(LifetimeId(0), Immutable, SemanticTypeId(1074))
Expr ExprId(5696): Function { params: [SemanticTypeId(24)], return_type: SemanticTypeId(875) }
Expr ExprId(6944): Reference(LifetimeId(0), Mutable, SemanticTypeId(790))
Expr ExprId(3055): GenericParam(SymbolId(230))
Expr ExprId(2610): Primitive(U64)
Expr ExprId(10278): Reference(LifetimeId(0), Mutable, SemanticTypeId(1075))
Expr ExprId(1027): Primitive(U64)
Expr ExprId(2786): Primitive(Usize)
Expr ExprId(8656): Struct(SymbolId(351), [], [SemanticTypeId(789)])
Expr ExprId(3592): Enum(SymbolId(58), [SemanticTypeId(84)], [SemanticTypeId(84), SemanticTypeId(0)])
Expr ExprId(3382): Primitive(I32)
Expr ExprId(2675): Pointer(Mutable, SemanticTypeId(628))
Expr ExprId(10863): Reference(LifetimeId(0), Mutable, SemanticTypeId(1105))
Expr ExprId(8203): Reference(LifetimeId(0), Immutable, SemanticTypeId(786))
Expr ExprId(3040): GenericParam(SymbolId(729))
Expr ExprId(6637): Primitive(U32)
Expr ExprId(4238): Primitive(I32)
Expr ExprId(9999): Primitive(Bool)
Expr ExprId(2326): Primitive(U64)
Expr ExprId(10799): Pointer(Immutable, SemanticTypeId(1075))
Expr ExprId(10178): Void
Expr ExprId(10938): Pointer(Mutable, SemanticTypeId(1095))
Expr ExprId(818): Primitive(Bool)
Expr ExprId(5809): Function { params: [SemanticTypeId(24), SemanticTypeId(1592)], return_type: SemanticTypeId(831) }
Expr ExprId(8818): Primitive(I32)
Expr ExprId(2661): Primitive(U64)
Expr ExprId(7427): Primitive(U8)
Expr ExprId(6896): Reference(LifetimeId(0), Immutable, SemanticTypeId(786))
Expr ExprId(6474): Primitive(U8)
Expr ExprId(8754): Primitive(Bool)
Expr ExprId(5035): Reference(LifetimeId(0), Mutable, SemanticTypeId(1706))
Expr ExprId(11483): Reference(LifetimeId(0), Immutable, SemanticTypeId(927))
Expr ExprId(11585): GenericParam(SymbolId(571))
Expr ExprId(4900): Function { params: [], return_type: SemanticTypeId(0) }
Expr ExprId(310): GenericParam(SymbolId(1211))
Expr ExprId(6091): Primitive(Bool)
Expr ExprId(2099): Primitive(U64)
Expr ExprId(3165): Primitive(U64)
Expr ExprId(2280): Primitive(U64)
Expr ExprId(5235): Function { params: [], return_type: SemanticTypeId(1704) }
Expr ExprId(6627): Primitive(Bool)
Expr ExprId(1243): Primitive(U64)
Expr ExprId(1875): Reference(LifetimeId(0), Immutable, SemanticTypeId(520))
Expr ExprId(4914): Function { params: [SemanticTypeId(709), SemanticTypeId(24)], return_type: SemanticTypeId(709) }
Expr ExprId(4831): Primitive(Bool)
Expr ExprId(11068): GenericParam(SymbolId(926))
Expr ExprId(6470): Primitive(U8)
Expr ExprId(4065): Enum(SymbolId(58), [SemanticTypeId(404)], [SemanticTypeId(404), SemanticTypeId(0)])
Expr ExprId(10403): Reference(LifetimeId(0), Mutable, SemanticTypeId(1078))
Expr ExprId(11594): Primitive(I32)
Expr ExprId(6984): Primitive(U64)
Expr ExprId(683): Primitive(U64)
Expr ExprId(10134): Pointer(Mutable, SemanticTypeId(91))
Expr ExprId(4841): Primitive(U64)
Expr ExprId(6392): Primitive(U8)
Expr ExprId(2660): Primitive(Usize)
Expr ExprId(3371): Primitive(I32)
Expr ExprId(3396): Primitive(I64)
Expr ExprId(1141): Primitive(I32)
Expr ExprId(841): Primitive(Bool)
Expr ExprId(3556): Primitive(Bool)
Expr ExprId(9056): Primitive(I32)
Expr ExprId(1978): Pointer(Mutable, SemanticTypeId(520))
Expr ExprId(5378): Primitive(U64)
Expr ExprId(9438): Primitive(U64)
Expr ExprId(4547): Void
Expr ExprId(4407): Primitive(U64)
Expr ExprId(1699): Primitive(U64)
Expr ExprId(7066): Reference(LifetimeId(0), Immutable, SemanticTypeId(786))
Expr ExprId(5676): Reference(LifetimeId(0), Mutable, SemanticTypeId(1790))
Expr ExprId(2401): Pointer(Immutable, SemanticTypeId(516))
Expr ExprId(6571): Primitive(Bool)
Expr ExprId(5901): Primitive(Bool)
Expr ExprId(1318): Primitive(U64)
Expr ExprId(7653): Primitive(U64)
Expr ExprId(4627): Function { params: [SemanticTypeId(1166)], return_type: SemanticTypeId(0) }
Expr ExprId(4971): Pointer(Immutable, SemanticTypeId(1704))
Expr ExprId(6087): Enum(SymbolId(65), [SemanticTypeId(0), SemanticTypeId(830)], [SemanticTypeId(0), SemanticTypeId(830)])
Expr ExprId(4972): Primitive(U64)
Expr ExprId(5661): Void
Expr ExprId(3200): Enum(SymbolId(58), [SemanticTypeId(62)], [SemanticTypeId(62), SemanticTypeId(0)])
Expr ExprId(2832): Primitive(U64)
Expr ExprId(6960): Reference(LifetimeId(0), Immutable, SemanticTypeId(786))
Expr ExprId(9526): Primitive(U64)
Expr ExprId(10770): Pointer(Mutable, SemanticTypeId(24))
Expr ExprId(5873): Reference(LifetimeId(0), Mutable, SemanticTypeId(1528))
Expr ExprId(3490): Function { params: [SemanticTypeId(375), SemanticTypeId(374)], return_type: SemanticTypeId(374) }
Expr ExprId(5382): Primitive(U64)
Expr ExprId(2156): Function { params: [SemanticTypeId(714)], return_type: SemanticTypeId(713) }
Expr ExprId(7117): Primitive(Bool)
Expr ExprId(11126): Primitive(U64)
Expr ExprId(1108): Primitive(U64)
Expr ExprId(6056): Primitive(Bool)
Expr ExprId(492): Primitive(U64)
Expr ExprId(7398): Primitive(I32)
Expr ExprId(3204): GenericParam(SymbolId(275))
Expr ExprId(1620): Primitive(I32)
Expr ExprId(7245): Reference(LifetimeId(0), Immutable, SemanticTypeId(786))
Expr ExprId(9083): Primitive(U64)
Expr ExprId(776): Primitive(I32)
Expr ExprId(4003): GenericParam(SymbolId(442))
Expr ExprId(3292): Primitive(U64)
Expr ExprId(1278): Pointer(Mutable, SemanticTypeId(615))
Expr ExprId(3640): Enum(SymbolId(58), [SemanticTypeId(69)], [SemanticTypeId(69), SemanticTypeId(0)])
Expr ExprId(8534): Primitive(I32)
Expr ExprId(7561): Primitive(I32)
Expr ExprId(10959): Struct(SymbolId(480), [SemanticTypeId(1066), SemanticTypeId(1067)], [SemanticTypeId(788), SemanticTypeId(885), SemanticTypeId(1068), SemanticTypeId(1069), SemanticTypeId(24), SemanticTypeId(24), SemanticTypeId(24)])
Expr ExprId(6816): Void
Expr ExprId(3146): Reference(LifetimeId(0), Mutable, SemanticTypeId(279))
Expr ExprId(5892): Primitive(Char)
Expr ExprId(3042): Enum(SymbolId(58), [SemanticTypeId(205)], [SemanticTypeId(205), SemanticTypeId(0)])
Expr ExprId(5221): Primitive(Bool)
Expr ExprId(10738): Void
Expr ExprId(5102): Primitive(U64)
Expr ExprId(2883): Void
Expr ExprId(1422): Primitive(I32)
Expr ExprId(1458): Primitive(U64)
Expr ExprId(7387): Primitive(Bool)
Expr ExprId(594): Pointer(Immutable, SemanticTypeId(91))
Expr ExprId(8304): Void
Expr ExprId(8538): Struct(SymbolId(33), [SemanticTypeId(91)], [SemanticTypeId(788), SemanticTypeId(24), SemanticTypeId(24)])
Expr ExprId(9603): Pointer(Mutable, SemanticTypeId(91))
Expr ExprId(9830): Primitive(I32)
Expr ExprId(5179): Primitive(U64)
Expr ExprId(9652): Primitive(U64)
Expr ExprId(3810): Primitive(I32)
Expr ExprId(1188): Primitive(U64)
Expr ExprId(3481): Enum(SymbolId(58), [SemanticTypeId(114)], [SemanticTypeId(114), SemanticTypeId(0)])
Expr ExprId(7366): Primitive(U8)
Expr ExprId(9346): Reference(LifetimeId(0), Immutable, SemanticTypeId(786))
Expr ExprId(1472): Primitive(U64)
Expr ExprId(10955): Primitive(I32)
Expr ExprId(3993): GenericParam(SymbolId(440))
Expr ExprId(11188): Struct(SymbolId(480), [SemanticTypeId(1059), SemanticTypeId(1060)], [SemanticTypeId(788), SemanticTypeId(885), SemanticTypeId(1061), SemanticTypeId(1062), SemanticTypeId(24), SemanticTypeId(24), SemanticTypeId(24)])
Expr ExprId(5230): Primitive(I32)
Expr ExprId(4874): Pointer(Mutable, SemanticTypeId(91))
Expr ExprId(1662): Primitive(U64)
Expr ExprId(10748): Primitive(I32)
Expr ExprId(10154): Pointer(Mutable, SemanticTypeId(1074))
Expr ExprId(8178): Primitive(U64)
Expr ExprId(8112): Primitive(Bool)
Expr ExprId(9475): Primitive(Bool)
Expr ExprId(2355): Pointer(Mutable, SemanticTypeId(513))
Expr ExprId(2011): Primitive(U64)
Expr ExprId(6376): Primitive(I32)
Expr ExprId(7748): Reference(LifetimeId(0), Mutable, SemanticTypeId(796))
Expr ExprId(10230): Void
Expr ExprId(8719): Primitive(U64)
Expr ExprId(9792): Void
Expr ExprId(115): Primitive(Bool)
Expr ExprId(4165): Pointer(Mutable, SemanticTypeId(91))
Expr ExprId(5991): Enum(SymbolId(65), [SemanticTypeId(0), SemanticTypeId(830)], [SemanticTypeId(0), SemanticTypeId(830)])
Expr ExprId(5132): Primitive(U64)
Expr ExprId(6145): Primitive(Char)
Expr ExprId(9024): Primitive(I32)
Expr ExprId(6060): Reference(LifetimeId(0), Mutable, SemanticTypeId(1564))
Expr ExprId(4934): Void
Expr ExprId(2247): Primitive(U64)
Expr ExprId(1264): Enum(SymbolId(58), [SemanticTypeId(685)], [SemanticTypeId(685), SemanticTypeId(0)])
Expr ExprId(6605): Primitive(U8)
Expr ExprId(4027): GenericParam(SymbolId(444))
Expr ExprId(1541): GenericParam(SymbolId(1618))
Expr ExprId(2420): GenericParam(SymbolId(1672))
Expr ExprId(9941): Pointer(Mutable, SemanticTypeId(91))
Expr ExprId(1947): Pointer(Immutable, SemanticTypeId(520))
Expr ExprId(8760): Function { params: [SemanticTypeId(705), SemanticTypeId(24)], return_type: SemanticTypeId(705) }
Expr ExprId(7530): Primitive(U64)
Expr ExprId(5975): Function { params: [SemanticTypeId(24), SemanticTypeId(1592)], return_type: SemanticTypeId(831) }
Expr ExprId(6199): Reference(LifetimeId(0), Immutable, SemanticTypeId(36))
Expr ExprId(7434): Primitive(U64)
Expr ExprId(3152): Enum(SymbolId(58), [SemanticTypeId(138)], [SemanticTypeId(138), SemanticTypeId(0)])
Expr ExprId(1767): Primitive(U64)
Expr ExprId(5702): Primitive(U64)
Expr ExprId(4451): Primitive(U64)
Expr ExprId(2878): Primitive(I32)
Expr ExprId(10921): Primitive(I32)
Expr ExprId(1690): Primitive(U64)
Expr ExprId(11317): Reference(LifetimeId(0), Mutable, SemanticTypeId(938))
Expr ExprId(8493): Void
Expr ExprId(8505): Struct(SymbolId(351), [], [SemanticTypeId(789)])
Expr ExprId(7816): Primitive(I32)
Expr ExprId(3611): Void
Expr ExprId(5242): Primitive(U64)
Expr ExprId(8060): Primitive(U64)
Expr ExprId(2731): Primitive(I32)
Expr ExprId(1946): Function { params: [SemanticTypeId(705), SemanticTypeId(24)], return_type: SemanticTypeId(705) }
Expr ExprId(9209): Primitive(U64)
Expr ExprId(816): Reference(LifetimeId(0), Immutable, SemanticTypeId(24))
Expr ExprId(8170): Primitive(U64)
Expr ExprId(868): Primitive(I8)
Expr ExprId(5288): Function { params: [], return_type: SemanticTypeId(0) }
Expr ExprId(7395): Primitive(U32)
Expr ExprId(2028): Primitive(I32)
Expr ExprId(7243): Primitive(U32)
Expr ExprId(7358): Primitive(I32)
Expr ExprId(9280): Primitive(U64)
Expr ExprId(3886): Primitive(U32)
Expr ExprId(1702): Function { params: [SemanticTypeId(528), SemanticTypeId(528)], return_type: SemanticTypeId(3) }
Expr ExprId(8114): Primitive(U64)
Expr ExprId(6809): Primitive(U64)
Expr ExprId(3939): GenericParam(SymbolId(432))
Expr ExprId(7988): Primitive(U64)
Expr ExprId(8846): Primitive(U8)
Expr ExprId(6977): Primitive(I32)
Expr ExprId(10497): Void
Expr ExprId(4284): Struct(SymbolId(33), [SemanticTypeId(873)], [SemanticTypeId(874), SemanticTypeId(24), SemanticTypeId(24)])
Expr ExprId(3914): Primitive(Usize)
Expr ExprId(1861): Pointer(Mutable, SemanticTypeId(520))
Expr ExprId(7159): Reference(LifetimeId(0), Immutable, SemanticTypeId(790))
Expr ExprId(7505): Primitive(U32)
Expr ExprId(4712): Primitive(Bool)
Expr ExprId(11042): Void
Expr ExprId(10490): Primitive(U64)
Expr ExprId(11057): Primitive(U64)
Expr ExprId(5307): Pointer(Immutable, SemanticTypeId(1704))
Expr ExprId(5279): Primitive(U64)
Expr ExprId(10602): Primitive(U8)
Expr ExprId(5666): Primitive(U64)
Expr ExprId(11428): Primitive(Bool)
Expr ExprId(3856): Enum(SymbolId(58), [SemanticTypeId(91)], [SemanticTypeId(91), SemanticTypeId(0)])
Expr ExprId(11632): Struct(SymbolId(33), [SemanticTypeId(3)], [SemanticTypeId(727), SemanticTypeId(24), SemanticTypeId(24)])
Expr ExprId(7290): Primitive(U32)
Expr ExprId(7529): Primitive(I32)
Expr ExprId(2996): Enum(SymbolId(58), [SemanticTypeId(41)], [SemanticTypeId(41), SemanticTypeId(0)])
Expr ExprId(10420): Reference(LifetimeId(0), Mutable, SemanticTypeId(1078))
Expr ExprId(4073): GenericParam(SymbolId(450))
Expr ExprId(2972): Primitive(U64)
Expr ExprId(7337): Enum(SymbolId(467), [], [SemanticTypeId(0)])
Expr ExprId(641): Reference(LifetimeId(0), Mutable, SemanticTypeId(374))
Expr ExprId(8777): Reference(LifetimeId(0), Immutable, SemanticTypeId(786))
Expr ExprId(9536): Primitive(I32)
Expr ExprId(10768): Void
Expr ExprId(9176): Primitive(Bool)
Expr ExprId(5360): Void
Expr ExprId(5261): Primitive(I32)
Expr ExprId(9358): Reference(LifetimeId(0), Immutable, SemanticTypeId(786))
Expr ExprId(1000): Primitive(Bool)
Expr ExprId(11558): Function { params: [], return_type: SemanticTypeId(992) }
Expr ExprId(9522): Pointer(Mutable, SemanticTypeId(91))
Expr ExprId(117): Reference(LifetimeId(0), Immutable, SemanticTypeId(1459))
Expr ExprId(7638): Primitive(U8)
Expr ExprId(5029): Primitive(Bool)
Expr ExprId(1870): GenericParam(SymbolId(1637))
Expr ExprId(1770): Pointer(Mutable, SemanticTypeId(520))
Expr ExprId(5814): Primitive(U128)
Expr ExprId(1249): Reference(LifetimeId(0), Immutable, SemanticTypeId(601))
Expr ExprId(1445): Function { params: [SemanticTypeId(705), SemanticTypeId(24)], return_type: SemanticTypeId(705) }
Expr ExprId(3407): Reference(LifetimeId(0), Immutable, SemanticTypeId(15))
Expr ExprId(10147): Primitive(U64)
Expr ExprId(1778): Pointer(Mutable, SemanticTypeId(520))
Expr ExprId(736): Reference(LifetimeId(0), Immutable, SemanticTypeId(36))
Expr ExprId(4861): Pointer(Immutable, SemanticTypeId(1704))
Expr ExprId(3488): Reference(LifetimeId(0), Mutable, SemanticTypeId(114))
Expr ExprId(10776): Void
Expr ExprId(2992): Enum(SymbolId(58), [SemanticTypeId(94)], [SemanticTypeId(94), SemanticTypeId(0)])
Expr ExprId(2353): Pointer(Mutable, SemanticTypeId(513))
Expr ExprId(9185): Primitive(Bool)
Expr ExprId(2238): Primitive(U64)
Expr ExprId(5966): Pointer(Immutable, SemanticTypeId(91))
Expr ExprId(332): Enum(SymbolId(65), [SemanticTypeId(1903), SemanticTypeId(1899)], [SemanticTypeId(1903), SemanticTypeId(1899)])
Expr ExprId(8054): Primitive(U64)
Expr ExprId(8267): Primitive(Bool)
Expr ExprId(4145): Primitive(I32)
Expr ExprId(6556): Primitive(Bool)
Expr ExprId(455): Primitive(U64)
Expr ExprId(5428): GenericParam(SymbolId(2871))
Expr ExprId(3299): Primitive(U64)
Expr ExprId(857): Primitive(I32)
Expr ExprId(5471): Primitive(U64)
Expr ExprId(5164): Function { params: [SemanticTypeId(709), SemanticTypeId(24)], return_type: SemanticTypeId(709) }
Expr ExprId(7572): Primitive(U8)
Expr ExprId(9694): Primitive(Bool)
Expr ExprId(9508): Primitive(U64)
Expr ExprId(2841): GenericParam(SymbolId(161))
Expr ExprId(10663): Primitive(U64)
Expr ExprId(11436): Reference(LifetimeId(0), Immutable, SemanticTypeId(881))
Expr ExprId(1029): Primitive(Bool)
Expr ExprId(2418): GenericParam(SymbolId(1672))
Expr ExprId(1019): Primitive(Bool)
Expr ExprId(3186): Primitive(Bool)
Expr ExprId(4090): GenericParam(SymbolId(455))
Expr ExprId(1984): Void
Expr ExprId(1738): Pointer(Immutable, SemanticTypeId(526))
Expr ExprId(8715): Primitive(U64)
Expr ExprId(6741): Primitive(I32)
Expr ExprId(11300): Void
Expr ExprId(7946): Enum(SymbolId(58), [SemanticTypeId(768)], [SemanticTypeId(768), SemanticTypeId(0)])
Expr ExprId(10653): Primitive(U64)
Expr ExprId(3503): Reference(LifetimeId(0), Mutable, SemanticTypeId(224))
Expr ExprId(9080): Primitive(U64)
Expr ExprId(11538): Struct(SymbolId(579), [SemanticTypeId(901)], [SemanticTypeId(963)])
Expr ExprId(11576): Struct(SymbolId(549), [SemanticTypeId(1174), SemanticTypeId(1175)], [SemanticTypeId(1178)])
Expr ExprId(569): Pointer(Mutable, SemanticTypeId(1677))
Expr ExprId(7548): Enum(SymbolId(58), [SemanticTypeId(768)], [SemanticTypeId(768), SemanticTypeId(0)])
Expr ExprId(2775): Primitive(U64)
Expr ExprId(7453): Primitive(I32)
Expr ExprId(6307): Primitive(U64)
Expr ExprId(8154): Primitive(String)
Expr ExprId(5052): Primitive(U64)
Expr ExprId(3796): Primitive(U64)
Expr ExprId(2655): Primitive(U64)
Expr ExprId(9608): Primitive(U8)
Expr ExprId(1980): Pointer(Mutable, SemanticTypeId(520))
Expr ExprId(3335): Primitive(Bool)
Expr ExprId(9423): Primitive(U64)
Expr ExprId(3991): Primitive(I32)
Expr ExprId(7174): Primitive(Bool)
Expr ExprId(267): Enum(SymbolId(58), [SemanticTypeId(1869)], [SemanticTypeId(1869), SemanticTypeId(0)])
Expr ExprId(222): Primitive(U64)
Expr ExprId(11343): Reference(LifetimeId(0), Immutable, SemanticTypeId(897))
Expr ExprId(9235): Primitive(U64)
Expr ExprId(3125): GenericParam(SymbolId(722))
Expr ExprId(9191): Primitive(U64)
Expr ExprId(10285): Enum(SymbolId(58), [SemanticTypeId(1150)], [SemanticTypeId(1150), SemanticTypeId(0)])
Expr ExprId(1031): Primitive(U64)
Expr ExprId(1410): Primitive(Bool)
Expr ExprId(1950): Pointer(Immutable, SemanticTypeId(520))
Expr ExprId(5800): Primitive(I64)
Expr ExprId(899): Reference(LifetimeId(0), Immutable, SemanticTypeId(3))
Expr ExprId(3572): Void
Expr ExprId(1359): Function { params: [SemanticTypeId(709), SemanticTypeId(24)], return_type: SemanticTypeId(709) }
Expr ExprId(2373): Void
Expr ExprId(1574): Primitive(U64)
Expr ExprId(8771): Primitive(U64)
Expr ExprId(10019): Primitive(Bool)
Expr ExprId(6705): Primitive(I32)
Expr ExprId(9943): Primitive(I32)
Expr ExprId(4840): Primitive(U64)
Expr ExprId(1995): Void
Expr ExprId(9297): Primitive(U8)
Expr ExprId(8943): Primitive(U8)
Expr ExprId(305): Enum(SymbolId(65), [SemanticTypeId(1869), SemanticTypeId(1897)], [SemanticTypeId(1869), SemanticTypeId(1897)])
Expr ExprId(1313): Primitive(U64)
Expr ExprId(7235): Primitive(U8)
Expr ExprId(7288): Primitive(U32)
Expr ExprId(11146): Enum(SymbolId(58), [SemanticTypeId(1114)], [SemanticTypeId(1114), SemanticTypeId(0)])
Expr ExprId(2527): Primitive(U64)
Expr ExprId(10374): Pointer(Mutable, SemanticTypeId(1075))
Expr ExprId(5948): Pointer(Immutable, SemanticTypeId(91))
Expr ExprId(504): Primitive(U8)
Expr ExprId(8165): Primitive(U64)
Expr ExprId(4711): Primitive(U64)
Expr ExprId(10400): Void
Expr ExprId(325): Enum(SymbolId(65), [SemanticTypeId(1887), SemanticTypeId(1876)], [SemanticTypeId(1887), SemanticTypeId(1876)])
Expr ExprId(10875): Primitive(U64)
Expr ExprId(5010): Pointer(Mutable, SemanticTypeId(1704))
Expr ExprId(10952): Void
Expr ExprId(7458): Reference(LifetimeId(0), Mutable, SemanticTypeId(806))
Expr ExprId(6385): Primitive(U64)
Expr ExprId(11270): Reference(LifetimeId(0), Immutable, SemanticTypeId(1296))
Expr ExprId(8119): Void
Expr ExprId(4120): GenericParam(SymbolId(457))
Expr ExprId(2618): Primitive(U64)
Expr ExprId(7751): Primitive(U64)
Expr ExprId(8073): Primitive(U64)
Expr ExprId(6252): Primitive(U64)
Expr ExprId(8298): Enum(SymbolId(58), [SemanticTypeId(24)], [SemanticTypeId(24), SemanticTypeId(0)])
Expr ExprId(10801): Primitive(U64)
Expr ExprId(3900): Primitive(U64)
Expr ExprId(5184): Primitive(U64)
Expr ExprId(686): Primitive(Bool)
Expr ExprId(2725): Reference(LifetimeId(0), Immutable, SemanticTypeId(511))
Expr ExprId(1043): Primitive(U16)
Expr ExprId(11090): Void
Expr ExprId(5143): Pointer(Immutable, SemanticTypeId(1704))
Expr ExprId(1689): Primitive(U64)
Expr ExprId(4923): Pointer(Mutable, SemanticTypeId(1704))
Expr ExprId(1213): Primitive(U64)
Expr ExprId(8252): Primitive(U64)
Expr ExprId(7269): Primitive(U32)
Expr ExprId(8030): Primitive(Bool)
Expr ExprId(11337): Reference(LifetimeId(0), Immutable, SemanticTypeId(897))
Expr ExprId(6228): Primitive(Isize)
Expr ExprId(7837): Primitive(U32)
Expr ExprId(3644): Void
Expr ExprId(2606): Primitive(U64)
Expr ExprId(196): Enum(SymbolId(58), [SemanticTypeId(1451)], [SemanticTypeId(1451), SemanticTypeId(0)])
Expr ExprId(10568): Primitive(I32)
Expr ExprId(9109): Reference(LifetimeId(0), Immutable, SemanticTypeId(786))
Expr ExprId(6489): Primitive(Bool)
Expr ExprId(5937): Enum(SymbolId(65), [SemanticTypeId(0), SemanticTypeId(830)], [SemanticTypeId(0), SemanticTypeId(830)])
Expr ExprId(9961): Pointer(Mutable, SemanticTypeId(24))
Expr ExprId(5976): Reference(LifetimeId(0), Immutable, SemanticTypeId(124))
Expr ExprId(3941): Enum(SymbolId(58), [SemanticTypeId(11)], [SemanticTypeId(11), SemanticTypeId(0)])
Expr ExprId(6498): Primitive(U64)
Expr ExprId(6012): Primitive(I64)
Expr ExprId(3646): Primitive(Bool)
Expr ExprId(2861): Primitive(U64)
Expr ExprId(3657): Enum(SymbolId(58), [SemanticTypeId(69)], [SemanticTypeId(69), SemanticTypeId(0)])
Expr ExprId(7596): Primitive(U32)
Expr ExprId(1351): Primitive(U64)
Expr ExprId(6278): Primitive(U64)
Expr ExprId(11320): Reference(LifetimeId(0), Mutable, SemanticTypeId(976))
Expr ExprId(7691): Primitive(U32)
Expr ExprId(11023): GenericParam(SymbolId(932))
Expr ExprId(572): Reference(LifetimeId(0), Immutable, SemanticTypeId(1677))
Expr ExprId(5431): Primitive(U64)
Expr ExprId(1923): Function { params: [SemanticTypeId(702), SemanticTypeId(701)], return_type: SemanticTypeId(0) }
Expr ExprId(10461): Primitive(U64)
Expr ExprId(1692): Function { params: [SemanticTypeId(705), SemanticTypeId(24)], return_type: SemanticTypeId(705) }
Expr ExprId(4430): Pointer(Mutable, SemanticTypeId(1722))
Expr ExprId(10764): Void
Expr ExprId(2946): Enum(SymbolId(58), [SemanticTypeId(213)], [SemanticTypeId(213), SemanticTypeId(0)])
Expr ExprId(2449): Primitive(U64)
Expr ExprId(7241): Primitive(U32)
Expr ExprId(4279): Primitive(I32)
Expr ExprId(7076): Primitive(Bool)
Expr ExprId(1489): Primitive(U64)
Expr ExprId(8677): Void
Expr ExprId(6193): Reference(LifetimeId(0), Immutable, SemanticTypeId(7))
Expr ExprId(6204): Function { params: [SemanticTypeId(141), SemanticTypeId(1573)], return_type: SemanticTypeId(831) }
Expr ExprId(5191): Reference(LifetimeId(0), Mutable, SemanticTypeId(1706))
Expr ExprId(7916): Struct(SymbolId(351), [], [SemanticTypeId(789)])
Expr ExprId(1887): Pointer(Mutable, SemanticTypeId(520))
Expr ExprId(11612): Function { params: [SemanticTypeId(129)], return_type: SemanticTypeId(3) }
Expr ExprId(1572): Pointer(Mutable, SemanticTypeId(542))
Expr ExprId(3876): Void
Expr ExprId(3421): GenericParam(SymbolId(294))
Expr ExprId(5668): Pointer(Mutable, SemanticTypeId(1788))
Expr ExprId(8602): Function { params: [], return_type: SemanticTypeId(790) }
Expr ExprId(4143): Reference(LifetimeId(0), Immutable, SemanticTypeId(422))
Expr ExprId(7462): Primitive(Bool)
Expr ExprId(2872): Primitive(I32)
Expr ExprId(1493): Void
Expr ExprId(7684): Primitive(U8)
Expr ExprId(4078): GenericParam(SymbolId(450))
Expr ExprId(11635): Reference(LifetimeId(0), Immutable, SemanticTypeId(3))
Expr ExprId(1447): Pointer(Immutable, SemanticTypeId(3))
Expr ExprId(11033): Reference(LifetimeId(0), Mutable, SemanticTypeId(1112))
Expr ExprId(2341): Primitive(U64)
Expr ExprId(9899): GenericParam(SymbolId(931))
Expr ExprId(2127): Primitive(I32)
Expr ExprId(7171): Primitive(U64)
Expr ExprId(6501): Primitive(Bool)
Expr ExprId(4315): Pointer(Mutable, SemanticTypeId(873))
Expr ExprId(3500): Primitive(Bool)
Expr ExprId(10882): Function { params: [], return_type: SemanticTypeId(24) }
Expr ExprId(11242): Function { params: [SemanticTypeId(1070)], return_type: SemanticTypeId(1071) }
Expr ExprId(802): Primitive(U32)
Expr ExprId(6531): Primitive(Bool)
Expr ExprId(7428): Primitive(U8)
Expr ExprId(8222): Primitive(U8)
Expr ExprId(4118): Primitive(I32)
Expr ExprId(9865): Function { params: [SemanticTypeId(702), SemanticTypeId(701)], return_type: SemanticTypeId(0) }
Expr ExprId(2845): Primitive(I32)
Expr ExprId(7844): Primitive(U64)
Expr ExprId(5138): Function { params: [SemanticTypeId(1719), SemanticTypeId(1719)], return_type: SemanticTypeId(4) }
Expr ExprId(2118): Function { params: [SemanticTypeId(560), SemanticTypeId(560)], return_type: SemanticTypeId(3) }
Expr ExprId(9366): Primitive(U64)
Expr ExprId(5743): Primitive(Bool)
Expr ExprId(2684): Primitive(U64)
Expr ExprId(3189): GenericParam(SymbolId(723))
Expr ExprId(9572): Primitive(U64)
Expr ExprId(6379): Primitive(U64)
Expr ExprId(4615): Primitive(U64)
Expr ExprId(10305): Enum(SymbolId(58), [SemanticTypeId(1150)], [SemanticTypeId(1150), SemanticTypeId(0)])
Expr ExprId(10914): Pointer(Mutable, SemanticTypeId(1095))
Expr ExprId(7491): Primitive(U32)
Expr ExprId(8133): Primitive(Bool)
Expr ExprId(7375): Enum(SymbolId(65), [SemanticTypeId(0), SemanticTypeId(830)], [SemanticTypeId(0), SemanticTypeId(830)])
Expr ExprId(2912): GenericParam(SymbolId(734))
Expr ExprId(6299): Reference(LifetimeId(0), Immutable, SemanticTypeId(11))
Expr ExprId(4099): Enum(SymbolId(58), [SemanticTypeId(411)], [SemanticTypeId(411), SemanticTypeId(0)])
Expr ExprId(8826): Primitive(U64)
Expr ExprId(7438): Primitive(U8)
Expr ExprId(8654): Primitive(Bool)
Expr ExprId(7134): Primitive(U64)
Expr ExprId(7212): Primitive(U64)
Expr ExprId(5381): Reference(LifetimeId(0), Mutable, SemanticTypeId(1706))
Expr ExprId(9886): Primitive(Bool)
Expr ExprId(4444): Void
Expr ExprId(6439): Primitive(Bool)
Expr ExprId(10168): GenericParam(SymbolId(931))
Expr ExprId(9929): Reference(LifetimeId(0), Mutable, SemanticTypeId(1078))
Expr ExprId(11302): Primitive(Bool)
Expr ExprId(3273): Reference(LifetimeId(0), Immutable, SemanticTypeId(8))
Expr ExprId(4965): Reference(LifetimeId(0), Mutable, SemanticTypeId(1706))
Expr ExprId(1117): Enum(SymbolId(58), [SemanticTypeId(593)], [SemanticTypeId(593), SemanticTypeId(0)])
Expr ExprId(5374): Reference(LifetimeId(0), Mutable, SemanticTypeId(1706))
Expr ExprId(3013): Struct(SymbolId(168), [SemanticTypeId(127), SemanticTypeId(201), SemanticTypeId(202)], [SemanticTypeId(127), SemanticTypeId(203)])
Expr ExprId(10077): Primitive(U64)
Expr ExprId(8038): Primitive(U64)
Expr ExprId(3480): GenericParam(SymbolId(760))
Expr ExprId(11467): Struct(SymbolId(576), [SemanticTypeId(881)], [SemanticTypeId(932)])
Expr ExprId(4392): Function { params: [SemanticTypeId(709), SemanticTypeId(24)], return_type: SemanticTypeId(709) }
Expr ExprId(7772): Primitive(I32)
Expr ExprId(3561): Enum(SymbolId(58), [SemanticTypeId(82)], [SemanticTypeId(82), SemanticTypeId(0)])
Expr ExprId(3550): Struct(SymbolId(311), [SemanticTypeId(57), SemanticTypeId(58)], [SemanticTypeId(57), SemanticTypeId(57)])
Expr ExprId(7140): Primitive(U64)
Expr ExprId(10356): Primitive(U64)
Expr ExprId(3175): Primitive(U64)
Expr ExprId(9426): Primitive(I32)
Expr ExprId(8198): Reference(LifetimeId(0), Immutable, SemanticTypeId(786))
Expr ExprId(4400): Reference(LifetimeId(0), Mutable, SemanticTypeId(1724))
Expr ExprId(682): Reference(LifetimeId(0), Immutable, SemanticTypeId(1648))
Expr ExprId(7754): Primitive(U64)
Expr ExprId(8009): Primitive(I32)
Expr ExprId(2496): Primitive(I32)
Expr ExprId(6834): Primitive(U64)
Expr ExprId(11032): Primitive(Bool)
Expr ExprId(11276): Reference(LifetimeId(0), Immutable, SemanticTypeId(1306))
Expr ExprId(3097): GenericParam(SymbolId(717))
Expr ExprId(3973): Void
Expr ExprId(8788): Struct(SymbolId(33), [SemanticTypeId(91)], [SemanticTypeId(788), SemanticTypeId(24), SemanticTypeId(24)])
Expr ExprId(2175): Pointer(Immutable, SemanticTypeId(564))
Expr ExprId(11008): Struct(SymbolId(480), [SemanticTypeId(1084), SemanticTypeId(1085)], [SemanticTypeId(788), SemanticTypeId(885), SemanticTypeId(1086), SemanticTypeId(1087), SemanticTypeId(24), SemanticTypeId(24), SemanticTypeId(24)])
Expr ExprId(4419): Function { params: [], return_type: SemanticTypeId(24) }
Expr ExprId(10533): Primitive(Bool)
Expr ExprId(11055): Reference(LifetimeId(0), Mutable, SemanticTypeId(1112))
Expr ExprId(4237): Primitive(Bool)
Expr ExprId(2562): Void
Expr ExprId(2978): Reference(LifetimeId(0), Mutable, SemanticTypeId(95))
Expr ExprId(1542): Function { params: [SemanticTypeId(702), SemanticTypeId(701)], return_type: SemanticTypeId(0) }
Expr ExprId(1672): Reference(LifetimeId(0), Immutable, SemanticTypeId(526))
Expr ExprId(3429): Reference(LifetimeId(0), Mutable, SemanticTypeId(106))
Expr ExprId(6233): Primitive(U64)
Expr ExprId(6469): Primitive(Bool)
Expr ExprId(11106): Function { params: [SemanticTypeId(705), SemanticTypeId(24)], return_type: SemanticTypeId(705) }
Expr ExprId(1075): Primitive(U64)
Expr ExprId(140): Pointer(Mutable, SemanticTypeId(1459))
Expr ExprId(10006): Primitive(U64)
Expr ExprId(2622): Primitive(U64)
Expr ExprId(8997): Reference(LifetimeId(0), Immutable, SemanticTypeId(786))
Expr ExprId(8398): Reference(LifetimeId(0), Immutable, SemanticTypeId(786))
Expr ExprId(9034): Primitive(U32)
Expr ExprId(7630): Primitive(U8)
Expr ExprId(10618): Reference(LifetimeId(0), Mutable, SemanticTypeId(1078))
Expr ExprId(9791): Function { params: [SemanticTypeId(702), SemanticTypeId(701)], return_type: SemanticTypeId(0) }
Expr ExprId(6148): Enum(SymbolId(65), [SemanticTypeId(0), SemanticTypeId(830)], [SemanticTypeId(0), SemanticTypeId(830)])
Expr ExprId(8977): Primitive(U8)
Expr ExprId(8313): Primitive(U64)
Expr ExprId(9425): Primitive(U64)
Expr ExprId(694): Primitive(U64)
Expr ExprId(8045): Primitive(U64)
Expr ExprId(5247): GenericParam(SymbolId(1161))
Expr ExprId(4618): Primitive(U64)
Expr ExprId(4281): Primitive(Bool)
Expr ExprId(3052): GenericParam(SymbolId(730))
Expr ExprId(791): Primitive(I32)
Expr ExprId(282): Function { params: [SemanticTypeId(1869)], return_type: SemanticTypeId(1872) }
Expr ExprId(6851): Reference(LifetimeId(0), Immutable, SemanticTypeId(786))
Expr ExprId(7345): Enum(SymbolId(65), [SemanticTypeId(0), SemanticTypeId(830)], [SemanticTypeId(0), SemanticTypeId(830)])
Expr ExprId(9441): Primitive(Bool)
Expr ExprId(7949): Primitive(U64)
Expr ExprId(6431): Primitive(U8)
Expr ExprId(6142): Primitive(U8)
Expr ExprId(1759): Primitive(U64)
Expr ExprId(2382): Primitive(I32)
Expr ExprId(7329): Primitive(U32)
Expr ExprId(7729): Reference(LifetimeId(0), Mutable, SemanticTypeId(796))
Expr ExprId(5399): Primitive(U64)
Expr ExprId(10940): Primitive(U64)
Expr ExprId(2053): Function { params: [SemanticTypeId(572), SemanticTypeId(572)], return_type: SemanticTypeId(3) }
Expr ExprId(5940): Enum(SymbolId(65), [SemanticTypeId(0), SemanticTypeId(830)], [SemanticTypeId(0), SemanticTypeId(830)])
Expr ExprId(7388): Primitive(U8)
Expr ExprId(4767): Primitive(U64)
Expr ExprId(1454): Enum(SymbolId(58), [SemanticTypeId(24)], [SemanticTypeId(24), SemanticTypeId(0)])
Expr ExprId(3869): GenericParam(SymbolId(422))
Expr ExprId(7378): Primitive(U64)
Expr ExprId(10298): Function { params: [SemanticTypeId(705), SemanticTypeId(24)], return_type: SemanticTypeId(705) }
Expr ExprId(2074): Primitive(U64)
Expr ExprId(4742): Pointer(Mutable, SemanticTypeId(1704))
Expr ExprId(8974): Primitive(U32)
Expr ExprId(3387): Reference(LifetimeId(0), Immutable, SemanticTypeId(141))
Expr ExprId(8848): Primitive(Bool)
Expr ExprId(2571): Primitive(U64)
Expr ExprId(7339): Primitive(U64)
Expr ExprId(10912): Function { params: [SemanticTypeId(788), SemanticTypeId(24), SemanticTypeId(24)], return_type: SemanticTypeId(0) }
Expr ExprId(11271): GenericParam(SymbolId(991))
Expr ExprId(5116): Primitive(U64)
Expr ExprId(10316): Reference(LifetimeId(0), Immutable, SemanticTypeId(1074))
Expr ExprId(9077): Primitive(U64)
Expr ExprId(11413): Struct(SymbolId(576), [SemanticTypeId(881)], [SemanticTypeId(932)])
Expr ExprId(5787): Primitive(I64)
Expr ExprId(4507): Reference(LifetimeId(0), Mutable, SemanticTypeId(1706))
Expr ExprId(7231): Primitive(U64)
Expr ExprId(8007): Primitive(U64)
Expr ExprId(4234): Primitive(U64)
Expr ExprId(8205): Primitive(U64)
Expr ExprId(1450): Primitive(I32)
Expr ExprId(3623): Primitive(Bool)
Expr ExprId(7756): Enum(SymbolId(58), [SemanticTypeId(768)], [SemanticTypeId(768), SemanticTypeId(0)])
Expr ExprId(274): Enum(SymbolId(58), [SemanticTypeId(1870)], [SemanticTypeId(1870), SemanticTypeId(0)])
Expr ExprId(7312): Primitive(I32)
Expr ExprId(7522): Enum(SymbolId(65), [SemanticTypeId(0), SemanticTypeId(830)], [SemanticTypeId(0), SemanticTypeId(830)])
Expr ExprId(2423): Pointer(Immutable, SemanticTypeId(516))
Expr ExprId(10718): Primitive(U64)
Expr ExprId(7595): Primitive(U32)
Expr ExprId(5086): GenericParam(SymbolId(1153))
Expr ExprId(9029): Primitive(U8)
Expr ExprId(7590): Primitive(U32)
Expr ExprId(11119): Reference(LifetimeId(0), Mutable, SemanticTypeId(1112))
Expr ExprId(179): Enum(SymbolId(58), [SemanticTypeId(1451)], [SemanticTypeId(1451), SemanticTypeId(0)])
Expr ExprId(7031): Primitive(U64)
Expr ExprId(9022): Reference(LifetimeId(0), Immutable, SemanticTypeId(786))
Expr ExprId(5757): Function { params: [SemanticTypeId(24), SemanticTypeId(1592)], return_type: SemanticTypeId(831) }
Expr ExprId(2438): Primitive(Bool)
Expr ExprId(1197): Primitive(U64)
Expr ExprId(7328): Primitive(U8)
Expr ExprId(9128): Function { params: [SemanticTypeId(91)], return_type: SemanticTypeId(4) }
Expr ExprId(7047): Primitive(Bool)
Expr ExprId(2153): Function { params: [SemanticTypeId(705), SemanticTypeId(24)], return_type: SemanticTypeId(705) }
Expr ExprId(2140): Primitive(U64)
Expr ExprId(1621): Primitive(U64)
Expr ExprId(7927): Pointer(Mutable, SemanticTypeId(91))
Expr ExprId(6877): Primitive(U64)
Expr ExprId(9874): Pointer(Mutable, SemanticTypeId(1075))
Expr ExprId(8569): Primitive(U8)
Expr ExprId(10537): Primitive(U64)
Expr ExprId(10828): Pointer(Mutable, SemanticTypeId(91))
Expr ExprId(10642): Pointer(Immutable, SemanticTypeId(1075))
Expr ExprId(1888): Primitive(I32)
Expr ExprId(11165): Struct(SymbolId(504), [SemanticTypeId(1250), SemanticTypeId(1251)], [SemanticTypeId(792), SemanticTypeId(1252), SemanticTypeId(1253), SemanticTypeId(24), SemanticTypeId(24)])
Expr ExprId(5151): Function { params: [SemanticTypeId(709), SemanticTypeId(24)], return_type: SemanticTypeId(709) }
Expr ExprId(4579): Enum(SymbolId(58), [SemanticTypeId(1719)], [SemanticTypeId(1719), SemanticTypeId(0)])
Expr ExprId(8720): Primitive(U64)
Expr ExprId(3319): Primitive(Usize)
Expr ExprId(2315): Primitive(U64)
Expr ExprId(2242): Primitive(Bool)
Expr ExprId(8272): Primitive(U64)
Expr ExprId(5060): Reference(LifetimeId(0), Immutable, SemanticTypeId(1766))
Expr ExprId(5028): Primitive(U64)
Expr ExprId(8027): Primitive(U64)
Expr ExprId(3268): Reference(LifetimeId(0), Immutable, SemanticTypeId(8))
Expr ExprId(3221): Reference(LifetimeId(0), Immutable, SemanticTypeId(91))
Expr ExprId(2877): Primitive(U64)
Expr ExprId(9906): Reference(LifetimeId(0), Mutable, SemanticTypeId(1078))
Expr ExprId(9683): Primitive(U64)
Expr ExprId(8865): Reference(LifetimeId(0), Immutable, SemanticTypeId(786))
Expr ExprId(8861): Primitive(U64)
Expr ExprId(947): Primitive(I32)
Expr ExprId(8394): Primitive(U64)
Expr ExprId(1444): Primitive(U64)
Expr ExprId(8316): Primitive(I32)
Expr ExprId(7954): Void
Expr ExprId(265): GenericParam(SymbolId(1210))
Expr ExprId(8083): Void
Expr ExprId(5335): Pointer(Immutable, SemanticTypeId(1704))
Expr ExprId(2997): Reference(LifetimeId(0), Mutable, SemanticTypeId(42))
Expr ExprId(6455): Primitive(I32)
Expr ExprId(4565): Primitive(U64)
Expr ExprId(2290): Primitive(I32)
Expr ExprId(5274): Primitive(U64)
Expr ExprId(6736): Void
Expr ExprId(9692): Reference(LifetimeId(0), Immutable, SemanticTypeId(1078))
Expr ExprId(605): Primitive(U64)
Expr ExprId(7865): Reference(LifetimeId(0), Mutable, SemanticTypeId(796))
Expr ExprId(2803): Primitive(U64)
Expr ExprId(7411): Primitive(Bool)
Expr ExprId(10377): Pointer(Mutable, SemanticTypeId(1075))
Expr ExprId(8384): Reference(LifetimeId(0), Mutable, SemanticTypeId(790))
Expr ExprId(510): Primitive(U64)
Expr ExprId(1439): Primitive(U64)
Expr ExprId(7465): Enum(SymbolId(65), [SemanticTypeId(0), SemanticTypeId(830)], [SemanticTypeId(0), SemanticTypeId(830)])
Expr ExprId(7876): Primitive(I32)
Expr ExprId(9628): Primitive(U64)
Expr ExprId(10778): Pointer(Mutable, SemanticTypeId(1075))
Expr ExprId(9153): Primitive(U8)
Expr ExprId(5551): Primitive(U64)
Expr ExprId(8396): Reference(LifetimeId(0), Immutable, SemanticTypeId(790))
Expr ExprId(2210): GenericParam(SymbolId(1656))
Expr ExprId(11462): Struct(SymbolId(579), [SemanticTypeId(881)], [SemanticTypeId(926)])
Expr ExprId(421): Pointer(Immutable, SemanticTypeId(1203))
Expr ExprId(3641): Reference(LifetimeId(0), Mutable, SemanticTypeId(321))
Expr ExprId(3167): Primitive(I32)
Expr ExprId(8832): Primitive(Bool)
Expr ExprId(10698): Function { params: [SemanticTypeId(709), SemanticTypeId(24)], return_type: SemanticTypeId(709) }
Expr ExprId(2339): Function { params: [SemanticTypeId(531), SemanticTypeId(24), SemanticTypeId(24), SemanticTypeId(24)], return_type: SemanticTypeId(0) }
Expr ExprId(7029): Struct(SymbolId(351), [], [SemanticTypeId(789)])
Expr ExprId(7162): Primitive(Char)
Expr ExprId(2008): Primitive(Bool)
Expr ExprId(11643): Primitive(I32)
Expr ExprId(4357): Primitive(Bool)
Expr ExprId(6628): Primitive(U32)
Expr ExprId(10809): Primitive(U64)
Expr ExprId(1024): Primitive(Bool)
Expr ExprId(8794): Primitive(U64)
Expr ExprId(503): Pointer(Immutable, SemanticTypeId(91))
Expr ExprId(5707): Reference(LifetimeId(0), Immutable, SemanticTypeId(1768))
Expr ExprId(6699): Primitive(U8)
Expr ExprId(9448): Primitive(U64)
Expr ExprId(7154): Reference(LifetimeId(0), Immutable, SemanticTypeId(790))
Expr ExprId(2943): GenericParam(SymbolId(739))
Expr ExprId(4730): Pointer(Mutable, SemanticTypeId(91))
Expr ExprId(9119): Primitive(U64)
Expr ExprId(8993): Primitive(I32)
Expr ExprId(3903): Primitive(U64)
Expr ExprId(262): Enum(SymbolId(65), [SemanticTypeId(1919), SemanticTypeId(1920)], [SemanticTypeId(1919), SemanticTypeId(1920)])
Expr ExprId(9956): Primitive(I32)
Expr ExprId(3881): Primitive(U32)
Expr ExprId(3712): Void
Expr ExprId(10682): Primitive(U64)
Expr ExprId(1034): Primitive(U64)
Expr ExprId(4033): Void
Expr ExprId(1820): Reference(LifetimeId(0), Immutable, SemanticTypeId(520))
Expr ExprId(3769): Enum(SymbolId(58), [SemanticTypeId(385)], [SemanticTypeId(385), SemanticTypeId(0)])
Expr ExprId(8033): Reference(LifetimeId(0), Immutable, SemanticTypeId(786))
Expr ExprId(1173): Primitive(I32)
Expr ExprId(1873): Pointer(Immutable, SemanticTypeId(520))
Expr ExprId(8315): Enum(SymbolId(58), [SemanticTypeId(24)], [SemanticTypeId(24), SemanticTypeId(0)])
Expr ExprId(1231): Primitive(Usize)
Expr ExprId(10795): Pointer(Mutable, SemanticTypeId(1074))
Expr ExprId(10970): Primitive(U64)
Expr ExprId(1531): Void
Expr ExprId(611): Primitive(U64)
Expr ExprId(10726): Primitive(U64)
Expr ExprId(4938): Function { params: [SemanticTypeId(702), SemanticTypeId(701)], return_type: SemanticTypeId(0) }
Expr ExprId(7259): Reference(LifetimeId(0), Immutable, SemanticTypeId(786))
Expr ExprId(9204): Enum(SymbolId(65), [SemanticTypeId(793), SemanticTypeId(816)], [SemanticTypeId(793), SemanticTypeId(816)])
Expr ExprId(8885): Void
Expr ExprId(3730): Void
Expr ExprId(10689): Function { params: [SemanticTypeId(709), SemanticTypeId(24)], return_type: SemanticTypeId(709) }
Expr ExprId(8571): Primitive(Bool)
Expr ExprId(5432): Primitive(U64)
Expr ExprId(5627): Primitive(U64)
Expr ExprId(2964): Enum(SymbolId(58), [SemanticTypeId(49)], [SemanticTypeId(49), SemanticTypeId(0)])
Expr ExprId(4546): Function { params: [SemanticTypeId(1166)], return_type: SemanticTypeId(0) }
Expr ExprId(487): Primitive(U64)
Expr ExprId(4947): Void
Expr ExprId(8541): Primitive(U64)
Expr ExprId(10961): Primitive(U64)
Expr ExprId(4222): Pointer(Mutable, SemanticTypeId(1843))
Expr ExprId(2822): Primitive(U64)
Expr ExprId(8837): Primitive(U64)
Expr ExprId(316): GenericParam(SymbolId(1210))
Expr ExprId(4009): Enum(SymbolId(58), [SemanticTypeId(24)], [SemanticTypeId(24), SemanticTypeId(0)])
Expr ExprId(655): Primitive(U64)
Expr ExprId(1580): Primitive(I32)
Expr ExprId(5311): Primitive(U64)
Expr ExprId(5197): Reference(LifetimeId(0), Mutable, SemanticTypeId(1706))
Expr ExprId(11158): Reference(LifetimeId(0), Mutable, SemanticTypeId(1331))
Expr ExprId(5447): Pointer(Mutable, SemanticTypeId(1704))
Expr ExprId(5497): Function { params: [SemanticTypeId(709), SemanticTypeId(24)], return_type: SemanticTypeId(709) }
Expr ExprId(3659): Primitive(Bool)
Expr ExprId(9160): Primitive(U64)
Expr ExprId(10022): Reference(LifetimeId(0), Mutable, SemanticTypeId(1078))
Expr ExprId(5563): Struct(SymbolId(33), [SemanticTypeId(1704)], [SemanticTypeId(1705), SemanticTypeId(24), SemanticTypeId(24)])
Expr ExprId(4895): Struct(SymbolId(125), [SemanticTypeId(1704)], [SemanticTypeId(1705), SemanticTypeId(1705)])
Expr ExprId(4348): Primitive(I32)
Expr ExprId(5476): Primitive(Bool)
Expr ExprId(3093): GenericParam(SymbolId(716))
Expr ExprId(8043): Primitive(U64)
Expr ExprId(11311): GenericParam(SymbolId(904))
Expr ExprId(9180): Primitive(U64)
Expr ExprId(6918): Primitive(I32)
Expr ExprId(8348): Primitive(U64)
Expr ExprId(10707): Primitive(U64)
Expr ExprId(6695): Primitive(I32)
Expr ExprId(10935): Pointer(Mutable, SemanticTypeId(1102))
Expr ExprId(8803): Primitive(Usize)
Expr ExprId(5136): Function { params: [SemanticTypeId(705), SemanticTypeId(24)], return_type: SemanticTypeId(705) }
Expr ExprId(11257): Struct(SymbolId(549), [SemanticTypeId(1295), SemanticTypeId(1296)], [SemanticTypeId(1299)])
Expr ExprId(3246): Reference(LifetimeId(0), Immutable, SemanticTypeId(124))
Expr ExprId(1049): Primitive(Usize)
Expr ExprId(5720): Primitive(U64)
Expr ExprId(2828): Primitive(Bool)
Expr ExprId(11194): Struct(SymbolId(480), [SemanticTypeId(1264), SemanticTypeId(1265)], [SemanticTypeId(788), SemanticTypeId(885), SemanticTypeId(1266), SemanticTypeId(1267), SemanticTypeId(24), SemanticTypeId(24), SemanticTypeId(24)])
Expr ExprId(11580): GenericParam(SymbolId(569))
Expr ExprId(7468): Primitive(I32)
Expr ExprId(1740): GenericParam(SymbolId(1630))
Expr ExprId(2865): Primitive(U64)
Expr ExprId(4077): Primitive(Bool)
Expr ExprId(3039): Reference(LifetimeId(0), Mutable, SemanticTypeId(231))
Expr ExprId(3740): GenericParam(SymbolId(402))
Expr ExprId(8306): Reference(LifetimeId(0), Immutable, SemanticTypeId(790))
Expr ExprId(1067): Primitive(U64)
Expr ExprId(1314): Function { params: [SemanticTypeId(709), SemanticTypeId(24)], return_type: SemanticTypeId(709) }
Expr ExprId(6839): Primitive(U8)
Expr ExprId(734): Reference(LifetimeId(0), Immutable, SemanticTypeId(36))
Expr ExprId(8291): Primitive(I32)
Expr ExprId(4217): Pointer(Mutable, SemanticTypeId(1843))
Expr ExprId(10715): Primitive(U64)
Expr ExprId(9156): Primitive(Bool)
Expr ExprId(9193): Primitive(U64)
Expr ExprId(6643): Primitive(Bool)
Expr ExprId(4662): Pointer(Mutable, SemanticTypeId(1704))
Expr ExprId(9362): Primitive(U64)
Expr ExprId(8660): Primitive(U64)
Expr ExprId(6514): Reference(LifetimeId(0), Immutable, SemanticTypeId(786))
Expr ExprId(9131): Primitive(U8)
Expr ExprId(8500): Primitive(U64)
Expr ExprId(6363): Primitive(U64)
Expr ExprId(1524): Function { params: [SemanticTypeId(717), SemanticTypeId(718), SemanticTypeId(24)], return_type: SemanticTypeId(0) }
Expr ExprId(10780): Void
Expr ExprId(155): GenericParam(SymbolId(1020))
Expr ExprId(10906): Reference(LifetimeId(0), Mutable, SemanticTypeId(1105))
Expr ExprId(3239): Primitive(U8)
Expr ExprId(1956): Primitive(I32)
Expr ExprId(971): Function { params: [], return_type: SemanticTypeId(0) }
Expr ExprId(6592): Primitive(Bool)
Expr ExprId(9085): Struct(SymbolId(33), [SemanticTypeId(790)], [SemanticTypeId(801), SemanticTypeId(24), SemanticTypeId(24)])
Expr ExprId(8492): Primitive(U8)
Expr ExprId(9102): Primitive(U64)
Expr ExprId(1913): Pointer(Mutable, SemanticTypeId(520))
Expr ExprId(9909): Primitive(U64)
Expr ExprId(11259): Struct(SymbolId(537), [SemanticTypeId(1295), SemanticTypeId(1296)], [SemanticTypeId(1400)])
Expr ExprId(10116): Reference(LifetimeId(0), Mutable, SemanticTypeId(1078))
Expr ExprId(8351): Primitive(U64)
Expr ExprId(9120): Void
Expr ExprId(2744): Void
Expr ExprId(3913): Enum(SymbolId(58), [SemanticTypeId(7)], [SemanticTypeId(7), SemanticTypeId(0)])
Expr ExprId(5459): Primitive(U64)
Expr ExprId(381): Enum(SymbolId(65), [SemanticTypeId(1198), SemanticTypeId(1207)], [SemanticTypeId(1198), SemanticTypeId(1207)])
Expr ExprId(3149): Void
Expr ExprId(6430): Primitive(U64)
Expr ExprId(1279): Pointer(Immutable, SemanticTypeId(615))
Expr ExprId(4558): Primitive(U64)
Expr ExprId(8621): Primitive(U64)
Expr ExprId(6122): Enum(SymbolId(65), [SemanticTypeId(0), SemanticTypeId(830)], [SemanticTypeId(0), SemanticTypeId(830)])
Expr ExprId(3713): Primitive(Bool)
Expr ExprId(2025): Pointer(Mutable, SemanticTypeId(520))
Expr ExprId(7332): Primitive(U32)
Expr ExprId(3720): Primitive(Bool)
Expr ExprId(7835): Primitive(U8)
Expr ExprId(11341): Struct(SymbolId(549), [SemanticTypeId(893), SemanticTypeId(884)], [SemanticTypeId(895)])
Expr ExprId(7560): Primitive(U64)
Expr ExprId(375): Enum(SymbolId(65), [SemanticTypeId(1229), SemanticTypeId(1230)], [SemanticTypeId(1229), SemanticTypeId(1230)])
Expr ExprId(10892): Void
Expr ExprId(1267): Reference(LifetimeId(0), Mutable, SemanticTypeId(524))
Expr ExprId(11016): Function { params: [SemanticTypeId(714)], return_type: SemanticTypeId(713) }
Expr ExprId(8017): Primitive(I32)
Expr ExprId(10610): Pointer(Immutable, SemanticTypeId(91))
Expr ExprId(10509): Primitive(U64)
Expr ExprId(169): Function { params: [SemanticTypeId(1451)], return_type: SemanticTypeId(1472) }
Expr ExprId(5347): Primitive(I32)
Expr ExprId(6114): Primitive(Bool)
Expr ExprId(4987): Primitive(U64)
Expr ExprId(2938): GenericParam(SymbolId(738))
Expr ExprId(3631): Enum(SymbolId(58), [SemanticTypeId(115)], [SemanticTypeId(115), SemanticTypeId(0)])
Expr ExprId(4032): Void
Expr ExprId(7910): Void
Expr ExprId(5561): Function { params: [SemanticTypeId(705), SemanticTypeId(24)], return_type: SemanticTypeId(705) }
Expr ExprId(2676): Primitive(I32)
Expr ExprId(7513): Primitive(U8)
Expr ExprId(9469): Primitive(Bool)
Expr ExprId(8219): Primitive(U64)
Expr ExprId(11344): Struct(SymbolId(549), [SemanticTypeId(893), SemanticTypeId(884)], [SemanticTypeId(895)])
Expr ExprId(1468): Primitive(U64)
Expr ExprId(4796): Primitive(U64)
Expr ExprId(5607): Primitive(U64)
Expr ExprId(322): Enum(SymbolId(58), [SemanticTypeId(1887)], [SemanticTypeId(1887), SemanticTypeId(0)])
Expr ExprId(8752): Primitive(U64)
Expr ExprId(3357): Primitive(I16)
Expr ExprId(9357): Reference(LifetimeId(0), Immutable, SemanticTypeId(786))
Expr ExprId(6321): Reference(LifetimeId(0), Immutable, SemanticTypeId(754))
Expr ExprId(3513): Primitive(Bool)
Expr ExprId(4309): Primitive(U64)
Expr ExprId(11189): Struct(SymbolId(549), [SemanticTypeId(1059), SemanticTypeId(1060)], [SemanticTypeId(1063)])
Expr ExprId(9391): Struct(SymbolId(351), [], [SemanticTypeId(789)])
Expr ExprId(1320): Reference(LifetimeId(0), Mutable, SemanticTypeId(631))
Expr ExprId(9371): Reference(LifetimeId(0), Immutable, SemanticTypeId(786))
Expr ExprId(8483): Primitive(U8)
Expr ExprId(161): Enum(SymbolId(58), [SemanticTypeId(1456)], [SemanticTypeId(1456), SemanticTypeId(0)])
Expr ExprId(444): Primitive(U64)
Expr ExprId(1546): Primitive(I32)
Expr ExprId(8206): Primitive(U64)
Expr ExprId(4654): Enum(SymbolId(58), [SemanticTypeId(1797)], [SemanticTypeId(1797), SemanticTypeId(0)])
Expr ExprId(2717): Primitive(U64)
Expr ExprId(7698): Primitive(U32)
Expr ExprId(10953): Reference(LifetimeId(0), Mutable, SemanticTypeId(1105))
Expr ExprId(8519): Primitive(Bool)
Expr ExprId(1185): Primitive(U64)
Expr ExprId(9917): Primitive(Bool)
Expr ExprId(2742): Primitive(U64)
Expr ExprId(4057): Void
Expr ExprId(2476): Pointer(Mutable, SemanticTypeId(532))
Expr ExprId(5384): Function { params: [], return_type: SemanticTypeId(0) }
Expr ExprId(2540): Pointer(Mutable, SemanticTypeId(532))
Expr ExprId(8390): Primitive(U64)
Expr ExprId(6297): Primitive(U64)
Expr ExprId(7785): Reference(LifetimeId(0), Mutable, SemanticTypeId(796))
Expr ExprId(9546): Primitive(U64)
Expr ExprId(2643): Pointer(Mutable, SemanticTypeId(521))
Expr ExprId(10227): Pointer(Mutable, SemanticTypeId(24))
Expr ExprId(974): GenericParam(SymbolId(524))
Expr ExprId(5928): Enum(SymbolId(65), [SemanticTypeId(0), SemanticTypeId(830)], [SemanticTypeId(0), SemanticTypeId(830)])
Expr ExprId(10522): Primitive(Bool)
Expr ExprId(6561): Primitive(Bool)
Expr ExprId(5997): Function { params: [SemanticTypeId(24), SemanticTypeId(1592)], return_type: SemanticTypeId(831) }
Expr ExprId(9091): Struct(SymbolId(33), [SemanticTypeId(790)], [SemanticTypeId(801), SemanticTypeId(24), SemanticTypeId(24)])
Expr ExprId(7194): Primitive(U64)
Expr ExprId(3649): Enum(SymbolId(58), [SemanticTypeId(301)], [SemanticTypeId(301), SemanticTypeId(0)])
Expr ExprId(4247): Primitive(Usize)
Expr ExprId(4497): Primitive(U64)
Expr ExprId(10576): Pointer(Mutable, SemanticTypeId(1074))
Expr ExprId(9728): Function { params: [SemanticTypeId(702), SemanticTypeId(701)], return_type: SemanticTypeId(0) }
Expr ExprId(7730): Struct(SymbolId(33), [SemanticTypeId(91)], [SemanticTypeId(788), SemanticTypeId(24), SemanticTypeId(24)])
Expr ExprId(3037): Primitive(Bool)
Expr ExprId(8356): Void
Expr ExprId(7425): Primitive(U8)
Expr ExprId(1453): Primitive(U64)
Expr ExprId(2874): Primitive(U64)
Expr ExprId(2064): Function { params: [SemanticTypeId(572), SemanticTypeId(572)], return_type: SemanticTypeId(3) }
Expr ExprId(6451): Primitive(I32)
Expr ExprId(9697): Enum(SymbolId(477), [], [SemanticTypeId(24), SemanticTypeId(24)])
Expr ExprId(4604): Enum(SymbolId(58), [SemanticTypeId(1797)], [SemanticTypeId(1797), SemanticTypeId(0)])
Expr ExprId(10244): Pointer(Mutable, SemanticTypeId(1075))
Expr ExprId(2020): Pointer(Mutable, SemanticTypeId(520))
Expr ExprId(10988): Primitive(U8)
Expr ExprId(357): Enum(SymbolId(58), [SemanticTypeId(1938)], [SemanticTypeId(1938), SemanticTypeId(0)])
Expr ExprId(2324): Primitive(U64)
Expr ExprId(2614): Primitive(U64)
Expr ExprId(9805): Primitive(U64)
Expr ExprId(922): Primitive(Isize)
Expr ExprId(677): Primitive(Bool)
Expr ExprId(9834): Primitive(U64)
Expr ExprId(4822): Primitive(U64)
Expr ExprId(4350): Primitive(U64)
Expr ExprId(10757): Void
Expr ExprId(4312): Primitive(U64)
Expr ExprId(1207): Pointer(Mutable, SemanticTypeId(609))
Expr ExprId(2383): Primitive(U64)
Expr ExprId(2724): Primitive(U64)
Expr ExprId(6560): Primitive(U8)
Expr ExprId(3718): GenericParam(SymbolId(400))
Expr ExprId(7304): Primitive(U32)
Expr ExprId(9828): Pointer(Mutable, SemanticTypeId(91))
Expr ExprId(94): Primitive(I32)
Expr ExprId(8618): Struct(SymbolId(351), [], [SemanticTypeId(789)])
Expr ExprId(8722): Primitive(Bool)
Expr ExprId(11566): Struct(SymbolId(579), [SemanticTypeId(1169)], [SemanticTypeId(1187)])
Expr ExprId(8401): Primitive(U64)
Expr ExprId(234): Primitive(U64)
Expr ExprId(5849): Primitive(Bool)
Expr ExprId(1653): Primitive(U64)
Expr ExprId(2330): Primitive(I32)
Expr ExprId(5751): Void
Expr ExprId(6709): Primitive(U8)
Expr ExprId(2333): Void
Expr ExprId(6806): Struct(SymbolId(33), [SemanticTypeId(91)], [SemanticTypeId(788), SemanticTypeId(24), SemanticTypeId(24)])
Expr ExprId(10885): Function { params: [SemanticTypeId(788), SemanticTypeId(24), SemanticTypeId(24)], return_type: SemanticTypeId(0) }
Expr ExprId(6133): Reference(LifetimeId(0), Immutable, SemanticTypeId(6))
Expr ExprId(670): Primitive(U64)
Expr ExprId(5739): Primitive(U64)
Expr ExprId(3701): Primitive(U64)
Expr ExprId(3211): Enum(SymbolId(58), [SemanticTypeId(52)], [SemanticTypeId(52), SemanticTypeId(0)])
Expr ExprId(7805): Primitive(U64)
Expr ExprId(9753): Pointer(Mutable, SemanticTypeId(91))
Expr ExprId(6320): Primitive(U64)
Expr ExprId(7566): Enum(SymbolId(58), [SemanticTypeId(768)], [SemanticTypeId(768), SemanticTypeId(0)])
Expr ExprId(3575): Primitive(Bool)
Expr ExprId(2227): Primitive(U64)
Expr ExprId(9633): Primitive(U64)
Expr ExprId(5823): Reference(LifetimeId(0), Mutable, SemanticTypeId(1608))
Expr ExprId(4096): Enum(SymbolId(58), [SemanticTypeId(411)], [SemanticTypeId(411), SemanticTypeId(0)])
Expr ExprId(10890): Primitive(I32)
Expr ExprId(5371): Void
Expr ExprId(11251): Reference(LifetimeId(0), Immutable, SemanticTypeId(1269))
Expr ExprId(11186): Primitive(U64)
Expr ExprId(5420): Function { params: [SemanticTypeId(709), SemanticTypeId(24)], return_type: SemanticTypeId(709) }
Expr ExprId(6016): Reference(LifetimeId(0), Immutable, SemanticTypeId(3))
Expr ExprId(8810): Reference(LifetimeId(0), Immutable, SemanticTypeId(790))
Expr ExprId(7920): Struct(SymbolId(33), [SemanticTypeId(91)], [SemanticTypeId(788), SemanticTypeId(24), SemanticTypeId(24)])
Expr ExprId(10891): Primitive(U64)
Expr ExprId(9445): Function { params: [], return_type: SemanticTypeId(0) }
Expr ExprId(3748): GenericParam(SymbolId(406))
Expr ExprId(1941): Pointer(Immutable, SemanticTypeId(520))
Expr ExprId(1004): Primitive(U64)
Expr ExprId(9093): Reference(LifetimeId(0), Immutable, SemanticTypeId(786))
Expr ExprId(1087): Reference(LifetimeId(0), Mutable, SemanticTypeId(540))
Expr ExprId(8589): Primitive(U8)
Expr ExprId(8028): Primitive(I32)
Expr ExprId(8358): Primitive(U64)
Expr ExprId(10353): Primitive(Bool)
Expr ExprId(11066): Enum(SymbolId(58), [SemanticTypeId(1146)], [SemanticTypeId(1146), SemanticTypeId(0)])
Expr ExprId(11071): GenericParam(SymbolId(927))
Expr ExprId(10394): Primitive(U64)
Expr ExprId(10395): Reference(LifetimeId(0), Mutable, SemanticTypeId(1078))
Expr ExprId(7899): Primitive(U8)
Expr ExprId(3566): GenericParam(SymbolId(745))
Expr ExprId(1017): Primitive(I32)
Expr ExprId(958): GenericParam(SymbolId(522))
Expr ExprId(534): Pointer(Mutable, SemanticTypeId(91))
Expr ExprId(7016): Struct(SymbolId(33), [SemanticTypeId(91)], [SemanticTypeId(788), SemanticTypeId(24), SemanticTypeId(24)])
Expr ExprId(11179): Struct(SymbolId(480), [SemanticTypeId(1052), SemanticTypeId(1053)], [SemanticTypeId(788), SemanticTypeId(885), SemanticTypeId(1054), SemanticTypeId(1055), SemanticTypeId(24), SemanticTypeId(24), SemanticTypeId(24)])
Expr ExprId(9619): Primitive(U64)
Expr ExprId(205): Reference(LifetimeId(0), Immutable, SemanticTypeId(1871))
Expr ExprId(11644): Primitive(Bool)
Expr ExprId(11419): GenericParam(SymbolId(897))
Expr ExprId(7783): Primitive(U32)
Expr ExprId(9330): Reference(LifetimeId(0), Immutable, SemanticTypeId(799))
Expr ExprId(8859): Primitive(U64)
Expr ExprId(10737): Primitive(U64)
Expr ExprId(9473): Primitive(I32)
Expr ExprId(11164): Reference(LifetimeId(0), Mutable, SemanticTypeId(1255))
Expr ExprId(9377): Primitive(I32)
Expr ExprId(3621): Primitive(Bool)
Expr ExprId(11478): Reference(LifetimeId(0), Immutable, SemanticTypeId(881))
Expr ExprId(6889): Struct(SymbolId(33), [SemanticTypeId(91)], [SemanticTypeId(788), SemanticTypeId(24), SemanticTypeId(24)])
Expr ExprId(178): GenericParam(SymbolId(1020))
Expr ExprId(5349): Primitive(U64)
Expr ExprId(9251): Reference(LifetimeId(0), Immutable, SemanticTypeId(786))
Expr ExprId(5682): Primitive(U64)
Expr ExprId(7252): Primitive(U8)
Expr ExprId(3059): Reference(LifetimeId(0), Mutable, SemanticTypeId(259))
Expr ExprId(7271): Primitive(U32)
Expr ExprId(4043): GenericParam(SymbolId(447))
Expr ExprId(2463): Primitive(U64)
Expr ExprId(8697): Primitive(String)
Expr ExprId(11124): Primitive(U64)
Expr ExprId(7999): Primitive(U64)
Expr ExprId(3289): Primitive(U64)
Expr ExprId(1893): Pointer(Mutable, SemanticTypeId(520))
Expr ExprId(8877): Primitive(U64)
Expr ExprId(3126): Enum(SymbolId(58), [SemanticTypeId(13)], [SemanticTypeId(13), SemanticTypeId(0)])
Expr ExprId(9535): Primitive(U64)
Expr ExprId(3009): Void
Expr ExprId(549): Primitive(U8)
Expr ExprId(8202): Reference(LifetimeId(0), Immutable, SemanticTypeId(786))
Expr ExprId(8780): Void
Expr ExprId(11502): Reference(LifetimeId(0), Immutable, SemanticTypeId(906))
Expr ExprId(11435): Struct(SymbolId(579), [SemanticTypeId(881)], [SemanticTypeId(926)])
Expr ExprId(1591): Pointer(Mutable, SemanticTypeId(542))
Expr ExprId(8619): Primitive(I32)
Expr ExprId(1804): Pointer(Immutable, SemanticTypeId(520))
Expr ExprId(9506): Primitive(U64)
Expr ExprId(875): Primitive(I16)
Expr ExprId(5336): Primitive(U64)
Expr ExprId(1703): Function { params: [SemanticTypeId(528), SemanticTypeId(528)], return_type: SemanticTypeId(3) }
Expr ExprId(3115): GenericParam(SymbolId(721))
Expr ExprId(1752): Function { params: [SemanticTypeId(702), SemanticTypeId(701)], return_type: SemanticTypeId(0) }
Expr ExprId(8799): Struct(SymbolId(351), [], [SemanticTypeId(789)])
Expr ExprId(6156): Reference(LifetimeId(0), Mutable, SemanticTypeId(1596))
Expr ExprId(5934): Primitive(Char)
Expr ExprId(601): Primitive(U64)
Expr ExprId(2426): GenericParam(SymbolId(1672))
Expr ExprId(7227): Primitive(U64)
Expr ExprId(4586): Primitive(I32)
Expr ExprId(9161): Primitive(U64)
Expr ExprId(9395): Function { params: [SemanticTypeId(6)], return_type: SemanticTypeId(790) }
Expr ExprId(6085): Enum(SymbolId(65), [SemanticTypeId(0), SemanticTypeId(830)], [SemanticTypeId(0), SemanticTypeId(830)])
Expr ExprId(7582): Primitive(U8)
Expr ExprId(8953): Primitive(U32)
Expr ExprId(1675): Primitive(Bool)
Expr ExprId(3506): Enum(SymbolId(58), [SemanticTypeId(222)], [SemanticTypeId(222), SemanticTypeId(0)])
Expr ExprId(2284): Pointer(Mutable, SemanticTypeId(518))
Expr ExprId(8415): Primitive(Bool)
Expr ExprId(4966): Primitive(U64)
Expr ExprId(2289): Primitive(I32)
Expr ExprId(2980): Primitive(I32)
Expr ExprId(1437): Primitive(U64)
Expr ExprId(9981): Reference(LifetimeId(0), Mutable, SemanticTypeId(1078))
Expr ExprId(3579): Enum(SymbolId(58), [SemanticTypeId(83)], [SemanticTypeId(83), SemanticTypeId(0)])
Expr ExprId(2990): Reference(LifetimeId(0), Mutable, SemanticTypeId(95))
Expr ExprId(2056): Primitive(U64)
Expr ExprId(6336): Primitive(U128)
Expr ExprId(6677): Void
Expr ExprId(2779): Primitive(U64)
Expr ExprId(11388): Primitive(Bool)
Expr ExprId(552): Primitive(U64)
Expr ExprId(9489): Primitive(U64)
Expr ExprId(7901): Primitive(U32)
Expr ExprId(8553): Primitive(Usize)
Expr ExprId(9439): Primitive(U64)
Expr ExprId(7391): Primitive(U8)
Expr ExprId(4961): Primitive(U64)
Expr ExprId(11237): Struct(SymbolId(537), [SemanticTypeId(1264), SemanticTypeId(1265)], [SemanticTypeId(1353)])
Expr ExprId(5964): Pointer(Immutable, SemanticTypeId(91))
Expr ExprId(10063): Function { params: [SemanticTypeId(702), SemanticTypeId(701)], return_type: SemanticTypeId(0) }
Expr ExprId(796): Primitive(Bool)
Expr ExprId(2089): Primitive(I32)
Expr ExprId(8916): Primitive(U64)
Expr ExprId(600): Primitive(U64)
Expr ExprId(6293): Function { params: [SemanticTypeId(24)], return_type: SemanticTypeId(24) }
Expr ExprId(9326): Function { params: [SemanticTypeId(6)], return_type: SemanticTypeId(817) }
Expr ExprId(10821): Primitive(U64)
Expr ExprId(991): Primitive(I32)
Expr ExprId(4937): GenericParam(SymbolId(2871))
Expr ExprId(4194): Primitive(U64)
Expr ExprId(11002): Pointer(Immutable, SemanticTypeId(1084))
Expr ExprId(11550): GenericParam(SymbolId(564))
Expr ExprId(349): Enum(SymbolId(65), [SemanticTypeId(1935), SemanticTypeId(1884)], [SemanticTypeId(1935), SemanticTypeId(1884)])
Expr ExprId(1199): Primitive(I32)
Expr ExprId(1198): Primitive(U64)
Expr ExprId(9270): Primitive(Bool)
Expr ExprId(709): Reference(LifetimeId(0), Immutable, SemanticTypeId(91))
Expr ExprId(10505): Reference(LifetimeId(0), Mutable, SemanticTypeId(1078))
Expr ExprId(8285): Primitive(Bool)
Expr ExprId(10601): Primitive(I32)
Expr ExprId(4846): Primitive(U64)
Expr ExprId(10217): Primitive(U8)
Expr ExprId(8434): Primitive(U64)
Expr ExprId(9770): Primitive(U8)
Expr ExprId(10013): Function { params: [SemanticTypeId(709), SemanticTypeId(24)], return_type: SemanticTypeId(709) }
Expr ExprId(6725): Primitive(I32)
Expr ExprId(9303): Enum(SymbolId(65), [SemanticTypeId(799), SemanticTypeId(816)], [SemanticTypeId(799), SemanticTypeId(816)])
Expr ExprId(5828): Enum(SymbolId(65), [SemanticTypeId(0), SemanticTypeId(830)], [SemanticTypeId(0), SemanticTypeId(830)])
Expr ExprId(7854): Primitive(U64)
Expr ExprId(717): Primitive(U16)
Expr ExprId(2169): Primitive(U64)
Expr ExprId(11418): GenericParam(SymbolId(897))
Expr ExprId(11308): Enum(SymbolId(58), [SemanticTypeId(995)], [SemanticTypeId(995), SemanticTypeId(0)])
Expr ExprId(912): Reference(LifetimeId(0), Immutable, SemanticTypeId(141))
Expr ExprId(5942): Reference(LifetimeId(0), Immutable, SemanticTypeId(768))
Expr ExprId(4010): Primitive(U64)
Expr ExprId(1813): Function { params: [SemanticTypeId(702), SemanticTypeId(701)], return_type: SemanticTypeId(0) }
Expr ExprId(9532): Pointer(Mutable, SemanticTypeId(1118))
Expr ExprId(1376): GenericParam(SymbolId(144))
Expr ExprId(4882): Reference(LifetimeId(0), Mutable, SemanticTypeId(1706))
Expr ExprId(1975): Function { params: [SemanticTypeId(714)], return_type: SemanticTypeId(713) }
Expr ExprId(1381): Primitive(I32)
Expr ExprId(9852): Pointer(Mutable, SemanticTypeId(24))
Expr ExprId(1731): Primitive(U64)
Expr ExprId(1353): Pointer(Mutable, SemanticTypeId(507))
Expr ExprId(2177): GenericParam(SymbolId(1656))
Expr ExprId(6693): Primitive(U32)
Expr ExprId(6997): Never
Expr ExprId(7666): Primitive(U64)
Expr ExprId(6931): Reference(LifetimeId(0), Immutable, SemanticTypeId(786))
Expr ExprId(10196): Enum(SymbolId(477), [], [SemanticTypeId(24), SemanticTypeId(24)])
Expr ExprId(1430): Primitive(U64)
Expr ExprId(1805): Pointer(Mutable, SemanticTypeId(520))
Expr ExprId(10802): Reference(LifetimeId(0), Immutable, SemanticTypeId(1078))
Expr ExprId(3304): Primitive(Usize)
Expr ExprId(449): Pointer(Mutable, SemanticTypeId(708))
Expr ExprId(4528): Primitive(U64)
Expr ExprId(4313): Pointer(Mutable, SemanticTypeId(873))
Expr ExprId(6251): Primitive(U64)
Expr ExprId(9213): Primitive(U64)
Expr ExprId(2532): Function { params: [SemanticTypeId(709), SemanticTypeId(24)], return_type: SemanticTypeId(709) }
Expr ExprId(8834): Primitive(I32)
Expr ExprId(5440): Primitive(U64)
Expr ExprId(4517): Reference(LifetimeId(0), Mutable, SemanticTypeId(1706))
Expr ExprId(7119): Primitive(I32)
Expr ExprId(5398): Reference(LifetimeId(0), Mutable, SemanticTypeId(1706))
Expr ExprId(4459): Pointer(Mutable, SemanticTypeId(1779))
Expr ExprId(8155): Pointer(Immutable, SemanticTypeId(91))
Expr ExprId(11592): Reference(LifetimeId(0), Immutable, SemanticTypeId(3))
Expr ExprId(9613): Primitive(Bool)
Expr ExprId(343): Enum(SymbolId(65), [SemanticTypeId(1935), SemanticTypeId(1884)], [SemanticTypeId(1935), SemanticTypeId(1884)])
Expr ExprId(3356): Reference(LifetimeId(0), Immutable, SemanticTypeId(11))
Expr ExprId(9305): Primitive(U64)
Expr ExprId(9447): Primitive(U64)
Expr ExprId(1976): GenericParam(SymbolId(1637))
Expr ExprId(2403): Function { params: [SemanticTypeId(705), SemanticTypeId(24)], return_type: SemanticTypeId(705) }
Expr ExprId(224): Pointer(Immutable, SemanticTypeId(1869))
Expr ExprId(7487): Primitive(U8)
Expr ExprId(6648): Primitive(I32)
Expr ExprId(6020): Enum(SymbolId(65), [SemanticTypeId(0), SemanticTypeId(830)], [SemanticTypeId(0), SemanticTypeId(830)])
Expr ExprId(5955): Primitive(Char)
Expr ExprId(8350): Reference(LifetimeId(0), Immutable, SemanticTypeId(786))
Expr ExprId(2935): Primitive(U64)
Expr ExprId(3376): Primitive(I32)
Expr ExprId(1538): Primitive(U64)
Expr ExprId(4483): Primitive(U64)
Expr ExprId(8515): Primitive(I32)
Expr ExprId(6389): Primitive(I32)
Expr ExprId(2371): Primitive(U64)
Expr ExprId(10214): Primitive(U64)
Expr ExprId(5489): Pointer(Mutable, SemanticTypeId(1704))
Expr ExprId(3038): Primitive(Bool)
Expr ExprId(1252): Reference(LifetimeId(0), Mutable, SemanticTypeId(683))
Expr ExprId(5185): Primitive(U64)
Expr ExprId(8975): Primitive(U8)
Expr ExprId(5001): Primitive(I32)
Expr ExprId(5540): Void
Expr ExprId(11346): Reference(LifetimeId(0), Mutable, SemanticTypeId(897))
Expr ExprId(187): Function { params: [SemanticTypeId(1470)], return_type: SemanticTypeId(4) }
Expr ExprId(6616): Primitive(U32)
Expr ExprId(9075): Primitive(U64)
Expr ExprId(4173): Pointer(Mutable, SemanticTypeId(1842))
Expr ExprId(2499): Primitive(U64)
Expr ExprId(4365): Pointer(Mutable, SemanticTypeId(1755))
Expr ExprId(8830): Primitive(U64)
Expr ExprId(3330): Primitive(Bool)
Expr ExprId(8852): Primitive(U64)
Expr ExprId(11443): Function { params: [], return_type: SemanticTypeId(992) }
Expr ExprId(3401): Primitive(Isize)
Expr ExprId(6495): Primitive(U64)
Expr ExprId(1106): Primitive(U64)
Expr ExprId(11495): Reference(LifetimeId(0), Immutable, SemanticTypeId(881))
Expr ExprId(583): Primitive(U64)
Expr ExprId(2142): Primitive(U64)
Expr ExprId(11572): Void
Expr ExprId(3951): Primitive(Bool)
Expr ExprId(8128): Primitive(U64)
Expr ExprId(10233): Pointer(Mutable, SemanticTypeId(1074))
Expr ExprId(9713): Enum(SymbolId(477), [], [SemanticTypeId(24), SemanticTypeId(24)])
Expr ExprId(6674): Primitive(U32)
Expr ExprId(2168): Pointer(Immutable, SemanticTypeId(564))
Expr ExprId(408): Enum(SymbolId(9), [SemanticTypeId(1197), SemanticTypeId(1216)], [SemanticTypeId(1216), SemanticTypeId(1197)])
Expr ExprId(5927): Primitive(Char)
Expr ExprId(4946): Primitive(U64)
Expr ExprId(3202): Void
Expr ExprId(7405): Primitive(U32)
Expr ExprId(8421): Primitive(Bool)
Expr ExprId(10978): Void
Expr ExprId(6414): Primitive(I32)
Expr ExprId(1793): Reference(LifetimeId(0), Immutable, SemanticTypeId(520))
Expr ExprId(4268): Primitive(U64)
Expr ExprId(8743): Primitive(U64)
Expr ExprId(6109): Enum(SymbolId(65), [SemanticTypeId(0), SemanticTypeId(830)], [SemanticTypeId(0), SemanticTypeId(830)])
Expr ExprId(944): Reference(LifetimeId(0), Immutable, SemanticTypeId(758))
Expr ExprId(8283): Pointer(Immutable, SemanticTypeId(91))
Expr ExprId(10993): Pointer(Mutable, SemanticTypeId(91))
Expr ExprId(4631): Primitive(U64)
Expr ExprId(7504): Primitive(I32)
Expr ExprId(3046): Reference(LifetimeId(0), Mutable, SemanticTypeId(231))
Expr ExprId(5062): Reference(LifetimeId(0), Immutable, SemanticTypeId(1766))
Expr ExprId(7206): Primitive(U32)
Expr ExprId(11455): Primitive(Bool)
Expr ExprId(4855): Primitive(I32)
Expr ExprId(5947): Pointer(Immutable, SemanticTypeId(91))
Expr ExprId(2293): Pointer(Mutable, SemanticTypeId(518))
Expr ExprId(10742): Pointer(Mutable, SemanticTypeId(91))
Expr ExprId(8963): Primitive(U32)
Expr ExprId(1174): Primitive(U64)
Expr ExprId(3048): Primitive(Bool)
Expr ExprId(3465): Reference(LifetimeId(0), Mutable, SemanticTypeId(311))
Expr ExprId(6014): Enum(SymbolId(65), [SemanticTypeId(0), SemanticTypeId(830)], [SemanticTypeId(0), SemanticTypeId(830)])
Expr ExprId(10850): Reference(LifetimeId(0), Mutable, SemanticTypeId(1105))
Expr ExprId(5736): Primitive(U64)
Expr ExprId(6164): Function { params: [SemanticTypeId(24), SemanticTypeId(1592)], return_type: SemanticTypeId(831) }
Expr ExprId(1852): Pointer(Mutable, SemanticTypeId(520))
Expr ExprId(6898): Struct(SymbolId(33), [SemanticTypeId(91)], [SemanticTypeId(788), SemanticTypeId(24), SemanticTypeId(24)])
Expr ExprId(10917): Primitive(U64)
Expr ExprId(1179): Void
Expr ExprId(361): Enum(SymbolId(65), [SemanticTypeId(1888), SemanticTypeId(1904)], [SemanticTypeId(1888), SemanticTypeId(1904)])
Expr ExprId(11605): Struct(SymbolId(121), [SemanticTypeId(3)], [SemanticTypeId(551), SemanticTypeId(551)])
Expr ExprId(3271): Reference(LifetimeId(0), Immutable, SemanticTypeId(8))
Expr ExprId(5646): Reference(LifetimeId(0), Mutable, SemanticTypeId(1712))
Expr ExprId(2470): Function { params: [SemanticTypeId(709), SemanticTypeId(24)], return_type: SemanticTypeId(709) }
Expr ExprId(4815): Primitive(U64)
Expr ExprId(123): Primitive(Bool)
Expr ExprId(3444): GenericParam(SymbolId(759))
Expr ExprId(4106): Enum(SymbolId(58), [SemanticTypeId(420)], [SemanticTypeId(420), SemanticTypeId(0)])
Expr ExprId(1051): Primitive(I8)
Expr ExprId(2424): GenericParam(SymbolId(1672))
Expr ExprId(5537): Primitive(U64)
Expr ExprId(9771): Void
Expr ExprId(7482): Primitive(I32)
Expr ExprId(8895): Primitive(U64)
Expr ExprId(7347): Primitive(Char)
Expr ExprId(1894): GenericParam(SymbolId(1637))
Expr ExprId(1186): Primitive(U64)
Expr ExprId(11101): Primitive(Bool)
Expr ExprId(9732): Primitive(U64)
Expr ExprId(136): Reference(LifetimeId(0), Mutable, SemanticTypeId(1459))
Expr ExprId(996): Primitive(I32)
Expr ExprId(4842): Primitive(U64)
Expr ExprId(2741): Primitive(I32)
Expr ExprId(1719): Primitive(Bool)
Expr ExprId(1716): Primitive(U64)
Expr ExprId(1294): Primitive(U64)
Expr ExprId(7009): Function { params: [SemanticTypeId(24)], return_type: SemanticTypeId(875) }
Expr ExprId(6369): Primitive(Bool)
Expr ExprId(7540): Enum(SymbolId(65), [SemanticTypeId(0), SemanticTypeId(830)], [SemanticTypeId(0), SemanticTypeId(830)])
Expr ExprId(5968): Enum(SymbolId(65), [SemanticTypeId(0), SemanticTypeId(830)], [SemanticTypeId(0), SemanticTypeId(830)])
Expr ExprId(5679): Function { params: [], return_type: SemanticTypeId(24) }
Expr ExprId(1195): Struct(SymbolId(121), [SemanticTypeId(633)], [SemanticTypeId(652), SemanticTypeId(652)])
Expr ExprId(2059): Primitive(Bool)
Expr ExprId(4360): Reference(LifetimeId(0), Mutable, SemanticTypeId(1757))
Expr ExprId(5112): Primitive(Bool)
Expr ExprId(7881): Primitive(U8)
Expr ExprId(3521): Reference(LifetimeId(0), Mutable, SemanticTypeId(224))
Expr ExprId(3573): Void
Expr ExprId(710): Primitive(U8)
Expr ExprId(8333): Primitive(U64)
Expr ExprId(7043): Primitive(I32)
Expr ExprId(7875): Primitive(U32)
Expr ExprId(10557): Primitive(U64)
Expr ExprId(10430): Primitive(U64)
Expr ExprId(509): Primitive(U64)
Expr ExprId(1206): Reference(LifetimeId(0), Mutable, SemanticTypeId(610))
Expr ExprId(11482): Void
Expr ExprId(6532): Primitive(Bool)
Expr ExprId(8800): Reference(LifetimeId(0), Immutable, SemanticTypeId(790))
Expr ExprId(7352): Enum(SymbolId(65), [SemanticTypeId(0), SemanticTypeId(830)], [SemanticTypeId(0), SemanticTypeId(830)])
Expr ExprId(7167): Reference(LifetimeId(0), Immutable, SemanticTypeId(786))
Expr ExprId(6286): Primitive(U64)
Expr ExprId(9401): Reference(LifetimeId(0), Immutable, SemanticTypeId(822))
Expr ExprId(11279): Primitive(U64)
Expr ExprId(10560): Primitive(I32)
Expr ExprId(6190): Reference(LifetimeId(0), Mutable, SemanticTypeId(1581))
Expr ExprId(5761): Primitive(U64)
Expr ExprId(2309): Void
Expr ExprId(6795): Reference(LifetimeId(0), Immutable, SemanticTypeId(786))
Expr ExprId(10373): Reference(LifetimeId(0), Mutable, SemanticTypeId(1078))
Expr ExprId(6701): Reference(LifetimeId(0), Mutable, SemanticTypeId(789))
Expr ExprId(4306): Primitive(U64)
Expr ExprId(2144): Primitive(U64)
Expr ExprId(2346): Primitive(I32)
Expr ExprId(6985): Reference(LifetimeId(0), Mutable, SemanticTypeId(790))
Expr ExprId(8664): Primitive(U64)
Expr ExprId(10661): Primitive(U64)
Expr ExprId(1989): Void
Expr ExprId(9482): Void
Expr ExprId(731): Reference(LifetimeId(0), Immutable, SemanticTypeId(7))
Expr ExprId(1118): Pointer(Immutable, SemanticTypeId(538))
Expr ExprId(7316): Primitive(I32)
Expr ExprId(11315): Reference(LifetimeId(0), Mutable, SemanticTypeId(920))
Expr ExprId(9641): Primitive(Bool)
Expr ExprId(8651): Primitive(U64)
Expr ExprId(11013): Pointer(Immutable, SemanticTypeId(1085))
Expr ExprId(8422): Primitive(Bool)
Expr ExprId(7146): Primitive(I32)
Expr ExprId(7485): Primitive(U8)
Expr ExprId(4581): GenericParam(SymbolId(2871))
Expr ExprId(8613): Primitive(U64)
Expr ExprId(2419): Pointer(Immutable, SemanticTypeId(516))
Expr ExprId(3184): GenericParam(SymbolId(267))
Expr ExprId(7553): Primitive(I32)
Expr ExprId(5621): Primitive(U64)
Expr ExprId(5165): Pointer(Mutable, SemanticTypeId(1704))
Expr ExprId(7786): Primitive(U64)
Expr ExprId(8533): Primitive(U8)
Expr ExprId(1720): Primitive(Bool)
Expr ExprId(7291): Primitive(U32)
Expr ExprId(5216): Primitive(U64)
Expr ExprId(2262): GenericParam(SymbolId(1661))
Expr ExprId(2123): Reference(LifetimeId(0), Immutable, SemanticTypeId(3))
Expr ExprId(8427): Reference(LifetimeId(0), Immutable, SemanticTypeId(786))
Expr ExprId(10530): Primitive(U64)
Expr ExprId(2715): Primitive(U64)
Expr ExprId(11609): Struct(SymbolId(174), [SemanticTypeId(1957), SemanticTypeId(3)], [SemanticTypeId(1957), SemanticTypeId(1947)])
Expr ExprId(1520): Pointer(Immutable, SemanticTypeId(577))
Expr ExprId(6308): Function { params: [SemanticTypeId(24)], return_type: SemanticTypeId(24) }
Expr ExprId(4545): Pointer(Mutable, SemanticTypeId(1704))
Expr ExprId(2976): Reference(LifetimeId(0), Mutable, SemanticTypeId(95))
Expr ExprId(8005): Primitive(Bool)
Expr ExprId(9563): Primitive(U64)
Expr ExprId(10539): Function { params: [], return_type: SemanticTypeId(0) }
Expr ExprId(8544): Primitive(U64)
Expr ExprId(2759): Primitive(I32)
Expr ExprId(5345): Primitive(U64)
Expr ExprId(1643): Primitive(U64)
Expr ExprId(3873): Primitive(U16)
Expr ExprId(7109): Primitive(U64)
Expr ExprId(9646): Pointer(Immutable, SemanticTypeId(24))
Expr ExprId(10055): Reference(LifetimeId(0), Mutable, SemanticTypeId(1078))
Expr ExprId(834): Primitive(I32)
Expr ExprId(9548): Primitive(U64)
Expr ExprId(4810): Void
Expr ExprId(4393): Pointer(Mutable, SemanticTypeId(1722))
Expr ExprId(6598): Primitive(U64)
Expr ExprId(3728): Primitive(Bool)
Expr ExprId(7160): Primitive(U64)
Expr ExprId(11081): Reference(LifetimeId(0), Mutable, SemanticTypeId(1112))
Expr ExprId(7800): Primitive(Bool)
Expr ExprId(9976): Pointer(Mutable, SemanticTypeId(1074))
Expr ExprId(11298): Primitive(Bool)
Expr ExprId(5532): Reference(LifetimeId(0), Mutable, SemanticTypeId(1741))
Expr ExprId(3477): Function { params: [SemanticTypeId(375), SemanticTypeId(374)], return_type: SemanticTypeId(374) }
Expr ExprId(1284): Pointer(Immutable, SemanticTypeId(615))
Expr ExprId(8397): Reference(LifetimeId(0), Immutable, SemanticTypeId(786))
Expr ExprId(5967): Void
Expr ExprId(3614): GenericParam(SymbolId(328))
Expr ExprId(4996): GenericParam(SymbolId(2871))
Expr ExprId(9233): Pointer(Immutable, SemanticTypeId(91))
Expr ExprId(7346): Reference(LifetimeId(0), Mutable, SemanticTypeId(806))
Expr ExprId(4952): Reference(LifetimeId(0), Mutable, SemanticTypeId(1706))
Expr ExprId(4286): Function { params: [], return_type: SemanticTypeId(24) }
Expr ExprId(1018): Primitive(I32)
Expr ExprId(21): Primitive(I32)
Expr ExprId(2790): Primitive(Bool)
Expr ExprId(2656): Primitive(U64)
Expr ExprId(10910): Primitive(U64)
Expr ExprId(3158): Primitive(Bool)
Expr ExprId(7247): Primitive(I32)
Expr ExprId(5819): Primitive(U128)
Expr ExprId(8110): Pointer(Immutable, SemanticTypeId(91))
Expr ExprId(3163): Enum(SymbolId(58), [SemanticTypeId(138)], [SemanticTypeId(138), SemanticTypeId(0)])
Expr ExprId(10918): Void
Expr ExprId(5738): Reference(LifetimeId(0), Immutable, SemanticTypeId(1735))
Expr ExprId(4132): Function { params: [SemanticTypeId(431), SemanticTypeId(431)], return_type: SemanticTypeId(3) }
Expr ExprId(2531): Primitive(U64)
Expr ExprId(7077): Primitive(U64)
Expr ExprId(2596): Primitive(U64)
Expr ExprId(10984): Primitive(U64)
Expr ExprId(8679): Primitive(I32)
Expr ExprId(4209): Reference(LifetimeId(0), Mutable, SemanticTypeId(1845))
Expr ExprId(2283): Pointer(Mutable, SemanticTypeId(518))
Expr ExprId(8426): Function { params: [SemanticTypeId(787), SemanticTypeId(24)], return_type: SemanticTypeId(4) }
Expr ExprId(7510): Primitive(I32)
Expr ExprId(4372): Primitive(U64)
Expr ExprId(2707): Primitive(I32)
Expr ExprId(8485): Primitive(U8)
Expr ExprId(6929): Primitive(U64)
Expr ExprId(3449): Reference(LifetimeId(0), Mutable, SemanticTypeId(311))
Expr ExprId(2182): Primitive(Bool)
Expr ExprId(6633): Primitive(I32)
Expr ExprId(7228): Primitive(U64)
Expr ExprId(7481): Primitive(U64)
Expr ExprId(6892): Struct(SymbolId(33), [SemanticTypeId(91)], [SemanticTypeId(788), SemanticTypeId(24), SemanticTypeId(24)])
Expr ExprId(5790): Primitive(Char)
Expr ExprId(10619): Pointer(Mutable, SemanticTypeId(24))
Expr ExprId(4660): Pointer(Mutable, SemanticTypeId(1704))
Expr ExprId(7918): Struct(SymbolId(33), [SemanticTypeId(91)], [SemanticTypeId(788), SemanticTypeId(24), SemanticTypeId(24)])
Expr ExprId(3033): GenericParam(SymbolId(219))
Expr ExprId(3441): Reference(LifetimeId(0), Mutable, SemanticTypeId(105))
Expr ExprId(2545): Pointer(Mutable, SemanticTypeId(532))
Expr ExprId(7716): Reference(LifetimeId(0), Mutable, SemanticTypeId(794))
Expr ExprId(6779): Primitive(Bool)
Expr ExprId(9155): Primitive(U8)
Expr ExprId(6130): Enum(SymbolId(65), [SemanticTypeId(0), SemanticTypeId(830)], [SemanticTypeId(0), SemanticTypeId(830)])
Expr ExprId(3710): Primitive(U64)
Expr ExprId(9307): Enum(SymbolId(65), [SemanticTypeId(799), SemanticTypeId(816)], [SemanticTypeId(799), SemanticTypeId(816)])
Expr ExprId(4658): Primitive(U64)
Expr ExprId(3188): Reference(LifetimeId(0), Mutable, SemanticTypeId(65))
Expr ExprId(6283): Primitive(U64)
Expr ExprId(5122): Reference(LifetimeId(0), Mutable, SemanticTypeId(1706))
Expr ExprId(4178): Struct(SymbolId(621), [SemanticTypeId(1847)], [SemanticTypeId(1852)])
Expr ExprId(10524): Primitive(U64)
Expr ExprId(728): Primitive(Bool)
Expr ExprId(3008): Enum(SymbolId(58), [SemanticTypeId(44)], [SemanticTypeId(44), SemanticTypeId(0)])
Expr ExprId(5053): Function { params: [SemanticTypeId(705), SemanticTypeId(24)], return_type: SemanticTypeId(705) }
Expr ExprId(4174): Struct(SymbolId(621), [SemanticTypeId(1842)], [SemanticTypeId(1854)])
Expr ExprId(11247): Struct(SymbolId(480), [SemanticTypeId(1264), SemanticTypeId(1265)], [SemanticTypeId(788), SemanticTypeId(885), SemanticTypeId(1266), SemanticTypeId(1267), SemanticTypeId(24), SemanticTypeId(24), SemanticTypeId(24)])
Expr ExprId(9135): Primitive(I32)
Expr ExprId(11405): Reference(LifetimeId(0), Immutable, SemanticTypeId(881))
Expr ExprId(6800): Reference(LifetimeId(0), Immutable, SemanticTypeId(786))
Expr ExprId(10822): Primitive(Bool)
Expr ExprId(3448): Enum(SymbolId(58), [SemanticTypeId(105)], [SemanticTypeId(105), SemanticTypeId(0)])
Expr ExprId(2236): Primitive(U64)
Expr ExprId(7409): Primitive(Char)
Expr ExprId(10673): Primitive(U8)
Expr ExprId(3567): GenericParam(SymbolId(746))
Expr ExprId(2789): Primitive(U64)
Expr ExprId(10595): Primitive(I32)
Expr ExprId(10330): Enum(SymbolId(58), [SemanticTypeId(1099)], [SemanticTypeId(1099), SemanticTypeId(0)])
Expr ExprId(437): Primitive(I32)
Expr ExprId(5469): Pointer(Mutable, SemanticTypeId(1704))
Expr ExprId(6062): Enum(SymbolId(65), [SemanticTypeId(0), SemanticTypeId(830)], [SemanticTypeId(0), SemanticTypeId(830)])
Expr ExprId(10813): Primitive(I32)
Expr ExprId(855): Primitive(U128)
Expr ExprId(8238): Primitive(String)
Expr ExprId(1282): Primitive(U64)
Expr ExprId(586): Pointer(Immutable, SemanticTypeId(91))
Expr ExprId(6538): Primitive(U8)
Expr ExprId(10036): Primitive(U64)
Expr ExprId(10767): Pointer(Mutable, SemanticTypeId(91))
Expr ExprId(1818): Pointer(Immutable, SemanticTypeId(520))
Expr ExprId(11500): Struct(SymbolId(579), [SemanticTypeId(881)], [SemanticTypeId(926)])
Expr ExprId(8303): Primitive(U64)
Expr ExprId(11297): Primitive(Bool)
Expr ExprId(2754): Primitive(U64)
Expr ExprId(8139): Reference(LifetimeId(0), Immutable, SemanticTypeId(786))
Expr ExprId(11318): Struct(SymbolId(541), [SemanticTypeId(934), SemanticTypeId(884)], [SemanticTypeId(936)])
Expr ExprId(11143): Primitive(U64)
Expr ExprId(127): Primitive(U64)
Expr ExprId(3128): Primitive(Bool)
Expr ExprId(2376): GenericParam(SymbolId(1667))
Expr ExprId(10525): Primitive(U64)
Expr ExprId(2677): Primitive(U64)
Expr ExprId(5872): Primitive(U128)
Expr ExprId(2171): Primitive(U64)
Expr ExprId(3543): GenericParam(SymbolId(761))
Expr ExprId(1910): Function { params: [SemanticTypeId(714)], return_type: SemanticTypeId(713) }
Expr ExprId(3799): Primitive(U64)
Expr ExprId(8251): Primitive(Usize)
Expr ExprId(10406): Primitive(U64)
Expr ExprId(10050): Pointer(Mutable, SemanticTypeId(1074))
Expr ExprId(619): Primitive(I32)
Expr ExprId(241): Enum(SymbolId(65), [SemanticTypeId(1919), SemanticTypeId(1920)], [SemanticTypeId(1919), SemanticTypeId(1920)])
Expr ExprId(7342): Primitive(U64)
Expr ExprId(8628): Primitive(Bool)
Expr ExprId(7149): Void
Expr ExprId(3793): GenericParam(SymbolId(411))
Expr ExprId(7240): Primitive(U8)
Expr ExprId(609): Primitive(U64)
Expr ExprId(5632): Primitive(U64)
Expr ExprId(5403): Primitive(U64)
Expr ExprId(7523): Primitive(Bool)
Expr ExprId(5475): Primitive(U64)
Expr ExprId(1659): Pointer(Immutable, SemanticTypeId(526))
Expr ExprId(9755): Primitive(U8)
Expr ExprId(7116): Primitive(U64)
Expr ExprId(1317): Pointer(Mutable, SemanticTypeId(587))
Expr ExprId(11373): Primitive(U64)
Expr ExprId(5339): Function { params: [SemanticTypeId(705), SemanticTypeId(24)], return_type: SemanticTypeId(705) }
Expr ExprId(4634): Reference(LifetimeId(0), Immutable, SemanticTypeId(1706))
Expr ExprId(3308): Reference(LifetimeId(0), Immutable, SemanticTypeId(7))
Expr ExprId(8969): Void
Expr ExprId(4985): Reference(LifetimeId(0), Mutable, SemanticTypeId(1706))
Expr ExprId(1811): Pointer(Mutable, SemanticTypeId(520))
Expr ExprId(291): Function { params: [SemanticTypeId(1869)], return_type: SemanticTypeId(1901) }
Expr ExprId(1127): Reference(LifetimeId(0), Immutable, SemanticTypeId(675))
Expr ExprId(1918): Function { params: [SemanticTypeId(717), SemanticTypeId(718), SemanticTypeId(24)], return_type: SemanticTypeId(0) }
Expr ExprId(1658): Pointer(Mutable, SemanticTypeId(526))
Expr ExprId(5366): Pointer(Mutable, SemanticTypeId(1704))
Expr ExprId(10913): Reference(LifetimeId(0), Mutable, SemanticTypeId(1105))
Expr ExprId(3532): Enum(SymbolId(58), [SemanticTypeId(139)], [SemanticTypeId(139), SemanticTypeId(0)])
Expr ExprId(7456): Primitive(U32)
Expr ExprId(9341): Reference(LifetimeId(0), Immutable, SemanticTypeId(786))
Expr ExprId(6827): Enum(SymbolId(58), [SemanticTypeId(790)], [SemanticTypeId(790), SemanticTypeId(0)])
Expr ExprId(6415): Primitive(U64)
Expr ExprId(9781): Void
Expr ExprId(6734): Primitive(U32)
Expr ExprId(563): Primitive(I32)
Expr ExprId(5193): Primitive(U64)
Expr ExprId(10460): Primitive(U64)
Expr ExprId(4632): Void
Expr ExprId(240): Primitive(Bool)
Expr ExprId(3433): Reference(LifetimeId(0), Immutable, SemanticTypeId(105))
Expr ExprId(6296): Primitive(U64)
Expr ExprId(3902): Primitive(U64)
Expr ExprId(4137): Enum(SymbolId(58), [SemanticTypeId(422)], [SemanticTypeId(422), SemanticTypeId(0)])
Expr ExprId(8068): Primitive(Bool)
Expr ExprId(4471): Struct(SymbolId(51), [SemanticTypeId(1779)], [SemanticTypeId(1780), SemanticTypeId(24), SemanticTypeId(24), SemanticTypeId(24)])
Expr ExprId(4643): Function { params: [SemanticTypeId(705), SemanticTypeId(24)], return_type: SemanticTypeId(705) }
Expr ExprId(1055): Primitive(I32)
Expr ExprId(7520): Primitive(U32)
Expr ExprId(7004): Reference(LifetimeId(0), Immutable, SemanticTypeId(786))
Expr ExprId(5726): Reference(LifetimeId(0), Immutable, SemanticTypeId(1735))
Expr ExprId(4595): Primitive(I32)
Expr ExprId(8623): Primitive(Bool)
Expr ExprId(10551): Primitive(U64)
Expr ExprId(1232): Primitive(U64)
Expr ExprId(8768): Primitive(U64)
Expr ExprId(5724): Primitive(Bool)
Expr ExprId(10269): Reference(LifetimeId(0), Mutable, SemanticTypeId(1075))
Expr ExprId(3745): Void
Expr ExprId(218): Reference(LifetimeId(0), Immutable, SemanticTypeId(1871))
Expr ExprId(9960): Reference(LifetimeId(0), Mutable, SemanticTypeId(1078))
Expr ExprId(1954): GenericParam(SymbolId(1637))
Expr ExprId(8931): Primitive(U8)
Expr ExprId(3924): Primitive(Bool)
Expr ExprId(774): Primitive(I32)
Expr ExprId(3378): Primitive(I32)
Expr ExprId(5718): Struct(SymbolId(33), [SemanticTypeId(1767)], [SemanticTypeId(1775), SemanticTypeId(24), SemanticTypeId(24)])
Expr ExprId(3223): Primitive(I32)
Expr ExprId(4380): GenericParam(SymbolId(1184))
Expr ExprId(4101): Enum(SymbolId(58), [SemanticTypeId(411)], [SemanticTypeId(411), SemanticTypeId(0)])
Expr ExprId(5202): Primitive(U64)
Expr ExprId(4725): Primitive(U64)
Expr ExprId(4969): Reference(LifetimeId(0), Mutable, SemanticTypeId(1706))
Expr ExprId(2801): Primitive(U64)
Expr ExprId(7915): Enum(SymbolId(58), [SemanticTypeId(768)], [SemanticTypeId(768), SemanticTypeId(0)])
Expr ExprId(482): Pointer(Immutable, SemanticTypeId(91))
Expr ExprId(6516): Primitive(I32)
Expr ExprId(10180): Reference(LifetimeId(0), Mutable, SemanticTypeId(1078))
Expr ExprId(11433): Reference(LifetimeId(0), Immutable, SemanticTypeId(881))
Expr ExprId(9762): Primitive(U64)
Expr ExprId(180): Enum(SymbolId(58), [SemanticTypeId(1451)], [SemanticTypeId(1451), SemanticTypeId(0)])
Expr ExprId(14): Primitive(I32)
Expr ExprId(3446): GenericParam(SymbolId(759))
Expr ExprId(9492): Function { params: [], return_type: SemanticTypeId(24) }
Expr ExprId(9698): Enum(SymbolId(477), [], [SemanticTypeId(24), SemanticTypeId(24)])
Expr ExprId(3531): Enum(SymbolId(58), [SemanticTypeId(139)], [SemanticTypeId(139), SemanticTypeId(0)])
Expr ExprId(11441): Struct(SymbolId(579), [SemanticTypeId(881)], [SemanticTypeId(926)])
Expr ExprId(213): Primitive(Bool)
Expr ExprId(1368): Pointer(Immutable, SemanticTypeId(507))
Expr ExprId(7498): Primitive(U64)
Expr ExprId(9615): Reference(LifetimeId(0), Immutable, SemanticTypeId(1078))
Expr ExprId(8564): Primitive(U64)
Expr ExprId(2712): Primitive(U64)
Expr ExprId(8071): Primitive(U64)
Expr ExprId(10942): Void
Expr ExprId(4721): Primitive(U64)
Expr ExprId(9819): Primitive(U64)
Expr ExprId(9082): Primitive(U64)
Expr ExprId(599): Primitive(I32)
Expr ExprId(6332): Primitive(I128)
Expr ExprId(8874): Void
Expr ExprId(10020): Reference(LifetimeId(0), Mutable, SemanticTypeId(1078))
Expr ExprId(9568): Primitive(I32)
Expr ExprId(941): Primitive(I32)
Expr ExprId(505): Void
Expr ExprId(513): Primitive(U64)
Expr ExprId(547): Pointer(Mutable, SemanticTypeId(91))
Expr ExprId(6657): Primitive(U32)
Expr ExprId(3853): Primitive(U8)
Expr ExprId(4177): Pointer(Mutable, SemanticTypeId(1847))
Expr ExprId(8509): Primitive(Usize)
Expr ExprId(3098): Enum(SymbolId(58), [SemanticTypeId(177)], [SemanticTypeId(177), SemanticTypeId(0)])
Expr ExprId(1953): Pointer(Immutable, SemanticTypeId(520))
Expr ExprId(7389): Primitive(I32)
Expr ExprId(5215): Primitive(U64)
Expr ExprId(1676): Primitive(U64)
Expr ExprId(8032): Reference(LifetimeId(0), Immutable, SemanticTypeId(790))
Expr ExprId(10017): Primitive(I32)
Expr ExprId(6842): Primitive(U64)
Expr ExprId(5858): Primitive(I32)
Expr ExprId(10591): Primitive(U64)
Expr ExprId(6916): Pointer(Immutable, SemanticTypeId(91))
Expr ExprId(5021): Reference(LifetimeId(0), Mutable, SemanticTypeId(1706))
Expr ExprId(8360): Primitive(U64)
Expr ExprId(7531): Primitive(U64)
Expr ExprId(4954): Function { params: [SemanticTypeId(705), SemanticTypeId(24)], return_type: SemanticTypeId(705) }
Expr ExprId(9891): Function { params: [SemanticTypeId(709), SemanticTypeId(24)], return_type: SemanticTypeId(709) }
Expr ExprId(2975): Primitive(Bool)
Expr ExprId(2523): Primitive(I32)
Expr ExprId(1334): Primitive(U64)
Expr ExprId(8986): Primitive(U64)
Expr ExprId(10512): Function { params: [], return_type: SemanticTypeId(24) }
Expr ExprId(10814): Primitive(U64)
Expr ExprId(6185): Reference(LifetimeId(0), Mutable, SemanticTypeId(1555))
Expr ExprId(254): Pointer(Mutable, SemanticTypeId(1871))
Expr ExprId(938): Primitive(Bool)
Expr ExprId(5480): Primitive(Bool)
Expr ExprId(1685): Primitive(Bool)
Expr ExprId(7104): Primitive(U64)
Expr ExprId(6513): Primitive(U8)
Expr ExprId(663): Struct(SymbolId(645), [], [SemanticTypeId(24), SemanticTypeId(24)])
Expr ExprId(3765): Primitive(Bool)
Expr ExprId(7318): Primitive(U32)
Expr ExprId(11183): Struct(SymbolId(549), [SemanticTypeId(1382), SemanticTypeId(1383)], [SemanticTypeId(1386)])
Expr ExprId(8772): Primitive(U64)
Expr ExprId(3053): Enum(SymbolId(58), [SemanticTypeId(205)], [SemanticTypeId(205), SemanticTypeId(0)])
Expr ExprId(2831): Primitive(I32)
Expr ExprId(2966): Enum(SymbolId(58), [SemanticTypeId(49)], [SemanticTypeId(49), SemanticTypeId(0)])
Expr ExprId(3820): Enum(SymbolId(58), [SemanticTypeId(425)], [SemanticTypeId(425), SemanticTypeId(0)])
Expr ExprId(2348): Primitive(Bool)
Expr ExprId(3798): Primitive(U64)
Expr ExprId(1277): Reference(LifetimeId(0), Immutable, SemanticTypeId(619))
Expr ExprId(10441): Reference(LifetimeId(0), Mutable, SemanticTypeId(1078))
Expr ExprId(9107): Primitive(Bool)
Expr ExprId(9670): Primitive(U64)
Expr ExprId(10581): Pointer(Mutable, SemanticTypeId(1075))
Expr ExprId(11205): Struct(SymbolId(480), [SemanticTypeId(1264), SemanticTypeId(1265)], [SemanticTypeId(788), SemanticTypeId(885), SemanticTypeId(1266), SemanticTypeId(1267), SemanticTypeId(24), SemanticTypeId(24), SemanticTypeId(24)])
Expr ExprId(3535): Enum(SymbolId(58), [SemanticTypeId(139)], [SemanticTypeId(139), SemanticTypeId(0)])
Expr ExprId(2602): Function { params: [SemanticTypeId(702), SemanticTypeId(701)], return_type: SemanticTypeId(0) }
Expr ExprId(7148): Primitive(U64)
Expr ExprId(625): Primitive(I32)
Expr ExprId(7842): Primitive(I32)
Expr ExprId(6444): Primitive(Bool)
Expr ExprId(2322): Primitive(U64)
Expr ExprId(10012): Primitive(U64)
Expr ExprId(2026): Pointer(Immutable, SemanticTypeId(520))
Expr ExprId(7727): Enum(SymbolId(58), [SemanticTypeId(768)], [SemanticTypeId(768), SemanticTypeId(0)])
Expr ExprId(1512): Primitive(I32)
Expr ExprId(9375): Primitive(U64)
Expr ExprId(11503): Struct(SymbolId(579), [SemanticTypeId(902)], [SemanticTypeId(905)])
Expr ExprId(10827): Reference(LifetimeId(0), Mutable, SemanticTypeId(1105))
Expr ExprId(1607): Pointer(Mutable, SemanticTypeId(542))
Expr ExprId(8190): Primitive(U64)
Expr ExprId(4084): Enum(SymbolId(58), [SemanticTypeId(404)], [SemanticTypeId(404), SemanticTypeId(0)])
Expr ExprId(3999): Primitive(I32)
Expr ExprId(2547): Pointer(Mutable, SemanticTypeId(532))
Expr ExprId(3208): GenericParam(SymbolId(752))
Expr ExprId(7205): Primitive(I32)
Expr ExprId(8962): Primitive(U8)
Expr ExprId(8590): Primitive(Bool)
Expr ExprId(6971): Reference(LifetimeId(0), Immutable, SemanticTypeId(786))
Expr ExprId(8747): Primitive(U64)
Expr ExprId(3398): Primitive(I64)
Expr ExprId(10837): Primitive(U8)
Expr ExprId(1065): Primitive(U64)
Expr ExprId(1926): Primitive(I32)
Expr ExprId(8403): Primitive(Bool)
Expr ExprId(9789): Pointer(Mutable, SemanticTypeId(1074))
Expr ExprId(2585): Pointer(Mutable, SemanticTypeId(532))
Expr ExprId(8026): Primitive(U64)
Expr ExprId(2488): Function { params: [SemanticTypeId(717), SemanticTypeId(718), SemanticTypeId(24)], return_type: SemanticTypeId(0) }
Expr ExprId(8461): Struct(SymbolId(351), [], [SemanticTypeId(789)])
Expr ExprId(11114): Reference(LifetimeId(0), Mutable, SemanticTypeId(1112))
Expr ExprId(10288): Reference(LifetimeId(0), Immutable, SemanticTypeId(1078))
Expr ExprId(9028): Primitive(I32)
Expr ExprId(11288): Reference(LifetimeId(0), Immutable, SemanticTypeId(1306))
Expr ExprId(9787): Pointer(Mutable, SemanticTypeId(1074))
Expr ExprId(1563): Primitive(U64)
Expr ExprId(11518): Primitive(Bool)
Expr ExprId(6280): Reference(LifetimeId(0), Immutable, SemanticTypeId(8))
Expr ExprId(3227): Primitive(U8)
Expr ExprId(3180): Primitive(I32)
Expr ExprId(8273): Primitive(Bool)
Expr ExprId(10577): Function { params: [SemanticTypeId(24), SemanticTypeId(24)], return_type: SemanticTypeId(788) }
Expr ExprId(5771): Primitive(U64)
Expr ExprId(6181): Enum(SymbolId(65), [SemanticTypeId(0), SemanticTypeId(830)], [SemanticTypeId(0), SemanticTypeId(830)])
Expr ExprId(1859): Primitive(U64)
Expr ExprId(7663): Reference(LifetimeId(0), Mutable, SemanticTypeId(794))
Expr ExprId(4079): GenericParam(SymbolId(450))
Expr ExprId(3792): Function { params: [SemanticTypeId(427)], return_type: SemanticTypeId(4) }
Expr ExprId(7297): Primitive(U8)
Expr ExprId(8343): Primitive(U64)
Expr ExprId(6345): Reference(LifetimeId(0), Immutable, SemanticTypeId(786))
Expr ExprId(10996): Primitive(U8)
Expr ExprId(779): Reference(LifetimeId(0), Immutable, SemanticTypeId(91))
Expr ExprId(3757): Primitive(Bool)
Expr ExprId(8856): Void
Expr ExprId(4698): Primitive(U64)
Expr ExprId(5159): Primitive(Bool)
Expr ExprId(5413): Primitive(U64)
Expr ExprId(2041): Primitive(U64)
Expr ExprId(907): Primitive(I64)
Expr ExprId(4414): Function { params: [], return_type: SemanticTypeId(24) }
Expr ExprId(10924): Void
Expr ExprId(6850): Function { params: [SemanticTypeId(723), SemanticTypeId(24)], return_type: SemanticTypeId(725) }
Expr ExprId(3762): Void
Expr ExprId(4702): Primitive(U64)
Expr ExprId(1176): Primitive(U64)
Expr ExprId(6723): Void
Expr ExprId(7714): Primitive(U32)
Expr ExprId(2069): Primitive(U64)
Expr ExprId(9339): Reference(LifetimeId(0), Immutable, SemanticTypeId(799))
Expr ExprId(9761): Reference(LifetimeId(0), Mutable, SemanticTypeId(1078))
Expr ExprId(10708): Void
Expr ExprId(4833): Void
Expr ExprId(271): Enum(SymbolId(58), [SemanticTypeId(1870)], [SemanticTypeId(1870), SemanticTypeId(0)])
Expr ExprId(2864): Reference(LifetimeId(0), Mutable, SemanticTypeId(679))
Expr ExprId(194): Enum(SymbolId(58), [SemanticTypeId(1451)], [SemanticTypeId(1451), SemanticTypeId(0)])
Expr ExprId(5920): Primitive(Char)
Expr ExprId(6093): Enum(SymbolId(467), [], [SemanticTypeId(0)])
Expr ExprId(2755): Primitive(U64)
Expr ExprId(5154): Pointer(Mutable, SemanticTypeId(1704))
Expr ExprId(3877): Void
Expr ExprId(1917): Primitive(U64)
Expr ExprId(10994): Primitive(U8)
Expr ExprId(11063): Primitive(U64)
Expr ExprId(10314): Primitive(U64)
Expr ExprId(11218): Reference(LifetimeId(0), Mutable, SemanticTypeId(1269))
Expr ExprId(1227): Reference(LifetimeId(0), Mutable, SemanticTypeId(599))
Expr ExprId(10279): Void
Expr ExprId(10474): Reference(LifetimeId(0), Mutable, SemanticTypeId(1078))
Expr ExprId(1801): GenericParam(SymbolId(1637))
Expr ExprId(9736): Primitive(I32)
Expr ExprId(9808): Primitive(I32)
Expr ExprId(10241): Void
Expr ExprId(149): Enum(SymbolId(58), [SemanticTypeId(1463)], [SemanticTypeId(1463), SemanticTypeId(0)])
Expr ExprId(9342): Pointer(Mutable, SemanticTypeId(91))
Expr ExprId(1165): GenericParam(SymbolId(778))
Expr ExprId(9266): Pointer(Immutable, SemanticTypeId(91))
Expr ExprId(3036): Primitive(Bool)
Expr ExprId(5784): Enum(SymbolId(65), [SemanticTypeId(0), SemanticTypeId(830)], [SemanticTypeId(0), SemanticTypeId(830)])
Expr ExprId(10350): Primitive(U64)
Expr ExprId(5263): Primitive(Bool)
Expr ExprId(2088): Primitive(U64)
Expr ExprId(3559): Reference(LifetimeId(0), Mutable, SemanticTypeId(87))
Expr ExprId(10128): Reference(LifetimeId(0), Mutable, SemanticTypeId(1078))
Expr ExprId(10902): Primitive(I32)
Expr ExprId(1944): Pointer(Immutable, SemanticTypeId(520))
Expr ExprId(3254): Primitive(U16)
Expr ExprId(10810): Primitive(Bool)
Expr ExprId(1205): Void
Expr ExprId(11015): Pointer(Immutable, SemanticTypeId(1084))
Expr ExprId(3464): Primitive(Bool)
Expr ExprId(4573): Primitive(U64)
Expr ExprId(8123): Reference(LifetimeId(0), Immutable, SemanticTypeId(786))
Expr ExprId(2456): Primitive(U64)
Expr ExprId(6835): Function { params: [SemanticTypeId(705), SemanticTypeId(24)], return_type: SemanticTypeId(705) }
Expr ExprId(7911): Enum(SymbolId(58), [SemanticTypeId(768)], [SemanticTypeId(768), SemanticTypeId(0)])
Expr ExprId(10354): Primitive(Bool)
Expr ExprId(6745): Primitive(U8)
Expr ExprId(5728): Reference(LifetimeId(0), Immutable, SemanticTypeId(1735))
Expr ExprId(3106): Enum(SymbolId(58), [SemanticTypeId(177)], [SemanticTypeId(177), SemanticTypeId(0)])
Expr ExprId(6943): Primitive(Bool)
Expr ExprId(7975): Primitive(U64)
Expr ExprId(8036): Primitive(U64)
Expr ExprId(7749): Primitive(U64)
Expr ExprId(4465): Void
Expr ExprId(1078): Primitive(U64)
Expr ExprId(3864): Primitive(U8)
Expr ExprId(3015): GenericParam(SymbolId(206))
Expr ExprId(6313): Function { params: [SemanticTypeId(24)], return_type: SemanticTypeId(24) }
Expr ExprId(7017): Reference(LifetimeId(0), Immutable, SemanticTypeId(786))
Expr ExprId(9804): Reference(LifetimeId(0), Mutable, SemanticTypeId(1078))
Expr ExprId(5870): Function { params: [SemanticTypeId(754), SemanticTypeId(1609)], return_type: SemanticTypeId(831) }
Expr ExprId(5463): Reference(LifetimeId(0), Mutable, SemanticTypeId(1706))
Expr ExprId(4175): Struct(SymbolId(621), [SemanticTypeId(1847)], [SemanticTypeId(1852)])
Expr ExprId(9347): Function { params: [SemanticTypeId(787)], return_type: SemanticTypeId(814) }
Expr ExprId(9757): Primitive(U8)
Expr ExprId(4100): Void
Expr ExprId(4105): Function { params: [SemanticTypeId(453), SemanticTypeId(453)], return_type: SemanticTypeId(3) }
Expr ExprId(3733): Primitive(Bool)
Expr ExprId(6460): Primitive(U8)
Expr ExprId(7042): Primitive(U64)
Expr ExprId(1526): Primitive(U64)
Expr ExprId(7080): Primitive(I32)
Expr ExprId(6625): Primitive(U32)
Expr ExprId(10447): Void
Expr ExprId(4496): Primitive(U64)
Expr ExprId(8169): Primitive(U64)
Expr ExprId(11471): Enum(SymbolId(58), [SemanticTypeId(882)], [SemanticTypeId(882), SemanticTypeId(0)])
Expr ExprId(2272): Primitive(U64)
Expr ExprId(2351): Primitive(U64)
Expr ExprId(7676): Pointer(Immutable, SemanticTypeId(91))
Expr ExprId(6277): Primitive(U64)
Expr ExprId(3519): Enum(SymbolId(58), [SemanticTypeId(222)], [SemanticTypeId(222), SemanticTypeId(0)])
Expr ExprId(3938): Primitive(Bool)
Expr ExprId(8991): Primitive(U8)
Expr ExprId(3318): Reference(LifetimeId(0), Immutable, SemanticTypeId(7))
Expr ExprId(9138): Void
Expr ExprId(7229): Primitive(I32)
Expr ExprId(6696): Primitive(U32)
Expr ExprId(1532): Primitive(Bool)
Expr ExprId(6522): Primitive(U8)
Expr ExprId(6786): Function { params: [], return_type: SemanticTypeId(790) }
Expr ExprId(10402): Primitive(U64)
Expr ExprId(2000): Primitive(U64)
Expr ExprId(3068): Reference(LifetimeId(0), Mutable, SemanticTypeId(259))
Expr ExprId(2216): Primitive(U64)
Expr ExprId(6972): Primitive(U64)
Expr ExprId(6866): Primitive(U64)
Expr ExprId(9895): Function { params: [SemanticTypeId(1166)], return_type: SemanticTypeId(0) }
Expr ExprId(5520): Primitive(U64)
Expr ExprId(3708): Primitive(U64)
Expr ExprId(6306): Primitive(U64)
Expr ExprId(9649): Pointer(Immutable, SemanticTypeId(24))
Expr ExprId(9740): Primitive(U64)
Expr ExprId(6903): Primitive(Char)
Expr ExprId(3515): Void
Expr ExprId(1847): Primitive(I32)
Expr ExprId(6673): Primitive(U32)
Expr ExprId(5674): Primitive(U64)
Expr ExprId(3415): Reference(LifetimeId(0), Immutable, SemanticTypeId(15))
Expr ExprId(6187): Function { params: [SemanticTypeId(754), SemanticTypeId(1609)], return_type: SemanticTypeId(831) }
Expr ExprId(4019): Enum(SymbolId(58), [SemanticTypeId(407)], [SemanticTypeId(407), SemanticTypeId(0)])
Expr ExprId(10254): Primitive(U64)
Expr ExprId(1005): Primitive(Bool)
Expr ExprId(1370): Primitive(I32)
Expr ExprId(10860): Primitive(U64)
Expr ExprId(320): Enum(SymbolId(65), [SemanticTypeId(1869), SemanticTypeId(1893)], [SemanticTypeId(1869), SemanticTypeId(1893)])
Expr ExprId(7153): Reference(LifetimeId(0), Immutable, SemanticTypeId(790))
Expr ExprId(3419): Primitive(Bool)
Expr ExprId(4119): Primitive(Bool)
Expr ExprId(11476): Primitive(Bool)
Expr ExprId(8565): Primitive(Bool)
Expr ExprId(3741): Primitive(Bool)
Expr ExprId(3554): Reference(LifetimeId(0), Mutable, SemanticTypeId(87))
Expr ExprId(2680): Function { params: [SemanticTypeId(522), SemanticTypeId(24), SemanticTypeId(24), SemanticTypeId(24)], return_type: SemanticTypeId(0) }
Expr ExprId(11372): Reference(LifetimeId(0), Immutable, SemanticTypeId(897))
Expr ExprId(2172): Primitive(U64)
Expr ExprId(2638): Primitive(U64)
Expr ExprId(11381): Struct(SymbolId(576), [SemanticTypeId(893)], [SemanticTypeId(1028)])
Expr ExprId(9911): Reference(LifetimeId(0), Mutable, SemanticTypeId(1078))
Expr ExprId(2170): Primitive(I32)
Expr ExprId(6881): Void
Expr ExprId(5850): Reference(LifetimeId(0), Mutable, SemanticTypeId(1528))
Expr ExprId(4190): Pointer(Mutable, SemanticTypeId(1847))
Expr ExprId(7796): Enum(SymbolId(58), [SemanticTypeId(768)], [SemanticTypeId(768), SemanticTypeId(0)])
Expr ExprId(3436): GenericParam(SymbolId(759))
Expr ExprId(5943): Primitive(Char)
Expr ExprId(8518): Primitive(U64)
Expr ExprId(9730): Primitive(Bool)
Expr ExprId(9318): Primitive(I32)
Expr ExprId(6121): Primitive(Bool)
Expr ExprId(7489): Primitive(U32)
Expr ExprId(4071): Enum(SymbolId(58), [SemanticTypeId(404)], [SemanticTypeId(404), SemanticTypeId(0)])
Expr ExprId(1627): Primitive(U64)
Expr ExprId(3293): Reference(LifetimeId(0), Immutable, SemanticTypeId(24))
Expr ExprId(1706): Reference(LifetimeId(0), Immutable, SemanticTypeId(526))
Expr ExprId(8236): Pointer(Immutable, SemanticTypeId(91))
Expr ExprId(11080): Primitive(Bool)
Expr ExprId(11088): Primitive(U64)
Expr ExprId(961): Primitive(I32)
Expr ExprId(4355): Reference(LifetimeId(0), Mutable, SemanticTypeId(1757))
Expr ExprId(2240): Primitive(U64)
Expr ExprId(7658): Void
Expr ExprId(10323): Primitive(U64)
Expr ExprId(312): Enum(SymbolId(65), [SemanticTypeId(1869), SemanticTypeId(1897)], [SemanticTypeId(1869), SemanticTypeId(1897)])
Expr ExprId(2213): Primitive(U64)
Expr ExprId(3025): Primitive(U64)
Expr ExprId(10048): Pointer(Mutable, SemanticTypeId(1074))
Expr ExprId(1433): Primitive(U64)
Expr ExprId(2518): Pointer(Immutable, SemanticTypeId(532))
Expr ExprId(1895): Function { params: [SemanticTypeId(702), SemanticTypeId(701)], return_type: SemanticTypeId(0) }
Expr ExprId(1616): Void
Expr ExprId(10679): Primitive(U64)
Expr ExprId(2440): Primitive(U64)
Expr ExprId(51): Primitive(I32)
Expr ExprId(3862): Void
Expr ExprId(10520): Primitive(I32)
Expr ExprId(7967): Reference(LifetimeId(0), Immutable, SemanticTypeId(786))
Expr ExprId(435): Primitive(U64)
Expr ExprId(2985): GenericParam(SymbolId(740))
Expr ExprId(3198): Enum(SymbolId(58), [SemanticTypeId(62)], [SemanticTypeId(62), SemanticTypeId(0)])
Expr ExprId(3685): Enum(SymbolId(58), [SemanticTypeId(401)], [SemanticTypeId(401), SemanticTypeId(0)])
Expr ExprId(7474): Primitive(U8)
Expr ExprId(4566): Primitive(Bool)
Expr ExprId(8556): Primitive(I32)
Expr ExprId(3219): GenericParam(SymbolId(282))
Expr ExprId(6234): Primitive(U64)
Expr ExprId(4716): Primitive(U64)
Expr ExprId(5712): Primitive(U64)
Expr ExprId(6566): Primitive(Bool)
Expr ExprId(3462): GenericParam(SymbolId(760))
Expr ExprId(2745): Primitive(U64)
Expr ExprId(5175): Primitive(U64)
Expr ExprId(9751): Primitive(U64)
Expr ExprId(7819): Primitive(U32)
Expr ExprId(4708): Void
Expr ExprId(8964): Primitive(U32)
Expr ExprId(3135): Void
Expr ExprId(10101): Primitive(U64)
Expr ExprId(1537): Pointer(Mutable, SemanticTypeId(577))
Expr ExprId(4526): Enum(SymbolId(58), [SemanticTypeId(1704)], [SemanticTypeId(1704), SemanticTypeId(0)])
Expr ExprId(3518): Enum(SymbolId(58), [SemanticTypeId(222)], [SemanticTypeId(222), SemanticTypeId(0)])
Expr ExprId(4696): Reference(LifetimeId(0), Mutable, SemanticTypeId(1706))
Expr ExprId(7601): Primitive(U64)
Expr ExprId(73): Primitive(I32)
Expr ExprId(11556): Struct(SymbolId(33), [SemanticTypeId(1170)], [SemanticTypeId(1171), SemanticTypeId(24), SemanticTypeId(24)])
Expr ExprId(720): Primitive(U32)
Expr ExprId(2129): Reference(LifetimeId(0), Immutable, SemanticTypeId(3))
Expr ExprId(7528): Primitive(U64)
Expr ExprId(2120): Void
Expr ExprId(6094): Enum(SymbolId(65), [SemanticTypeId(0), SemanticTypeId(830)], [SemanticTypeId(0), SemanticTypeId(830)])
Expr ExprId(9130): Primitive(U64)
Expr ExprId(364): Enum(SymbolId(58), [SemanticTypeId(1938)], [SemanticTypeId(1938), SemanticTypeId(0)])
Expr ExprId(8164): Primitive(U64)
Expr ExprId(11570): Primitive(Bool)
Expr ExprId(3355): Primitive(Bool)
Expr ExprId(7848): Primitive(Char)
Expr ExprId(2538): Pointer(Mutable, SemanticTypeId(532))
Expr ExprId(3315): Primitive(Bool)
Expr ExprId(3497): Reference(LifetimeId(0), Mutable, SemanticTypeId(224))
Expr ExprId(7208): Reference(LifetimeId(0), Immutable, SemanticTypeId(786))
Expr ExprId(1938): Pointer(Immutable, SemanticTypeId(520))
Expr ExprId(9257): Struct(SymbolId(351), [], [SemanticTypeId(789)])
Expr ExprId(469): Primitive(I64)
Expr ExprId(5721): Reference(LifetimeId(0), Immutable, SemanticTypeId(1745))
Expr ExprId(10543): Primitive(U64)
Expr ExprId(5450): Reference(LifetimeId(0), Mutable, SemanticTypeId(1706))
Expr ExprId(3801): Primitive(U64)
Expr ExprId(6563): Primitive(I32)
Expr ExprId(2853): Primitive(I32)
Expr ExprId(7669): Primitive(U64)
Expr ExprId(4748): Primitive(U64)
Expr ExprId(7657): Pointer(Immutable, SemanticTypeId(91))
Expr ExprId(4865): Function { params: [SemanticTypeId(717), SemanticTypeId(718), SemanticTypeId(24)], return_type: SemanticTypeId(0) }
Expr ExprId(701): Reference(LifetimeId(0), Immutable, SemanticTypeId(4))
Expr ExprId(8778): Primitive(U64)
Expr ExprId(8336): Primitive(U64)
Expr ExprId(7909): Primitive(U64)
Expr ExprId(9656): Reference(LifetimeId(0), Immutable, SemanticTypeId(1078))
Expr ExprId(5492): Pointer(Mutable, SemanticTypeId(1704))
Expr ExprId(4686): Primitive(U64)
Expr ExprId(10475): Primitive(U64)
Expr ExprId(10580): Pointer(Mutable, SemanticTypeId(91))
Expr ExprId(4998): Void
Expr ExprId(5723): Primitive(Bool)
Expr ExprId(4549): Primitive(U64)
Expr ExprId(2220): Primitive(I32)
Expr ExprId(2458): Primitive(U64)
Expr ExprId(6588): Primitive(U64)
Expr ExprId(1309): Pointer(Mutable, SemanticTypeId(587))
Expr ExprId(6717): Primitive(U32)
Expr ExprId(6691): Reference(LifetimeId(0), Mutable, SemanticTypeId(789))
Expr ExprId(4193): Function { params: [], return_type: SemanticTypeId(24) }
Expr ExprId(6778): Primitive(Bool)
Expr ExprId(10704): Primitive(U64)
Expr ExprId(4963): Primitive(U64)
Expr ExprId(3434): Primitive(Bool)
Expr ExprId(6871): Primitive(U64)
Expr ExprId(4979): Reference(LifetimeId(0), Immutable, SemanticTypeId(1704))
Expr ExprId(8592): Primitive(Bool)
Expr ExprId(9084): Void
Expr ExprId(3286): Reference(LifetimeId(0), Immutable, SemanticTypeId(24))
Expr ExprId(292): GenericParam(SymbolId(1210))
Expr ExprId(2689): Primitive(Bool)
Expr ExprId(6035): Reference(LifetimeId(0), Mutable, SemanticTypeId(1602))
Expr ExprId(744): Reference(LifetimeId(0), Immutable, SemanticTypeId(3))
Expr ExprId(6770): Primitive(Bool)
Expr ExprId(10164): Function { params: [SemanticTypeId(709), SemanticTypeId(24)], return_type: SemanticTypeId(709) }
Expr ExprId(2875): Void
Expr ExprId(11010): Pointer(Immutable, SemanticTypeId(1085))
Expr ExprId(6052): Enum(SymbolId(65), [SemanticTypeId(0), SemanticTypeId(830)], [SemanticTypeId(0), SemanticTypeId(830)])
Expr ExprId(7944): Primitive(Bool)
Expr ExprId(6110): Reference(LifetimeId(0), Mutable, SemanticTypeId(1593))
Expr ExprId(3101): GenericParam(SymbolId(718))
Expr ExprId(4794): Primitive(U64)
Expr ExprId(7343): Primitive(U64)
Expr ExprId(8371): Primitive(U64)
Expr ExprId(8661): Primitive(Bool)
Expr ExprId(9676): Enum(SymbolId(477), [], [SemanticTypeId(24), SemanticTypeId(24)])
Expr ExprId(2112): Pointer(Mutable, SemanticTypeId(559))
Expr ExprId(101): Struct(SymbolId(608), [], [SemanticTypeId(8)])
Expr ExprId(7839): Primitive(U64)
Expr ExprId(3692): GenericParam(SymbolId(392))
Expr ExprId(722): Primitive(U32)
Expr ExprId(5580): Reference(LifetimeId(0), Mutable, SemanticTypeId(1706))
Expr ExprId(5515): Function { params: [SemanticTypeId(702), SemanticTypeId(701)], return_type: SemanticTypeId(0) }
Expr ExprId(7421): Primitive(U8)
Expr ExprId(3709): Primitive(I32)
Expr ExprId(4347): Primitive(U64)
Expr ExprId(7287): Primitive(U8)
Expr ExprId(967): Reference(LifetimeId(0), Immutable, SemanticTypeId(1494))
Expr ExprId(2367): Pointer(Mutable, SemanticTypeId(513))
Expr ExprId(3958): Primitive(I32)
Expr ExprId(5470): Primitive(U64)
Expr ExprId(6652): Primitive(U8)
Expr ExprId(2830): Void
Expr ExprId(8289): Primitive(U64)
Expr ExprId(3094): Enum(SymbolId(58), [SemanticTypeId(176)], [SemanticTypeId(176), SemanticTypeId(0)])
Expr ExprId(3702): Primitive(Bool)
Expr ExprId(2495): Primitive(U64)
Expr ExprId(8577): Primitive(U64)
Expr ExprId(8758): Pointer(Immutable, SemanticTypeId(91))
Expr ExprId(8342): Primitive(U64)
Expr ExprId(11118): Primitive(Bool)
Expr ExprId(11474): Primitive(Bool)
Expr ExprId(3935): GenericParam(SymbolId(432))
Expr ExprId(11266): Reference(LifetimeId(0), Immutable, SemanticTypeId(1295))
Expr ExprId(5938): Enum(SymbolId(467), [], [SemanticTypeId(0)])
Expr ExprId(8744): Primitive(U64)
Expr ExprId(10683): Primitive(U64)
Expr ExprId(4584): Reference(LifetimeId(0), Mutable, SemanticTypeId(1706))
Expr ExprId(5284): Primitive(U64)
Expr ExprId(5055): Pointer(Immutable, SemanticTypeId(1766))
Expr ExprId(2652): Primitive(I32)
Expr ExprId(3891): Void
Expr ExprId(1408): Primitive(I32)
Expr ExprId(7815): Primitive(U8)
Expr ExprId(617): Primitive(U64)
Expr ExprId(5878): Primitive(Char)
Expr ExprId(8399): Primitive(Usize)
Expr ExprId(11116): Reference(LifetimeId(0), Mutable, SemanticTypeId(1112))
Expr ExprId(4849): Primitive(U64)
Expr ExprId(8125): Primitive(U64)
Expr ExprId(7514): Primitive(I32)
Expr ExprId(7450): Primitive(U64)
Expr ExprId(7410): Enum(SymbolId(65), [SemanticTypeId(0), SemanticTypeId(830)], [SemanticTypeId(0), SemanticTypeId(830)])
Expr ExprId(2109): Primitive(U64)
Expr ExprId(486): Primitive(I32)
Expr ExprId(9310): Void
Expr ExprId(11359): Reference(LifetimeId(0), Mutable, SemanticTypeId(897))
Expr ExprId(4574): Primitive(I32)
Expr ExprId(2727): GenericParam(SymbolId(155))
Expr ExprId(6661): Primitive(U32)
Expr ExprId(5836): Primitive(I32)
Expr ExprId(4709): Primitive(U64)
Expr ExprId(3058): Struct(SymbolId(222), [SemanticTypeId(10), SemanticTypeId(17), SemanticTypeId(18)], [SemanticTypeId(10), SemanticTypeId(17), SemanticTypeId(4)])
Expr ExprId(4086): Void
Expr ExprId(4484): Function { params: [SemanticTypeId(709), SemanticTypeId(24)], return_type: SemanticTypeId(709) }
Expr ExprId(7890): Primitive(U8)
Expr ExprId(10192): GenericParam(SymbolId(930))
Expr ExprId(354): Enum(SymbolId(65), [SemanticTypeId(1888), SemanticTypeId(1904)], [SemanticTypeId(1888), SemanticTypeId(1904)])
Expr ExprId(2303): Function { params: [SemanticTypeId(717), SemanticTypeId(718), SemanticTypeId(24)], return_type: SemanticTypeId(0) }
Expr ExprId(7225): Enum(SymbolId(467), [], [SemanticTypeId(0)])
Expr ExprId(10064): Void
Expr ExprId(9745): Primitive(U64)
Expr ExprId(144): Primitive(U64)
Expr ExprId(4906): Primitive(U64)
Expr ExprId(6408): Primitive(U8)
Expr ExprId(1223): Reference(LifetimeId(0), Immutable, SemanticTypeId(599))
Expr ExprId(5364): Primitive(U64)
Expr ExprId(8063): Reference(LifetimeId(0), Immutable, SemanticTypeId(786))
Expr ExprId(3145): Primitive(Bool)
Expr ExprId(7338): Enum(SymbolId(65), [SemanticTypeId(0), SemanticTypeId(830)], [SemanticTypeId(0), SemanticTypeId(830)])
Expr ExprId(6391): Primitive(Bool)
Expr ExprId(9871): Function { params: [SemanticTypeId(709), SemanticTypeId(24)], return_type: SemanticTypeId(709) }
Expr ExprId(9178): Primitive(U64)
Expr ExprId(10651): Pointer(Mutable, SemanticTypeId(91))
Expr ExprId(8064): Primitive(U64)
Expr ExprId(1807): Primitive(U64)
Expr ExprId(10759): Reference(LifetimeId(0), Mutable, SemanticTypeId(1078))
Expr ExprId(3770): Function { params: [SemanticTypeId(386)], return_type: SemanticTypeId(4) }
Expr ExprId(6911): Primitive(U64)
Expr ExprId(3277): Primitive(U32)
Expr ExprId(6478): Primitive(Bool)
Expr ExprId(3926): Enum(SymbolId(58), [SemanticTypeId(36)], [SemanticTypeId(36), SemanticTypeId(0)])
Expr ExprId(9378): Primitive(U64)
Expr ExprId(3662): Void
Expr ExprId(7565): Void
Expr ExprId(11040): Primitive(U64)
Expr ExprId(1210): Primitive(Usize)
Expr ExprId(2826): Primitive(U64)
Expr ExprId(2764): Reference(LifetimeId(0), Immutable, SemanticTypeId(668))
Expr ExprId(11360): Struct(SymbolId(549), [SemanticTypeId(893), SemanticTypeId(884)], [SemanticTypeId(895)])
Expr ExprId(9598): Primitive(I32)
Expr ExprId(126): Pointer(Immutable, SemanticTypeId(1459))
Expr ExprId(865): Primitive(I32)
Expr ExprId(763): Primitive(Bool)
Expr ExprId(5752): Primitive(Bool)
Expr ExprId(3533): Enum(SymbolId(58), [SemanticTypeId(139)], [SemanticTypeId(139), SemanticTypeId(0)])
Expr ExprId(5553): Primitive(Bool)
Expr ExprId(7821): Primitive(U32)
Expr ExprId(7871): Primitive(U8)
Expr ExprId(8582): Primitive(Bool)
Expr ExprId(6732): Primitive(U32)
Expr ExprId(7303): Primitive(U32)
Expr ExprId(3743): Primitive(Bool)
Expr ExprId(7526): Enum(SymbolId(65), [SemanticTypeId(0), SemanticTypeId(830)], [SemanticTypeId(0), SemanticTypeId(830)])
Expr ExprId(8683): Struct(SymbolId(351), [], [SemanticTypeId(789)])
Expr ExprId(9063): Primitive(I32)
Expr ExprId(9720): Pointer(Mutable, SemanticTypeId(1075))
Expr ExprId(10489): Primitive(U64)
Expr ExprId(10570): Pointer(Mutable, SemanticTypeId(91))
Expr ExprId(1983): Function { params: [SemanticTypeId(717), SemanticTypeId(718), SemanticTypeId(24)], return_type: SemanticTypeId(0) }
Expr ExprId(992): Primitive(I32)
Expr ExprId(6875): Void
Expr ExprId(2873): Primitive(U64)
Expr ExprId(8710): Reference(LifetimeId(0), Immutable, SemanticTypeId(790))
Expr ExprId(9623): Enum(SymbolId(477), [], [SemanticTypeId(24), SemanticTypeId(24)])
Expr ExprId(10071): Primitive(U64)
Expr ExprId(3233): Reference(LifetimeId(0), Immutable, SemanticTypeId(91))
Expr ExprId(7782): Primitive(U8)
Expr ExprId(9590): Reference(LifetimeId(0), Immutable, SemanticTypeId(1078))
Expr ExprId(7493): Primitive(U32)
Expr ExprId(2451): Pointer(Mutable, SemanticTypeId(532))
Expr ExprId(9392): Struct(SymbolId(351), [], [SemanticTypeId(789)])
Expr ExprId(8521): Primitive(U64)
Expr ExprId(9208): Enum(SymbolId(65), [SemanticTypeId(793), SemanticTypeId(816)], [SemanticTypeId(793), SemanticTypeId(816)])
Expr ExprId(9843): Primitive(I32)
Expr ExprId(820): Primitive(I32)
Expr ExprId(5860): Primitive(I128)
Expr ExprId(4851): Primitive(U64)
Expr ExprId(6634): Primitive(U32)
Expr ExprId(7191): Primitive(U64)
Expr ExprId(3062): Reference(LifetimeId(0), Mutable, SemanticTypeId(259))
Expr ExprId(2575): Primitive(Bool)
Expr ExprId(8458): Void
Expr ExprId(3553): Primitive(Bool)
Expr ExprId(2370): Primitive(I32)
Expr ExprId(3404): Primitive(Isize)
Expr ExprId(8247): Enum(SymbolId(58), [SemanticTypeId(24)], [SemanticTypeId(24), SemanticTypeId(0)])
Expr ExprId(9122): Primitive(U64)
Expr ExprId(800): Primitive(U32)
Expr ExprId(2159): Primitive(Bool)
Expr ExprId(9811): Void
Expr ExprId(9098): Function { params: [], return_type: SemanticTypeId(879) }
Expr ExprId(4317): Primitive(U64)
Expr ExprId(3248): Reference(LifetimeId(0), Immutable, SemanticTypeId(124))
Expr ExprId(3270): Primitive(Bool)
Expr ExprId(9523): Pointer(Mutable, SemanticTypeId(1118))
Expr ExprId(2080): Primitive(U64)
Expr ExprId(7713): Primitive(U8)
Expr ExprId(9372): Primitive(U64)
Expr ExprId(152): GenericParam(SymbolId(1020))
Expr ExprId(10584): Primitive(U64)
Expr ExprId(3452): Reference(LifetimeId(0), Mutable, SemanticTypeId(311))
Expr ExprId(9127): Primitive(Bool)
Expr ExprId(10393): Reference(LifetimeId(0), Mutable, SemanticTypeId(1078))
Expr ExprId(7803): Primitive(U64)
Expr ExprId(9581): Primitive(U64)
Expr ExprId(8148): Primitive(U64)
Expr ExprId(11531): Reference(LifetimeId(0), Immutable, SemanticTypeId(969))
Expr ExprId(8972): Primitive(U8)
Expr ExprId(1746): Primitive(U64)
Expr ExprId(7257): Primitive(U32)
Expr ExprId(4650): Primitive(U64)
Expr ExprId(4813): Primitive(U64)
Expr ExprId(7631): Primitive(U8)
Expr ExprId(8764): Primitive(U64)
Expr ExprId(11559): Struct(SymbolId(579), [SemanticTypeId(1169)], [SemanticTypeId(1187)])
Expr ExprId(4075): Primitive(I32)
Expr ExprId(5763): Enum(SymbolId(65), [SemanticTypeId(0), SemanticTypeId(830)], [SemanticTypeId(0), SemanticTypeId(830)])
Expr ExprId(739): Reference(LifetimeId(0), Immutable, SemanticTypeId(11))
Expr ExprId(3022): Struct(SymbolId(179), [SemanticTypeId(146), SemanticTypeId(147)], [SemanticTypeId(146), SemanticTypeId(24)])
Expr ExprId(9356): Struct(SymbolId(33), [SemanticTypeId(91)], [SemanticTypeId(788), SemanticTypeId(24), SemanticTypeId(24)])
Expr ExprId(7923): Struct(SymbolId(360), [], [SemanticTypeId(789), SemanticTypeId(24)])
Expr ExprId(145): Pointer(Mutable, SemanticTypeId(1451))
Expr ExprId(6743): Primitive(U32)
Expr ExprId(7629): Primitive(I32)
Expr ExprId(7165): Reference(LifetimeId(0), Immutable, SemanticTypeId(790))
Expr ExprId(880): Primitive(I32)
Expr ExprId(684): Primitive(I32)
Expr ExprId(4606): Reference(LifetimeId(0), Mutable, SemanticTypeId(1706))
Expr ExprId(3235): Primitive(Bool)
Expr ExprId(8923): Primitive(U64)
Expr ExprId(4464): Primitive(U64)
Expr ExprId(8337): Primitive(U64)
Expr ExprId(2780): Void
Expr ExprId(4889): Function { params: [SemanticTypeId(651)], return_type: SemanticTypeId(653) }
Expr ExprId(2318): Primitive(U64)
Expr ExprId(9972): Primitive(U64)
Expr ExprId(746): Reference(LifetimeId(0), Immutable, SemanticTypeId(3))
Expr ExprId(8332): Primitive(U64)
Expr ExprId(6919): Primitive(U8)
Expr ExprId(3187): Struct(SymbolId(260), [SemanticTypeId(9), SemanticTypeId(77)], [SemanticTypeId(9), SemanticTypeId(24), SemanticTypeId(4)])
Expr ExprId(3172): GenericParam(SymbolId(732))
Expr ExprId(773): Primitive(Bool)
Expr ExprId(3933): Void
Expr ExprId(5734): Primitive(Bool)
Expr ExprId(3274): Primitive(U32)
Expr ExprId(533): Primitive(U64)
Expr ExprId(4395): Pointer(Mutable, SemanticTypeId(1722))
Expr ExprId(9300): Primitive(I32)
Expr ExprId(4300): Struct(SymbolId(33), [SemanticTypeId(873)], [SemanticTypeId(874), SemanticTypeId(24), SemanticTypeId(24)])
Expr ExprId(1959): Primitive(U64)
Expr ExprId(7917): Struct(SymbolId(33), [SemanticTypeId(91)], [SemanticTypeId(788), SemanticTypeId(24), SemanticTypeId(24)])
Expr ExprId(7700): Primitive(U32)
Expr ExprId(121): Primitive(Bool)
Expr ExprId(10933): Primitive(I32)
Expr ExprId(10794): Reference(LifetimeId(0), Immutable, SemanticTypeId(1078))
Expr ExprId(4728): Primitive(U64)
Expr ExprId(2029): Primitive(U64)
Expr ExprId(7192): Primitive(I32)
Expr ExprId(3943): Primitive(I16)
Expr ExprId(6792): Struct(SymbolId(33), [SemanticTypeId(91)], [SemanticTypeId(788), SemanticTypeId(24), SemanticTypeId(24)])
Expr ExprId(10297): Primitive(U64)
Expr ExprId(11036): Primitive(U64)
Expr ExprId(7065): Reference(LifetimeId(0), Immutable, SemanticTypeId(790))
Expr ExprId(2291): Primitive(Bool)
Expr ExprId(2474): Primitive(U64)
Expr ExprId(2565): Primitive(I32)
Expr ExprId(8785): Primitive(U64)
Expr ExprId(9768): Primitive(U8)
Expr ExprId(2860): Primitive(I32)
Expr ExprId(1799): Pointer(Immutable, SemanticTypeId(520))
Expr ExprId(7932): Primitive(Usize)
Expr ExprId(3667): Enum(SymbolId(58), [SemanticTypeId(69)], [SemanticTypeId(69), SemanticTypeId(0)])
Expr ExprId(1543): Void
Expr ExprId(11309): Enum(SymbolId(58), [SemanticTypeId(981)], [SemanticTypeId(981), SemanticTypeId(0)])
Expr ExprId(6186): Enum(SymbolId(65), [SemanticTypeId(0), SemanticTypeId(830)], [SemanticTypeId(0), SemanticTypeId(830)])
Expr ExprId(5980): Enum(SymbolId(65), [SemanticTypeId(0), SemanticTypeId(830)], [SemanticTypeId(0), SemanticTypeId(830)])
Expr ExprId(5209): GenericParam(SymbolId(1158))
Expr ExprId(6188): Reference(LifetimeId(0), Immutable, SemanticTypeId(754))
Expr ExprId(3047): Primitive(Bool)
Expr ExprId(10862): Void
Expr ExprId(3830): Primitive(Bool)
Expr ExprId(8248): Reference(LifetimeId(0), Immutable, SemanticTypeId(790))
Expr ExprId(5340): Pointer(Immutable, SemanticTypeId(1704))
Expr ExprId(4133): Enum(SymbolId(58), [SemanticTypeId(422)], [SemanticTypeId(422), SemanticTypeId(0)])
Expr ExprId(2662): Primitive(U64)
Expr ExprId(9103): Primitive(U64)
Expr ExprId(5919): Reference(LifetimeId(0), Mutable, SemanticTypeId(1619))
Expr ExprId(4272): Primitive(I32)
Expr ExprId(8593): Primitive(U64)
Expr ExprId(11369): Struct(SymbolId(549), [SemanticTypeId(893), SemanticTypeId(884)], [SemanticTypeId(895)])
Expr ExprId(10884): Primitive(U64)
Expr ExprId(6798): Primitive(Bool)
Expr ExprId(6893): Primitive(Bool)
Expr ExprId(960): Primitive(I32)
Expr ExprId(757): Primitive(Isize)
Expr ExprId(5271): Primitive(Bool)
Expr ExprId(4943): Primitive(U64)
Expr ExprId(9296): Pointer(Immutable, SemanticTypeId(91))
Expr ExprId(4925): Function { params: [SemanticTypeId(714)], return_type: SemanticTypeId(713) }
Expr ExprId(2868): GenericParam(SymbolId(163))
Expr ExprId(2072): Function { params: [SemanticTypeId(566), SemanticTypeId(24), SemanticTypeId(24), SemanticTypeId(570)], return_type: SemanticTypeId(24) }
Expr ExprId(4062): Void
Expr ExprId(674): Primitive(U64)
Expr ExprId(7645): Primitive(U8)
Expr ExprId(9272): Primitive(U64)
Expr ExprId(4455): Struct(SymbolId(33), [SemanticTypeId(1779)], [SemanticTypeId(1780), SemanticTypeId(24), SemanticTypeId(24)])
Expr ExprId(1880): Pointer(Mutable, SemanticTypeId(520))
Expr ExprId(6739): Primitive(U32)
Expr ExprId(1126): Pointer(Immutable, SemanticTypeId(612))
Expr ExprId(2901): Function { params: [SemanticTypeId(209)], return_type: SemanticTypeId(134) }
Expr ExprId(3688): GenericParam(SymbolId(392))
Expr ExprId(2679): Primitive(U64)
Expr ExprId(7376): Enum(SymbolId(467), [], [SemanticTypeId(0)])
Expr ExprId(6533): Primitive(Bool)
Expr ExprId(1076): Void
Expr ExprId(8018): Primitive(U64)
Expr ExprId(4577): Function { params: [SemanticTypeId(705), SemanticTypeId(24)], return_type: SemanticTypeId(705) }
Expr ExprId(1869): Pointer(Immutable, SemanticTypeId(520))
Expr ExprId(9123): Primitive(Bool)
Expr ExprId(6158): Enum(SymbolId(65), [SemanticTypeId(0), SemanticTypeId(830)], [SemanticTypeId(0), SemanticTypeId(830)])
Expr ExprId(5915): Primitive(Bool)
Expr ExprId(4983): Primitive(Bool)
Expr ExprId(7787): Reference(LifetimeId(0), Mutable, SemanticTypeId(796))
Expr ExprId(1594): Primitive(U64)
Expr ExprId(2691): Primitive(U64)
Expr ExprId(11244): Struct(SymbolId(533), [SemanticTypeId(1264), SemanticTypeId(1265)], [SemanticTypeId(1407)])
Expr ExprId(4880): Pointer(Mutable, SemanticTypeId(1704))
Expr ExprId(3755): Function { params: [SemanticTypeId(418)], return_type: SemanticTypeId(4) }
Expr ExprId(8507): Reference(LifetimeId(0), Immutable, SemanticTypeId(786))
Expr ExprId(6670): Primitive(U32)
Expr ExprId(3562): Enum(SymbolId(58), [SemanticTypeId(82)], [SemanticTypeId(82), SemanticTypeId(0)])
Expr ExprId(6867): Primitive(Bool)
Expr ExprId(8072): Primitive(I32)
Expr ExprId(9968): Void
Expr ExprId(819): Primitive(I32)
Expr ExprId(1020): Primitive(I32)
Expr ExprId(4646): Pointer(Immutable, SemanticTypeId(1704))
Expr ExprId(9196): Primitive(U64)
Expr ExprId(6346): Primitive(Usize)
Expr ExprId(7386): Primitive(U8)
Expr ExprId(9267): Primitive(U8)
Expr ExprId(8070): Primitive(U64)
Expr ExprId(2058): Primitive(U64)
Expr ExprId(6948): Primitive(U64)
Expr ExprId(10956): Primitive(U64)
Expr ExprId(9433): Primitive(U64)
Expr ExprId(8958): Primitive(U64)
Expr ExprId(3601): Primitive(Bool)
Expr ExprId(9948): Reference(LifetimeId(0), Mutable, SemanticTypeId(1078))
Expr ExprId(1038): Reference(LifetimeId(0), Immutable, SemanticTypeId(768))
Expr ExprId(3637): Primitive(Bool)
Expr ExprId(2887): Function { params: [SemanticTypeId(672), SemanticTypeId(636)], return_type: SemanticTypeId(0) }
Expr ExprId(6541): Primitive(Bool)
Expr ExprId(1061): Primitive(U128)
Expr ExprId(9151): Function { params: [SemanticTypeId(705), SemanticTypeId(24)], return_type: SemanticTypeId(705) }
Expr ExprId(3118): Reference(LifetimeId(0), Mutable, SemanticTypeId(294))
Expr ExprId(9007): Primitive(U32)
Expr ExprId(11422): Struct(SymbolId(579), [SemanticTypeId(881)], [SemanticTypeId(926)])
Expr ExprId(2079): Pointer(Mutable, SemanticTypeId(535))
Expr ExprId(9552): Primitive(U64)
Expr ExprId(8455): Primitive(I32)
Expr ExprId(3854): Primitive(Bool)
Expr ExprId(8491): Primitive(U8)
Expr ExprId(5992): Function { params: [SemanticTypeId(754), SemanticTypeId(1609)], return_type: SemanticTypeId(831) }
Expr ExprId(6635): Primitive(Bool)
Expr ExprId(1817): Pointer(Mutable, SemanticTypeId(520))
Expr ExprId(8617): Function { params: [], return_type: SemanticTypeId(790) }
Expr ExprId(348): Enum(SymbolId(58), [SemanticTypeId(1883)], [SemanticTypeId(1883), SemanticTypeId(0)])
Expr ExprId(3323): Primitive(I32)
Expr ExprId(6594): Primitive(U64)
Expr ExprId(2530): Pointer(Mutable, SemanticTypeId(532))
Expr ExprId(6325): Primitive(U64)
Expr ExprId(8976): Primitive(I32)
Expr ExprId(7651): Reference(LifetimeId(0), Mutable, SemanticTypeId(794))
Expr ExprId(3607): Primitive(Bool)
Expr ExprId(3403): Primitive(Isize)
Expr ExprId(11005): Pointer(Immutable, SemanticTypeId(1084))
Expr ExprId(4600): Enum(SymbolId(58), [SemanticTypeId(1797)], [SemanticTypeId(1797), SemanticTypeId(0)])
Expr ExprId(10338): Primitive(Bool)
Expr ExprId(8334): Primitive(I32)
Expr ExprId(759): Reference(LifetimeId(0), Immutable, SemanticTypeId(754))
Expr ExprId(6150): Enum(SymbolId(65), [SemanticTypeId(0), SemanticTypeId(830)], [SemanticTypeId(0), SemanticTypeId(830)])
Expr ExprId(5921): Enum(SymbolId(65), [SemanticTypeId(0), SemanticTypeId(830)], [SemanticTypeId(0), SemanticTypeId(830)])
Expr ExprId(9750): Pointer(Mutable, SemanticTypeId(91))
Expr ExprId(159): GenericParam(SymbolId(1020))
Expr ExprId(5277): Void
Expr ExprId(4892): Reference(LifetimeId(0), Mutable, SemanticTypeId(1706))
Expr ExprId(2840): Primitive(U64)
Expr ExprId(1415): Primitive(U64)
Expr ExprId(10765): Reference(LifetimeId(0), Mutable, SemanticTypeId(1078))
Expr ExprId(9443): Primitive(U64)
Expr ExprId(10000): Void
Expr ExprId(2390): Primitive(U64)
Expr ExprId(6658): Primitive(I32)
Expr ExprId(7211): Primitive(U64)
Expr ExprId(11141): Reference(LifetimeId(0), Mutable, SemanticTypeId(1112))
Expr ExprId(3596): Primitive(Bool)
Expr ExprId(2650): Pointer(Mutable, SemanticTypeId(521))
Expr ExprId(6242): Primitive(U64)
Expr ExprId(3910): Primitive(Bool)
Expr ExprId(6915): Function { params: [SemanticTypeId(705), SemanticTypeId(24)], return_type: SemanticTypeId(705) }
Expr ExprId(2491): Pointer(Mutable, SemanticTypeId(532))
Expr ExprId(3166): Primitive(U64)
Expr ExprId(9189): Enum(SymbolId(65), [SemanticTypeId(793), SemanticTypeId(816)], [SemanticTypeId(793), SemanticTypeId(816)])
Expr ExprId(10120): Pointer(Mutable, SemanticTypeId(91))
Expr ExprId(11197): Struct(SymbolId(480), [SemanticTypeId(1264), SemanticTypeId(1265)], [SemanticTypeId(788), SemanticTypeId(885), SemanticTypeId(1266), SemanticTypeId(1267), SemanticTypeId(24), SemanticTypeId(24), SemanticTypeId(24)])
Expr ExprId(5673): Primitive(I32)
Expr ExprId(8212): Primitive(U64)
Expr ExprId(7417): Primitive(I32)
Expr ExprId(7435): Primitive(I32)
Expr ExprId(712): Primitive(U8)
Expr ExprId(11473): Reference(LifetimeId(0), Immutable, SemanticTypeId(881))
Expr ExprId(9001): Primitive(U64)
Expr ExprId(8486): Primitive(Bool)
Expr ExprId(681): Primitive(U64)
Expr ExprId(10991): Primitive(U8)
Expr ExprId(3552): Function { params: [SemanticTypeId(82)], return_type: SemanticTypeId(83) }
Expr ExprId(7884): Primitive(I32)
Expr ExprId(168): Enum(SymbolId(58), [SemanticTypeId(1451)], [SemanticTypeId(1451), SemanticTypeId(0)])
Expr ExprId(8712): Primitive(I32)
Expr ExprId(9851): Pointer(Mutable, SemanticTypeId(24))
Expr ExprId(10245): Primitive(U64)
Expr ExprId(9023): Primitive(U64)
Expr ExprId(9288): Primitive(Bool)
Expr ExprId(5865): Primitive(U128)
Expr ExprId(6410): Primitive(U8)
Expr ExprId(1110): Void
Expr ExprId(9807): Primitive(U64)
Expr ExprId(10286): Reference(LifetimeId(0), Immutable, SemanticTypeId(1074))
Expr ExprId(11148): GenericParam(SymbolId(927))
Expr ExprId(2948): Reference(LifetimeId(0), Mutable, SemanticTypeId(199))
Expr ExprId(8749): Primitive(Bool)
Expr ExprId(7030): Reference(LifetimeId(0), Immutable, SemanticTypeId(790))
Expr ExprId(3945): Primitive(I16)
Expr ExprId(3417): Reference(LifetimeId(0), Immutable, SemanticTypeId(15))
Expr ExprId(1175): Primitive(Bool)
Expr ExprId(7889): Primitive(I32)
Expr ExprId(8339): Primitive(Bool)
Expr ExprId(6622): Primitive(Bool)
Expr ExprId(10858): Primitive(U64)
Expr ExprId(1059): Primitive(Isize)
Expr ExprId(5741): Reference(LifetimeId(0), Immutable, SemanticTypeId(1726))
Expr ExprId(985): Primitive(Bool)
Expr ExprId(4542): Pointer(Mutable, SemanticTypeId(1704))
Expr ExprId(11269): Tuple([SemanticTypeId(1389), SemanticTypeId(1390)])
Expr ExprId(247): Primitive(U64)
Expr ExprId(200): Enum(SymbolId(58), [SemanticTypeId(1452)], [SemanticTypeId(1452), SemanticTypeId(0)])
Expr ExprId(3383): Primitive(I64)
Expr ExprId(3225): Primitive(U8)
Expr ExprId(814): Reference(LifetimeId(0), Immutable, SemanticTypeId(24))
Expr ExprId(3479): Enum(SymbolId(58), [SemanticTypeId(114)], [SemanticTypeId(114), SemanticTypeId(0)])
Expr ExprId(8792): Void
Expr ExprId(2218): Void
Expr ExprId(11174): Struct(SymbolId(504), [SemanticTypeId(1308), SemanticTypeId(1271)], [SemanticTypeId(792), SemanticTypeId(1309), SemanticTypeId(1310), SemanticTypeId(24), SemanticTypeId(24)])
Expr ExprId(4572): Reference(LifetimeId(0), Immutable, SemanticTypeId(1706))
Expr ExprId(8699): Reference(LifetimeId(0), Immutable, SemanticTypeId(790))
Expr ExprId(8938): Primitive(I32)
Expr ExprId(10746): Primitive(U64)
Expr ExprId(1501): Function { params: [SemanticTypeId(705), SemanticTypeId(24)], return_type: SemanticTypeId(705) }
Expr ExprId(7974): Primitive(Bool)
Expr ExprId(10498): Reference(LifetimeId(0), Mutable, SemanticTypeId(1078))
Expr ExprId(621): Primitive(U64)
Expr ExprId(4030): GenericParam(SymbolId(444))
Expr ExprId(538): Primitive(U64)
Expr ExprId(3011): GenericParam(SymbolId(202))
Expr ExprId(11322): Enum(SymbolId(58), [SemanticTypeId(978)], [SemanticTypeId(978), SemanticTypeId(0)])
Expr ExprId(10928): Primitive(U64)
Expr ExprId(2266): Primitive(Bool)
Expr ExprId(9678): Primitive(U64)
Expr ExprId(4072): GenericParam(SymbolId(450))
Expr ExprId(3310): Primitive(Bool)
Expr ExprId(4379): Enum(SymbolId(58), [SemanticTypeId(1755)], [SemanticTypeId(1755), SemanticTypeId(0)])
Expr ExprId(4398): Reference(LifetimeId(0), Mutable, SemanticTypeId(1724))
Expr ExprId(9414): Pointer(Mutable, SemanticTypeId(1149))
Expr ExprId(5211): Void
Expr ExprId(6826): Struct(SymbolId(351), [], [SemanticTypeId(789)])
Expr ExprId(8388): Primitive(U8)
Expr ExprId(4218): Function { params: [SemanticTypeId(1166)], return_type: SemanticTypeId(0) }
Expr ExprId(302): GenericParam(SymbolId(1210))
Expr ExprId(9061): Void
Expr ExprId(2455): Primitive(U64)
Expr ExprId(3696): Void
Expr ExprId(2389): Primitive(I32)
Expr ExprId(7739): Reference(LifetimeId(0), Immutable, SemanticTypeId(786))
Expr ExprId(5801): Primitive(U64)
Expr ExprId(4064): GenericParam(SymbolId(451))
Expr ExprId(5756): Primitive(Bool)
Expr ExprId(5182): Primitive(U64)
Expr ExprId(10334): Primitive(U64)
Expr ExprId(3026): Struct(SymbolId(184), [SemanticTypeId(198), SemanticTypeId(163)], [SemanticTypeId(198), SemanticTypeId(24)])
Expr ExprId(7652): Pointer(Immutable, SemanticTypeId(91))
Expr ExprId(9188): Enum(SymbolId(363), [], [SemanticTypeId(24), SemanticTypeId(0)])
Expr ExprId(7755): Void
Expr ExprId(9040): Primitive(U64)
Expr ExprId(5680): Primitive(U64)
Expr ExprId(936): Reference(LifetimeId(0), Immutable, SemanticTypeId(758))
Expr ExprId(817): Primitive(U64)
Expr ExprId(10966): Struct(SymbolId(480), [SemanticTypeId(1084), SemanticTypeId(1085)], [SemanticTypeId(788), SemanticTypeId(885), SemanticTypeId(1086), SemanticTypeId(1087), SemanticTypeId(24), SemanticTypeId(24), SemanticTypeId(24)])
Expr ExprId(4336): Primitive(U64)
Expr ExprId(7448): Primitive(U64)
Expr ExprId(1611): Void
Expr ExprId(1312): Pointer(Mutable, SemanticTypeId(587))
Expr ExprId(11386): Primitive(Bool)
Expr ExprId(9858): Pointer(Mutable, SemanticTypeId(1074))
Expr ExprId(4278): Primitive(U64)
Expr ExprId(4924): Pointer(Immutable, SemanticTypeId(1704))
Expr ExprId(7597): Reference(LifetimeId(0), Mutable, SemanticTypeId(794))
Expr ExprId(8690): Pointer(Immutable, SemanticTypeId(91))
Expr ExprId(7281): Primitive(U64)
Expr ExprId(9509): Primitive(U64)
Expr ExprId(11048): Pointer(Immutable, SemanticTypeId(91))
Expr ExprId(2601): GenericParam(SymbolId(1678))
Expr ExprId(3012): Function { params: [SemanticTypeId(201)], return_type: SemanticTypeId(202) }
Expr ExprId(6938): Never
Expr ExprId(5864): Primitive(U128)
Expr ExprId(5448): Reference(LifetimeId(0), Mutable, SemanticTypeId(1706))
Expr ExprId(11230): Reference(LifetimeId(0), Mutable, SemanticTypeId(1269))
Expr ExprId(9003): Primitive(I32)
Expr ExprId(1402): Pointer(Immutable, SemanticTypeId(3))
Expr ExprId(9515): Primitive(U64)
Expr ExprId(11631): Void
Expr ExprId(888): Primitive(I32)
Expr ExprId(6805): Function { params: [SemanticTypeId(24)], return_type: SemanticTypeId(875) }
Expr ExprId(3768): Enum(SymbolId(58), [SemanticTypeId(385)], [SemanticTypeId(385), SemanticTypeId(0)])
Expr ExprId(8713): Primitive(U64)
Expr ExprId(8186): Primitive(U8)
Expr ExprId(3970): Primitive(I64)
Expr ExprId(11133): Function { params: [SemanticTypeId(705), SemanticTypeId(24)], return_type: SemanticTypeId(705) }
Expr ExprId(5648): Function { params: [SemanticTypeId(630)], return_type: SemanticTypeId(0) }
Expr ExprId(4611): Primitive(U64)
Expr ExprId(765): Primitive(I128)
Expr ExprId(2969): Enum(SymbolId(58), [SemanticTypeId(49)], [SemanticTypeId(49), SemanticTypeId(0)])
Expr ExprId(7701): Primitive(U8)
Expr ExprId(7486): Primitive(I32)
Expr ExprId(8253): Primitive(U64)
Expr ExprId(1965): Function { params: [SemanticTypeId(709), SemanticTypeId(24)], return_type: SemanticTypeId(709) }
Expr ExprId(7802): Reference(LifetimeId(0), Mutable, SemanticTypeId(796))
Expr ExprId(6572): Primitive(U8)
Expr ExprId(7012): Primitive(U64)
Expr ExprId(11526): Primitive(Bool)
Expr ExprId(11497): GenericParam(SymbolId(897))
Expr ExprId(582): Pointer(Immutable, SemanticTypeId(91))
Expr ExprId(1307): Void
Expr ExprId(5795): Enum(SymbolId(65), [SemanticTypeId(0), SemanticTypeId(830)], [SemanticTypeId(0), SemanticTypeId(830)])
Expr ExprId(10243): Reference(LifetimeId(0), Mutable, SemanticTypeId(1078))
Expr ExprId(877): Primitive(I16)
Expr ExprId(3954): Enum(SymbolId(58), [SemanticTypeId(3)], [SemanticTypeId(3), SemanticTypeId(0)])
Expr ExprId(7888): Primitive(U8)
Expr ExprId(6602): Reference(LifetimeId(0), Immutable, SemanticTypeId(786))
Expr ExprId(3917): Primitive(Usize)
Expr ExprId(7826): Primitive(U8)
Expr ExprId(1527): Primitive(U64)
Expr ExprId(6328): Primitive(U64)
Expr ExprId(4931): Primitive(I32)
Expr ExprId(11235): Struct(SymbolId(480), [SemanticTypeId(1264), SemanticTypeId(1265)], [SemanticTypeId(788), SemanticTypeId(885), SemanticTypeId(1266), SemanticTypeId(1267), SemanticTypeId(24), SemanticTypeId(24), SemanticTypeId(24)])
Expr ExprId(2600): Pointer(Mutable, SemanticTypeId(532))
Expr ExprId(118): Enum(SymbolId(58), [SemanticTypeId(1451)], [SemanticTypeId(1451), SemanticTypeId(0)])
Expr ExprId(2729): Primitive(I32)
Expr ExprId(5572): Primitive(U64)
Expr ExprId(1899): Primitive(U64)
Expr ExprId(8379): Primitive(I32)
Expr ExprId(8265): Primitive(U64)
Expr ExprId(8813): Primitive(Usize)
Expr ExprId(4917): Reference(LifetimeId(0), Mutable, SemanticTypeId(1706))
Expr ExprId(4515): Pointer(Mutable, SemanticTypeId(1704))
Expr ExprId(339): Enum(SymbolId(58), [SemanticTypeId(1883)], [SemanticTypeId(1883), SemanticTypeId(0)])
Expr ExprId(9092): Reference(LifetimeId(0), Immutable, SemanticTypeId(790))
Expr ExprId(3043): Enum(SymbolId(58), [SemanticTypeId(205)], [SemanticTypeId(205), SemanticTypeId(0)])
Expr ExprId(1345): Primitive(U64)
Expr ExprId(1268): Enum(SymbolId(58), [SemanticTypeId(685)], [SemanticTypeId(685), SemanticTypeId(0)])
Expr ExprId(10552): Primitive(U64)
Expr ExprId(10491): Reference(LifetimeId(0), Mutable, SemanticTypeId(1078))
Expr ExprId(5871): Primitive(I128)
Expr ExprId(7416): Primitive(U64)
Expr ExprId(3148): Primitive(Bool)
Expr ExprId(8851): Primitive(U64)
Expr ExprId(567): Pointer(Mutable, SemanticTypeId(1677))
Expr ExprId(4166): Pointer(Mutable, SemanticTypeId(1842))
Expr ExprId(10291): Enum(SymbolId(477), [], [SemanticTypeId(24), SemanticTypeId(24)])
Expr ExprId(11368): Struct(SymbolId(579), [SemanticTypeId(893)], [SemanticTypeId(896)])
Expr ExprId(7177): Primitive(U8)
Expr ExprId(11379): Struct(SymbolId(576), [SemanticTypeId(893)], [SemanticTypeId(1028)])
Expr ExprId(10339): Reference(LifetimeId(0), Immutable, SemanticTypeId(1074))
Expr ExprId(5130): Pointer(Mutable, SemanticTypeId(1704))
Expr ExprId(7670): Pointer(Immutable, SemanticTypeId(91))
Expr ExprId(10038): Pointer(Mutable, SemanticTypeId(24))
Expr ExprId(3960): Void
Expr ExprId(2927): Reference(LifetimeId(0), Mutable, SemanticTypeId(103))
Expr ExprId(9219): Pointer(Immutable, SemanticTypeId(91))
Expr ExprId(6831): Primitive(U64)
Expr ExprId(1559): Primitive(U64)
Expr ExprId(7931): Reference(LifetimeId(0), Immutable, SemanticTypeId(786))
Expr ExprId(8475): Primitive(Bool)
Expr ExprId(7018): Primitive(U64)
Expr ExprId(2974): Primitive(U64)
Expr ExprId(7869): Primitive(U64)
Expr ExprId(4141): Reference(LifetimeId(0), Immutable, SemanticTypeId(422))
Expr ExprId(10053): Void
Expr ExprId(2702): Primitive(Bool)
Expr ExprId(6445): Primitive(Bool)
Expr ExprId(6344): Primitive(U64)
Expr ExprId(7283): Void
Expr ExprId(6421): Primitive(U64)
Expr ExprId(8714): Primitive(U64)
Expr ExprId(4016): Primitive(U64)
Expr ExprId(2473): Pointer(Mutable, SemanticTypeId(532))
Expr ExprId(6323): Primitive(U128)
Expr ExprId(9653): Primitive(U64)
Expr ExprId(11569): Primitive(Bool)
Expr ExprId(918): Primitive(I32)
Expr ExprId(11430): Enum(SymbolId(58), [SemanticTypeId(882)], [SemanticTypeId(882), SemanticTypeId(0)])
Expr ExprId(1052): Reference(LifetimeId(0), Immutable, SemanticTypeId(11))
Expr ExprId(6409): Primitive(I32)
Expr ExprId(5643): Function { params: [SemanticTypeId(512), SemanticTypeId(575)], return_type: SemanticTypeId(442) }
Expr ExprId(3986): Primitive(Isize)
Expr ExprId(6483): Primitive(U64)
Expr ExprId(4555): Reference(LifetimeId(0), Immutable, SemanticTypeId(1706))
Expr ExprId(9588): Primitive(U64)
Expr ExprId(11073): Tuple([SemanticTypeId(1143), SemanticTypeId(1114)])
Expr ExprId(5709): GenericParam(SymbolId(1185))
Expr ExprId(1575): Primitive(U64)
Expr ExprId(11383): Enum(SymbolId(58), [SemanticTypeId(960)], [SemanticTypeId(960), SemanticTypeId(0)])
Expr ExprId(9914): Primitive(U64)
Expr ExprId(6481): Primitive(U64)
Expr ExprId(3609): Enum(SymbolId(58), [SemanticTypeId(83)], [SemanticTypeId(83), SemanticTypeId(0)])
Expr ExprId(2208): Function { params: [SemanticTypeId(709), SemanticTypeId(24)], return_type: SemanticTypeId(709) }
Expr ExprId(7344): Void
Expr ExprId(3331): Reference(LifetimeId(0), Immutable, SemanticTypeId(36))
Expr ExprId(2327): Primitive(Bool)
Expr ExprId(7515): Primitive(U8)
Expr ExprId(5962): Enum(SymbolId(65), [SemanticTypeId(0), SemanticTypeId(830)], [SemanticTypeId(0), SemanticTypeId(830)])
Expr ExprId(2497): Primitive(U64)
Expr ExprId(1796): Primitive(Bool)
Expr ExprId(7587): Primitive(U32)
Expr ExprId(3565): Function { params: [SemanticTypeId(82)], return_type: SemanticTypeId(83) }
Expr ExprId(5704): Primitive(U64)
Expr ExprId(4397): Void
Expr ExprId(4006): Primitive(Bool)
Expr ExprId(6294): Reference(LifetimeId(0), Immutable, SemanticTypeId(36))
Expr ExprId(1270): Primitive(Usize)
Expr ExprId(1665): Function { params: [SemanticTypeId(528), SemanticTypeId(528)], return_type: SemanticTypeId(3) }
Expr ExprId(7394): Primitive(U32)
Expr ExprId(8191): Primitive(I32)
Expr ExprId(6047): Primitive(Char)
Expr ExprId(9958): Void
Expr ExprId(6381): Primitive(Bool)
Expr ExprId(6146): Enum(SymbolId(65), [SemanticTypeId(0), SemanticTypeId(830)], [SemanticTypeId(0), SemanticTypeId(830)])
Expr ExprId(10696): Pointer(Mutable, SemanticTypeId(1075))
Expr ExprId(5888): Enum(SymbolId(65), [SemanticTypeId(0), SemanticTypeId(830)], [SemanticTypeId(0), SemanticTypeId(830)])
Expr ExprId(6491): Primitive(I32)
Expr ExprId(5094): Primitive(I32)
Expr ExprId(5441): Primitive(I32)
Expr ExprId(4239): Primitive(U8)
Expr ExprId(5024): Void
Expr ExprId(3673): Enum(SymbolId(58), [SemanticTypeId(115)], [SemanticTypeId(115), SemanticTypeId(0)])
Expr ExprId(3827): Primitive(U64)
Expr ExprId(8056): Primitive(U64)
Expr ExprId(1628): Primitive(I32)
Expr ExprId(7006): Primitive(U64)
Expr ExprId(1123): Enum(SymbolId(58), [SemanticTypeId(556)], [SemanticTypeId(556), SemanticTypeId(0)])
Expr ExprId(3191): Enum(SymbolId(58), [SemanticTypeId(62)], [SemanticTypeId(62), SemanticTypeId(0)])
Expr ExprId(8442): Primitive(U64)
Expr ExprId(8583): Function { params: [SemanticTypeId(91)], return_type: SemanticTypeId(4) }
Expr ExprId(9859): Primitive(U64)
Expr ExprId(2954): Reference(LifetimeId(0), Mutable, SemanticTypeId(199))
Expr ExprId(6894): Reference(LifetimeId(0), Immutable, SemanticTypeId(790))
Expr ExprId(9483): Primitive(U64)
Expr ExprId(9487): Function { params: [], return_type: SemanticTypeId(24) }
Expr ExprId(10142): Primitive(U64)
Expr ExprId(3138): Enum(SymbolId(58), [SemanticTypeId(13)], [SemanticTypeId(13), SemanticTypeId(0)])
Expr ExprId(4587): Primitive(U64)
Expr ExprId(5252): Void
Expr ExprId(9428): Primitive(Bool)
Expr ExprId(10565): Primitive(I32)
Expr ExprId(11389): Primitive(Bool)
Expr ExprId(6962): Primitive(Usize)
Expr ExprId(3679): Struct(SymbolId(332), [SemanticTypeId(78), SemanticTypeId(281), SemanticTypeId(73)], [SemanticTypeId(78), SemanticTypeId(282)])
Expr ExprId(8829): Primitive(U64)
Expr ExprId(9249): Reference(LifetimeId(0), Immutable, SemanticTypeId(786))
Expr ExprId(9497): Function { params: [], return_type: SemanticTypeId(24) }
Expr ExprId(5100): Primitive(I32)
Expr ExprId(4047): Enum(SymbolId(58), [SemanticTypeId(406)], [SemanticTypeId(406), SemanticTypeId(0)])
Expr ExprId(2391): Primitive(U64)
Expr ExprId(6584): Primitive(Bool)
Expr ExprId(7201): Primitive(I32)
Expr ExprId(9505): Function { params: [SemanticTypeId(24), SemanticTypeId(24)], return_type: SemanticTypeId(788) }
Expr ExprId(5781): Enum(SymbolId(65), [SemanticTypeId(0), SemanticTypeId(830)], [SemanticTypeId(0), SemanticTypeId(830)])
Expr ExprId(6897): Reference(LifetimeId(0), Immutable, SemanticTypeId(790))
Expr ExprId(7970): Primitive(U64)
Expr ExprId(3904): Void
Expr ExprId(2487): Primitive(U64)
Expr ExprId(1990): Primitive(U64)
Expr ExprId(1435): Primitive(U64)
Expr ExprId(9177): Reference(LifetimeId(0), Immutable, SemanticTypeId(786))
Expr ExprId(9353): Struct(SymbolId(351), [], [SemanticTypeId(789)])
Expr ExprId(10182): Primitive(U64)
Expr ExprId(9630): Primitive(U64)
Expr ExprId(10632): Pointer(Immutable, SemanticTypeId(1074))
Expr ExprId(9778): Pointer(Mutable, SemanticTypeId(24))
Expr ExprId(1036): Reference(LifetimeId(0), Immutable, SemanticTypeId(4))
Expr ExprId(8031): Primitive(Bool)
Expr ExprId(2087): Pointer(Mutable, SemanticTypeId(535))
Expr ExprId(8002): Primitive(U8)
Expr ExprId(6462): Primitive(U8)
Expr ExprId(3140): GenericParam(SymbolId(258))
Expr ExprId(9446): Void
Expr ExprId(11272): GenericParam(SymbolId(991))
Expr ExprId(198): Enum(SymbolId(58), [SemanticTypeId(1453)], [SemanticTypeId(1453), SemanticTypeId(0)])
Expr ExprId(453): Primitive(U64)
Expr ExprId(4639): Reference(LifetimeId(0), Immutable, SemanticTypeId(1706))
Expr ExprId(4715): Primitive(U64)
Expr ExprId(5214): Primitive(I32)
Expr ExprId(3744): Primitive(Bool)
Expr ExprId(2075): Primitive(I32)
Expr ExprId(3751): GenericParam(SymbolId(406))
Expr ExprId(1683): Primitive(U64)
Expr ExprId(6245): Primitive(U64)
Expr ExprId(11117): Primitive(U64)
Expr ExprId(9974): Pointer(Mutable, SemanticTypeId(1074))
Expr ExprId(10366): Function { params: [SemanticTypeId(709), SemanticTypeId(24)], return_type: SemanticTypeId(709) }
Expr ExprId(8376): Reference(LifetimeId(0), Immutable, SemanticTypeId(786))
Expr ExprId(1713): Primitive(U64)
Expr ExprId(8246): Primitive(U64)
Expr ExprId(10908): Pointer(Mutable, SemanticTypeId(91))
Expr ExprId(6523): Primitive(Bool)
Expr ExprId(4871): Function { params: [SemanticTypeId(788), SemanticTypeId(24), SemanticTypeId(24)], return_type: SemanticTypeId(0) }
Expr ExprId(9869): Pointer(Mutable, SemanticTypeId(1075))
Expr ExprId(3773): Reference(LifetimeId(0), Immutable, SemanticTypeId(385))
Expr ExprId(4408): Primitive(I32)
Expr ExprId(3867): Primitive(U16)
Expr ExprId(10469): Reference(LifetimeId(0), Mutable, SemanticTypeId(1078))
Expr ExprId(6366): Primitive(U8)
Expr ExprId(6855): Primitive(Bool)
Expr ExprId(1427): Primitive(U64)
Expr ExprId(5192): Void
Expr ExprId(8370): Primitive(U64)
Expr ExprId(1534): Void
Expr ExprId(4154): Enum(SymbolId(58), [SemanticTypeId(422)], [SemanticTypeId(422), SemanticTypeId(0)])
Expr ExprId(8104): Primitive(U64)
Expr ExprId(10174): Primitive(U64)
Expr ExprId(9833): Reference(LifetimeId(0), Mutable, SemanticTypeId(1078))
Expr ExprId(298): Enum(SymbolId(65), [SemanticTypeId(1869), SemanticTypeId(1870)], [SemanticTypeId(1869), SemanticTypeId(1870)])
Expr ExprId(10977): Primitive(U64)
Expr ExprId(4255): Primitive(I32)
Expr ExprId(8914): Struct(SymbolId(33), [SemanticTypeId(790)], [SemanticTypeId(801), SemanticTypeId(24), SemanticTypeId(24)])
Expr ExprId(11261): Struct(SymbolId(537), [SemanticTypeId(1295), SemanticTypeId(1296)], [SemanticTypeId(1400)])
Expr ExprId(8480): Primitive(I32)
Expr ExprId(10433): Primitive(U8)
Expr ExprId(6108): Enum(SymbolId(467), [], [SemanticTypeId(0)])
Expr ExprId(5671): Reference(LifetimeId(0), Mutable, SemanticTypeId(1790))
Expr ExprId(1579): Primitive(U64)
Expr ExprId(1434): Primitive(U64)
Expr ExprId(3948): Primitive(I16)
Expr ExprId(606): Primitive(U64)
Expr ExprId(9984): Function { params: [SemanticTypeId(709), SemanticTypeId(24)], return_type: SemanticTypeId(709) }
Expr ExprId(11461): Void
Expr ExprId(6107): Enum(SymbolId(65), [SemanticTypeId(0), SemanticTypeId(830)], [SemanticTypeId(0), SemanticTypeId(830)])
Expr ExprId(5472): Struct(SymbolId(33), [SemanticTypeId(1704)], [SemanticTypeId(1705), SemanticTypeId(24), SemanticTypeId(24)])
Expr ExprId(4200): Reference(LifetimeId(0), Immutable, SemanticTypeId(1850))
Expr ExprId(7286): Primitive(U8)
Expr ExprId(10427): Reference(LifetimeId(0), Mutable, SemanticTypeId(1078))
Expr ExprId(10102): Primitive(U64)
Expr ExprId(6515): Primitive(U64)
Expr ExprId(1394): Primitive(Usize)
Expr ExprId(217): Enum(SymbolId(65), [SemanticTypeId(1889), SemanticTypeId(1890)], [SemanticTypeId(1889), SemanticTypeId(1890)])
Expr ExprId(49): Primitive(I32)
Expr ExprId(8655): Function { params: [], return_type: SemanticTypeId(790) }
Expr ExprId(2609): Primitive(I32)
Expr ExprId(5012): Pointer(Mutable, SemanticTypeId(1704))
Expr ExprId(10091): Pointer(Mutable, SemanticTypeId(1075))
Expr ExprId(10946): Primitive(U64)
Expr ExprId(3170): Void
Expr ExprId(6420): Reference(LifetimeId(0), Immutable, SemanticTypeId(786))
Expr ExprId(11617): Struct(SymbolId(184), [SemanticTypeId(1972), SemanticTypeId(3)], [SemanticTypeId(1972), SemanticTypeId(24)])
Expr ExprId(5971): Primitive(U8)
Expr ExprId(3776): GenericParam(SymbolId(408))
Expr ExprId(1641): Primitive(U64)
Expr ExprId(9892): Pointer(Mutable, SemanticTypeId(1075))
Expr ExprId(11203): Primitive(Bool)
Expr ExprId(6201): Primitive(I64)
Expr ExprId(867): Reference(LifetimeId(0), Immutable, SemanticTypeId(36))
Expr ExprId(3326): Reference(LifetimeId(0), Immutable, SemanticTypeId(36))
Expr ExprId(3365): Reference(LifetimeId(0), Immutable, SemanticTypeId(3))
Expr ExprId(6058): Enum(SymbolId(467), [], [SemanticTypeId(0)])
Expr ExprId(3794): Primitive(Bool)
Expr ExprId(5110): Primitive(I32)
Expr ExprId(4241): Primitive(U16)
Expr ExprId(1776): Primitive(U64)
Expr ExprId(6279): Function { params: [SemanticTypeId(24)], return_type: SemanticTypeId(24) }
Expr ExprId(3109): Function { params: [SemanticTypeId(297)], return_type: SemanticTypeId(324) }
Expr ExprId(1821): Pointer(Mutable, SemanticTypeId(520))
Expr ExprId(6564): Primitive(U8)
Expr ExprId(2311): Primitive(U64)
Expr ExprId(11137): Primitive(I32)
Expr ExprId(3162): Enum(SymbolId(58), [SemanticTypeId(138)], [SemanticTypeId(138), SemanticTypeId(0)])
Expr ExprId(6772): Primitive(I32)
Expr ExprId(9531): Pointer(Mutable, SemanticTypeId(1108))
Expr ExprId(10897): Reference(LifetimeId(0), Mutable, SemanticTypeId(1105))
Expr ExprId(6025): Enum(SymbolId(65), [SemanticTypeId(0), SemanticTypeId(830)], [SemanticTypeId(0), SemanticTypeId(830)])
Expr ExprId(696): Primitive(I32)
Expr ExprId(5407): Reference(LifetimeId(0), Mutable, SemanticTypeId(1706))
Expr ExprId(8633): Primitive(I32)
Expr ExprId(6248): Primitive(U64)
Expr ExprId(3821): GenericParam(SymbolId(414))
Expr ExprId(11634): Enum(SymbolId(58), [SemanticTypeId(129)], [SemanticTypeId(129), SemanticTypeId(0)])
Expr ExprId(10973): Reference(LifetimeId(0), Mutable, SemanticTypeId(1089))
Expr ExprId(5788): Primitive(Bool)
Expr ExprId(3081): Enum(SymbolId(58), [SemanticTypeId(249)], [SemanticTypeId(249), SemanticTypeId(0)])
Expr ExprId(1481): Function { params: [SemanticTypeId(705), SemanticTypeId(24)], return_type: SemanticTypeId(705) }
Expr ExprId(7459): Primitive(U32)
Expr ExprId(8293): Primitive(U64)
Expr ExprId(9230): Pointer(Immutable, SemanticTypeId(91))
Expr ExprId(10796): Pointer(Immutable, SemanticTypeId(1074))
Expr ExprId(1054): Reference(LifetimeId(0), Immutable, SemanticTypeId(3))
Expr ExprId(2471): Pointer(Mutable, SemanticTypeId(532))
Expr ExprId(11020): Function { params: [SemanticTypeId(714)], return_type: SemanticTypeId(713) }
Expr ExprId(3019): GenericParam(SymbolId(209))
Expr ExprId(3752): Enum(SymbolId(58), [SemanticTypeId(418)], [SemanticTypeId(418), SemanticTypeId(0)])
Expr ExprId(4246): Primitive(I32)
Expr ExprId(3797): Enum(SymbolId(58), [SemanticTypeId(24)], [SemanticTypeId(24), SemanticTypeId(0)])
Expr ExprId(7570): Primitive(U8)
Expr ExprId(7091): Primitive(Bool)
Expr ExprId(7834): Primitive(U8)
Expr ExprId(8287): Primitive(Bool)
Expr ExprId(1028): Primitive(U64)
Expr ExprId(5981): Function { params: [SemanticTypeId(24), SemanticTypeId(1592)], return_type: SemanticTypeId(831) }
Expr ExprId(7251): Primitive(I32)
Expr ExprId(7046): Primitive(U64)
Expr ExprId(10289): Reference(LifetimeId(0), Immutable, SemanticTypeId(1074))
Expr ExprId(3435): Reference(LifetimeId(0), Mutable, SemanticTypeId(106))
Expr ExprId(11262): Enum(SymbolId(58), [SemanticTypeId(1391)], [SemanticTypeId(1391), SemanticTypeId(0)])
Expr ExprId(5015): Primitive(U64)
Expr ExprId(9689): Primitive(U64)
Expr ExprId(8946): Primitive(U8)
Expr ExprId(154): Never
Expr ExprId(11173): Reference(LifetimeId(0), Mutable, SemanticTypeId(1312))
Expr ExprId(5272): Reference(LifetimeId(0), Mutable, SemanticTypeId(1706))
Expr ExprId(4112): Function { params: [SemanticTypeId(453), SemanticTypeId(453)], return_type: SemanticTypeId(3) }
Expr ExprId(8575): Primitive(I32)
Expr ExprId(4226): Primitive(U64)
Expr ExprId(2708): Primitive(U64)
Expr ExprId(2494): Void
Expr ExprId(9821): Enum(SymbolId(477), [], [SemanticTypeId(24), SemanticTypeId(24)])
Expr ExprId(5228): Primitive(U64)
Expr ExprId(9574): Primitive(U64)
Expr ExprId(9840): Void
Expr ExprId(8046): Primitive(U64)
Expr ExprId(2151): Pointer(Immutable, SemanticTypeId(564))
Expr ExprId(8563): Primitive(U64)
Expr ExprId(2709): Primitive(Bool)
Expr ExprId(4976): Function { params: [SemanticTypeId(1719)], return_type: SemanticTypeId(4) }
Expr ExprId(8906): Primitive(U32)
Expr ExprId(2613): Primitive(I32)
Expr ExprId(2714): Primitive(U64)
Expr ExprId(2445): Primitive(I32)
Expr ExprId(3928): Primitive(I8)
Expr ExprId(10824): Primitive(U8)
Expr ExprId(3610): Enum(SymbolId(58), [SemanticTypeId(83)], [SemanticTypeId(83), SemanticTypeId(0)])
Expr ExprId(905): Primitive(I64)
Expr ExprId(4904): Primitive(I32)
Expr ExprId(7336): Enum(SymbolId(65), [SemanticTypeId(0), SemanticTypeId(830)], [SemanticTypeId(0), SemanticTypeId(830)])
Expr ExprId(2624): Primitive(U64)
Expr ExprId(1992): Primitive(I32)
Expr ExprId(10575): Pointer(Mutable, SemanticTypeId(91))
Expr ExprId(11562): Primitive(Bool)
Expr ExprId(3212): Reference(LifetimeId(0), Immutable, SemanticTypeId(52))
Expr ExprId(10156): Pointer(Mutable, SemanticTypeId(1074))
Expr ExprId(1389): Primitive(U64)
Expr ExprId(9699): Reference(LifetimeId(0), Immutable, SemanticTypeId(1078))
Expr ExprId(7135): Primitive(U8)
Expr ExprId(475): Primitive(I64)
Expr ExprId(3083): GenericParam(SymbolId(719))
Expr ExprId(1095): Primitive(I32)
Expr ExprId(1089): Primitive(U64)
Expr ExprId(6547): Primitive(Bool)
Expr ExprId(5613): Reference(LifetimeId(0), Mutable, SemanticTypeId(1706))
Expr ExprId(2068): Pointer(Mutable, SemanticTypeId(535))
Expr ExprId(4505): Reference(LifetimeId(0), Mutable, SemanticTypeId(1706))
Expr ExprId(7209): Primitive(U64)
Expr ExprId(8177): Primitive(U64)
Expr ExprId(1864): Primitive(U64)
Expr ExprId(10253): Reference(LifetimeId(0), Mutable, SemanticTypeId(1078))
Expr ExprId(2520): Pointer(Immutable, SemanticTypeId(532))
Expr ExprId(6355): Primitive(U8)
Expr ExprId(10078): Reference(LifetimeId(0), Mutable, SemanticTypeId(1078))
Expr ExprId(659): Struct(SymbolId(645), [], [SemanticTypeId(24), SemanticTypeId(24)])
Expr ExprId(2485): Pointer(Mutable, SemanticTypeId(532))
Expr ExprId(6426): Reference(LifetimeId(0), Immutable, SemanticTypeId(786))
Expr ExprId(6862): Struct(SymbolId(33), [SemanticTypeId(91)], [SemanticTypeId(788), SemanticTypeId(24), SemanticTypeId(24)])
Expr ExprId(8546): Void
Expr ExprId(9764): Primitive(U64)
Expr ExprId(9051): Primitive(U64)
Expr ExprId(515): Primitive(U64)
Expr ExprId(9067): Primitive(U32)
Expr ExprId(6284): Function { params: [SemanticTypeId(24)], return_type: SemanticTypeId(24) }
Expr ExprId(6024): Reference(LifetimeId(0), Mutable, SemanticTypeId(1535))
Expr ExprId(8124): Primitive(Usize)
Expr ExprId(428): Pointer(Immutable, SemanticTypeId(713))
Expr ExprId(2016): Primitive(U64)
Expr ExprId(7097): Primitive(U8)
Expr ExprId(10238): Pointer(Mutable, SemanticTypeId(1074))
Expr ExprId(2955): Primitive(U64)
Expr ExprId(3964): Primitive(I64)
Expr ExprId(1230): Reference(LifetimeId(0), Immutable, SemanticTypeId(657))
Expr ExprId(1997): Primitive(U64)
Expr ExprId(7280): Primitive(I32)
Expr ExprId(3144): Reference(LifetimeId(0), Mutable, SemanticTypeId(279))
Expr ExprId(6176): Function { params: [SemanticTypeId(24), SemanticTypeId(1592)], return_type: SemanticTypeId(831) }
Expr ExprId(4694): Primitive(U64)
Expr ExprId(8061): Primitive(U64)
Expr ExprId(8109): Function { params: [SemanticTypeId(705), SemanticTypeId(24)], return_type: SemanticTypeId(705) }
Expr ExprId(7061): Void
Expr ExprId(7567): Primitive(U8)
Expr ExprId(806): Primitive(I32)
Expr ExprId(861): Reference(LifetimeId(0), Immutable, SemanticTypeId(36))
Expr ExprId(8941): Primitive(U8)
Expr ExprId(8150): Primitive(U64)
Expr ExprId(5309): Reference(LifetimeId(0), Mutable, SemanticTypeId(1706))
Expr ExprId(1555): Primitive(U64)
Expr ExprId(6418): Primitive(Bool)
Expr ExprId(4425): Pointer(Mutable, SemanticTypeId(91))
Expr ExprId(8635): Primitive(U64)
Expr ExprId(80): Primitive(I32)
Expr ExprId(8692): Primitive(String)
Expr ExprId(2949): Primitive(U64)
Expr ExprId(1263): Pointer(Mutable, SemanticTypeId(524))
Expr ExprId(8439): Function { params: [SemanticTypeId(24)], return_type: SemanticTypeId(875) }
Expr ExprId(5104): Reference(LifetimeId(0), Mutable, SemanticTypeId(1706))
Expr ExprId(5317): Reference(LifetimeId(0), Mutable, SemanticTypeId(1706))
Expr ExprId(8234): Primitive(Bool)
Expr ExprId(8215): Primitive(U64)
Expr ExprId(2760): Primitive(U64)
Expr ExprId(11084): Primitive(U64)
Expr ExprId(860): Primitive(I8)
Expr ExprId(8094): Primitive(Usize)
Expr ExprId(5644): Enum(SymbolId(58), [SemanticTypeId(24)], [SemanticTypeId(24), SemanticTypeId(0)])
Expr ExprId(711): Reference(LifetimeId(0), Immutable, SemanticTypeId(91))
Expr ExprId(6704): Primitive(U32)
Expr ExprId(5003): Primitive(U64)
Expr ExprId(2039): Primitive(U64)
Expr ExprId(9187): Enum(SymbolId(65), [SemanticTypeId(793), SemanticTypeId(816)], [SemanticTypeId(793), SemanticTypeId(816)])
Expr ExprId(9945): Primitive(Bool)
Expr ExprId(891): Reference(LifetimeId(0), Immutable, SemanticTypeId(3))
Expr ExprId(10097): Reference(LifetimeId(0), Mutable, SemanticTypeId(1075))
Expr ExprId(8041): Primitive(U64)
Expr ExprId(8195): Primitive(Bool)
Expr ExprId(489): Primitive(U64)
Expr ExprId(3234): Primitive(U8)
Expr ExprId(1835): Primitive(U64)
Expr ExprId(2312): Void
Expr ExprId(6403): Void
Expr ExprId(6737): Reference(LifetimeId(0), Mutable, SemanticTypeId(789))
Expr ExprId(6554): Primitive(U8)
Expr ExprId(6232): Primitive(U64)
Expr ExprId(9002): Primitive(U8)
Expr ExprId(2736): Primitive(I32)
Expr ExprId(10119): Function { params: [SemanticTypeId(709), SemanticTypeId(24)], return_type: SemanticTypeId(709) }
Expr ExprId(10753): Pointer(Mutable, SemanticTypeId(1074))
Expr ExprId(7777): Primitive(U32)
Expr ExprId(7452): Primitive(U8)
Expr ExprId(11136): Primitive(U8)
Expr ExprId(9647): Primitive(U64)
Expr ExprId(706): Reference(LifetimeId(0), Immutable, SemanticTypeId(768))
Expr ExprId(7798): Primitive(I32)
Expr ExprId(8227): Primitive(Bool)
Expr ExprId(783): Primitive(I32)
Expr ExprId(5995): Reference(LifetimeId(0), Mutable, SemanticTypeId(1598))
Expr ExprId(261): Reference(LifetimeId(0), Mutable, SemanticTypeId(1870))
Expr ExprId(3598): Void
Expr ExprId(7990): Primitive(U64)
Expr ExprId(4859): Reference(LifetimeId(0), Mutable, SemanticTypeId(1706))
Expr ExprId(4367): Pointer(Mutable, SemanticTypeId(1755))
Expr ExprId(10312): Enum(SymbolId(58), [SemanticTypeId(1099)], [SemanticTypeId(1099), SemanticTypeId(0)])
Expr ExprId(7659): Enum(SymbolId(58), [SemanticTypeId(768)], [SemanticTypeId(768), SemanticTypeId(0)])
Expr ExprId(9027): Primitive(U8)
Expr ExprId(634): Reference(LifetimeId(0), Mutable, SemanticTypeId(1646))
Expr ExprId(268): Enum(SymbolId(58), [SemanticTypeId(1869)], [SemanticTypeId(1869), SemanticTypeId(0)])
Expr ExprId(4781): Reference(LifetimeId(0), Mutable, SemanticTypeId(1706))
Expr ExprId(9031): Primitive(U32)
Expr ExprId(2138): Function { params: [SemanticTypeId(630)], return_type: SemanticTypeId(0) }
Expr ExprId(5482): Function { params: [], return_type: SemanticTypeId(0) }
Expr ExprId(9351): Struct(SymbolId(351), [], [SemanticTypeId(789)])
Expr ExprId(216): Primitive(Bool)
Expr ExprId(9112): Primitive(Bool)
Expr ExprId(6612): Primitive(Char)
Expr ExprId(6000): Primitive(U64)
Expr ExprId(5427): Pointer(Mutable, SemanticTypeId(1704))
Expr ExprId(5514): GenericParam(SymbolId(2871))
Expr ExprId(4183): Void
Expr ExprId(6775): Primitive(U8)
Expr ExprId(6724): Reference(LifetimeId(0), Mutable, SemanticTypeId(789))
Expr ExprId(5755): Primitive(U64)
Expr ExprId(6258): Primitive(U64)
Expr ExprId(2583): Primitive(U64)
Expr ExprId(8536): Primitive(U8)
Expr ExprId(1392): Primitive(U64)
Expr ExprId(5453): Pointer(Mutable, SemanticTypeId(1704))
Expr ExprId(8828): Primitive(U64)
Expr ExprId(9763): Primitive(I32)
Expr ExprId(2010): Pointer(Mutable, SemanticTypeId(520))
Expr ExprId(6398): Primitive(U64)
Expr ExprId(7868): Primitive(U64)
Expr ExprId(7642): Primitive(U32)
Expr ExprId(6074): Reference(LifetimeId(0), Mutable, SemanticTypeId(1564))
Expr ExprId(6022): Reference(LifetimeId(0), Immutable, SemanticTypeId(141))
Expr ExprId(5286): Primitive(U64)
Expr ExprId(10213): Primitive(U64)
Expr ExprId(2304): Void
Expr ExprId(7948): Primitive(U64)
Expr ExprId(3006): Enum(SymbolId(58), [SemanticTypeId(44)], [SemanticTypeId(44), SemanticTypeId(0)])
Expr ExprId(1698): Primitive(U64)
Expr ExprId(2090): Primitive(U64)
Expr ExprId(8951): Primitive(I32)
Expr ExprId(4198): Void
Expr ExprId(3704): GenericParam(SymbolId(397))
Expr ExprId(9831): Primitive(U8)
Expr ExprId(4259): Primitive(I32)
Expr ExprId(879): Primitive(I32)
Expr ExprId(6497): Primitive(U64)
Expr ExprId(6794): Function { params: [SemanticTypeId(787)], return_type: SemanticTypeId(4) }
Expr ExprId(8987): Primitive(U64)
Expr ExprId(147): Reference(LifetimeId(0), Mutable, SemanticTypeId(1451))
Expr ExprId(3633): Primitive(Bool)
Expr ExprId(10250): GenericParam(SymbolId(931))
Expr ExprId(358): Enum(SymbolId(58), [SemanticTypeId(1938)], [SemanticTypeId(1938), SemanticTypeId(0)])
Expr ExprId(11390): Void
Expr ExprId(7406): Primitive(U32)
Expr ExprId(11004): Function { params: [SemanticTypeId(705), SemanticTypeId(24)], return_type: SemanticTypeId(705) }
Expr ExprId(9737): Primitive(U64)
Expr ExprId(6124): Enum(SymbolId(65), [SemanticTypeId(0), SemanticTypeId(830)], [SemanticTypeId(0), SemanticTypeId(830)])
Expr ExprId(1283): Function { params: [SemanticTypeId(705), SemanticTypeId(24)], return_type: SemanticTypeId(705) }
Expr ExprId(6930): Function { params: [SemanticTypeId(723), SemanticTypeId(24)], return_type: SemanticTypeId(725) }
Expr ExprId(575): GenericParam(SymbolId(1128))
Expr ExprId(4358): Enum(SymbolId(58), [SemanticTypeId(1755)], [SemanticTypeId(1755), SemanticTypeId(0)])
Expr ExprId(2125): Primitive(Bool)
Expr ExprId(7926): Reference(LifetimeId(0), Immutable, SemanticTypeId(786))
Expr ExprId(7707): Primitive(U32)
Expr ExprId(727): Primitive(U64)
Expr ExprId(7604): Void
Expr ExprId(6573): Primitive(I32)
Expr ExprId(2762): Primitive(U64)
Expr ExprId(3312): Primitive(Usize)
Expr ExprId(7161): Reference(LifetimeId(0), Mutable, SemanticTypeId(790))
Expr ExprId(2799): Primitive(Bool)
Expr ExprId(1928): Primitive(U64)
Expr ExprId(8047): Primitive(I32)
Expr ExprId(862): Primitive(I8)
Expr ExprId(3217): Void
Expr ExprId(10066): Primitive(U64)
Expr ExprId(9106): Primitive(U64)
Expr ExprId(539): Pointer(Mutable, SemanticTypeId(91))
Expr ExprId(528): Primitive(U64)
Expr ExprId(4389): Pointer(Mutable, SemanticTypeId(1722))
Expr ExprId(5501): Pointer(Immutable, SemanticTypeId(1704))
Expr ExprId(3455): GenericParam(SymbolId(760))
Expr ExprId(8092): Primitive(U64)
Expr ExprId(7511): Primitive(U64)
Expr ExprId(11062): Pointer(Immutable, SemanticTypeId(1109))
Expr ExprId(4491): Reference(LifetimeId(0), Mutable, SemanticTypeId(1706))
Expr ExprId(4290): Primitive(I32)
Expr ExprId(2773): Primitive(Bool)
Expr ExprId(5254): Primitive(Bool)
Expr ExprId(2298): Pointer(Mutable, SemanticTypeId(518))
Expr ExprId(8472): Primitive(U64)
Expr ExprId(3287): Primitive(U64)
Expr ExprId(703): Primitive(Bool)
Expr ExprId(4787): Primitive(U64)
Expr ExprId(10352): Primitive(U64)
Expr ExprId(5119): Primitive(U64)
Expr ExprId(9723): Function { params: [SemanticTypeId(1166)], return_type: SemanticTypeId(0) }
Expr ExprId(96): Primitive(U32)
Expr ExprId(7708): Primitive(U32)
Expr ExprId(10232): Reference(LifetimeId(0), Mutable, SemanticTypeId(1078))
Expr ExprId(4384): Reference(LifetimeId(0), Mutable, SemanticTypeId(1724))
Expr ExprId(4214): Primitive(Bool)
Expr ExprId(7123): Primitive(Usize)
Expr ExprId(9078): Primitive(U64)
Expr ExprId(5634): Primitive(I32)
Expr ExprId(3774): Primitive(Bool)
Expr ExprId(4829): Primitive(U64)
Expr ExprId(6615): Primitive(I32)
Expr ExprId(4011): Primitive(U64)
Expr ExprId(3309): Primitive(Usize)
Expr ExprId(1951): GenericParam(SymbolId(1637))
Expr ExprId(6746): Void
Expr ExprId(7732): Reference(LifetimeId(0), Mutable, SemanticTypeId(796))
Expr ExprId(11019): Pointer(Immutable, SemanticTypeId(1085))
Expr ExprId(6700): Void
Expr ExprId(5913): Primitive(Char)
Expr ExprId(296): Enum(SymbolId(65), [SemanticTypeId(1900), SemanticTypeId(1870)], [SemanticTypeId(1900), SemanticTypeId(1870)])
Expr ExprId(3788): GenericParam(SymbolId(412))
Expr ExprId(10220): Void
Expr ExprId(2818): Void
Expr ExprId(5742): Primitive(Bool)
Expr ExprId(11089): Primitive(U64)
Expr ExprId(4786): Primitive(U64)
Expr ExprId(3288): Reference(LifetimeId(0), Immutable, SemanticTypeId(24))
Expr ExprId(7543): Primitive(U64)
Expr ExprId(669): Primitive(U64)
Expr ExprId(9431): Struct(SymbolId(480), [SemanticTypeId(1108), SemanticTypeId(1118)], [SemanticTypeId(788), SemanticTypeId(885), SemanticTypeId(1133), SemanticTypeId(1119), SemanticTypeId(24), SemanticTypeId(24), SemanticTypeId(24)])
Expr ExprId(4025): Enum(SymbolId(58), [SemanticTypeId(407)], [SemanticTypeId(407), SemanticTypeId(0)])
Expr ExprId(2244): Pointer(Mutable, SemanticTypeId(518))
Expr ExprId(7538): Enum(SymbolId(467), [], [SemanticTypeId(0)])
Expr ExprId(972): Void
Expr ExprId(4442): Primitive(I32)
Expr ExprId(10493): Primitive(Bool)
Expr ExprId(5714): Primitive(I32)
Expr ExprId(4950): Pointer(Mutable, SemanticTypeId(1704))
Expr ExprId(2886): Reference(LifetimeId(0), Immutable, SemanticTypeId(567))
Expr ExprId(3759): Primitive(Bool)
Expr ExprId(7694): Primitive(U8)
Expr ExprId(11162): Struct(SymbolId(504), [SemanticTypeId(1422), SemanticTypeId(1294)], [SemanticTypeId(792), SemanticTypeId(1423), SemanticTypeId(1424), SemanticTypeId(24), SemanticTypeId(24)])
Expr ExprId(1256): Enum(SymbolId(58), [SemanticTypeId(685)], [SemanticTypeId(685), SemanticTypeId(0)])
Expr ExprId(8039): Primitive(Bool)
Expr ExprId(740): Primitive(I16)
Expr ExprId(2982): Primitive(U64)
Expr ExprId(1960): Primitive(U64)
Expr ExprId(8084): Primitive(Bool)
Expr ExprId(8530): Primitive(Bool)
Expr ExprId(6416): Primitive(U64)
Expr ExprId(10087): Enum(SymbolId(477), [], [SemanticTypeId(24), SemanticTypeId(24)])
Expr ExprId(5198): Primitive(U64)
Expr ExprId(6819): Primitive(I32)
Expr ExprId(11571): Void
Expr ExprId(7935): Pointer(Immutable, SemanticTypeId(91))
Expr ExprId(6502): Reference(LifetimeId(0), Immutable, SemanticTypeId(786))
Expr ExprId(1245): Pointer(Immutable, SemanticTypeId(601))
Expr ExprId(5498): Pointer(Mutable, SemanticTypeId(1704))
Expr ExprId(2629): Primitive(U64)
Expr ExprId(565): Primitive(Bool)
Expr ExprId(3178): Primitive(Bool)
Expr ExprId(4005): Primitive(U64)
Expr ExprId(1718): Primitive(Bool)
Expr ExprId(9062): Primitive(U64)
Expr ExprId(3194): Function { params: [SemanticTypeId(63)], return_type: SemanticTypeId(0) }
Expr ExprId(6147): Primitive(Bool)
Expr ExprId(6032): Reference(LifetimeId(0), Immutable, SemanticTypeId(15))
Expr ExprId(6759): Primitive(Bool)
Expr ExprId(1372): Function { params: [SemanticTypeId(717), SemanticTypeId(718), SemanticTypeId(24)], return_type: SemanticTypeId(0) }
Expr ExprId(10648): Primitive(U64)
Expr ExprId(9551): Primitive(U64)
Expr ExprId(10950): Primitive(I32)
Expr ExprId(9579): Enum(SymbolId(477), [], [SemanticTypeId(24), SemanticTypeId(24)])
Expr ExprId(1775): Pointer(Mutable, SemanticTypeId(520))
Expr ExprId(4512): Void
Expr ExprId(3313): Reference(LifetimeId(0), Immutable, SemanticTypeId(7))
Expr ExprId(3473): Reference(LifetimeId(0), Mutable, SemanticTypeId(311))
Expr ExprId(3205): Function { params: [SemanticTypeId(144)], return_type: SemanticTypeId(0) }
Expr ExprId(1680): Primitive(I32)
Expr ExprId(10359): Primitive(U64)
Expr ExprId(1266): GenericParam(SymbolId(138))
Expr ExprId(6681): Primitive(U32)
Expr ExprId(680): Reference(LifetimeId(0), Immutable, SemanticTypeId(1648))
Expr ExprId(4986): Pointer(Mutable, SemanticTypeId(1704))
Expr ExprId(286): Enum(SymbolId(65), [SemanticTypeId(1872), SemanticTypeId(1870)], [SemanticTypeId(1872), SemanticTypeId(1870)])
Expr ExprId(11638): Void
Expr ExprId(4697): Primitive(U64)
Expr ExprId(1646): Primitive(Bool)
Expr ExprId(10028): Pointer(Mutable, SemanticTypeId(91))
Expr ExprId(5835): Primitive(U8)
Expr ExprId(2464): Primitive(U64)
Expr ExprId(7330): Primitive(U32)
Expr ExprId(1974): Pointer(Immutable, SemanticTypeId(520))
Expr ExprId(10280): Reference(LifetimeId(0), Immutable, SemanticTypeId(1078))
Expr ExprId(8746): Primitive(U64)
Expr ExprId(536): Primitive(U64)
Expr ExprId(1909): Pointer(Immutable, SemanticTypeId(520))
Expr ExprId(8979): Primitive(U32)
Expr ExprId(5131): Pointer(Immutable, SemanticTypeId(1704))
Expr ExprId(5735): Reference(LifetimeId(0), Immutable, SemanticTypeId(1735))
Expr ExprId(6535): Primitive(I32)
Expr ExprId(7360): Primitive(U64)
Expr ExprId(10218): Primitive(I32)
Expr ExprId(3395): Reference(LifetimeId(0), Immutable, SemanticTypeId(141))
Expr ExprId(6260): Primitive(I32)
Expr ExprId(5730): Primitive(U64)
Expr ExprId(5550): Primitive(U64)
Expr ExprId(4668): Pointer(Mutable, SemanticTypeId(1704))
Expr ExprId(1877): Primitive(I32)
Expr ExprId(3988): Void
Expr ExprId(4087): GenericParam(SymbolId(455))
Expr ExprId(3786): Primitive(Bool)
Expr ExprId(1200): Primitive(U64)
Expr ExprId(6703): Primitive(U32)
Expr ExprId(10010): Reference(LifetimeId(0), Mutable, SemanticTypeId(1078))
Expr ExprId(4692): Primitive(U64)
Expr ExprId(2928): Primitive(U64)
Expr ExprId(10724): Primitive(U64)
Expr ExprId(1420): Primitive(U64)
Expr ExprId(4461): Struct(SymbolId(33), [SemanticTypeId(1779)], [SemanticTypeId(1780), SemanticTypeId(24), SemanticTypeId(24)])
Expr ExprId(10709): Reference(LifetimeId(0), Mutable, SemanticTypeId(1078))
Expr ExprId(4352): Struct(SymbolId(33), [SemanticTypeId(1764)], [SemanticTypeId(1819), SemanticTypeId(24), SemanticTypeId(24)])
Expr ExprId(8115): Primitive(U64)
Expr ExprId(4867): Reference(LifetimeId(0), Mutable, SemanticTypeId(1706))
Expr ExprId(3494): Enum(SymbolId(58), [SemanticTypeId(114)], [SemanticTypeId(114), SemanticTypeId(0)])
Expr ExprId(8579): Primitive(U64)
Expr ExprId(10681): Pointer(Mutable, SemanticTypeId(24))
Expr ExprId(8228): Primitive(U64)
Expr ExprId(4700): Function { params: [], return_type: SemanticTypeId(0) }
Expr ExprId(3758): Primitive(Bool)
Expr ExprId(1281): Pointer(Immutable, SemanticTypeId(615))
Expr ExprId(7132): Primitive(U64)
Expr ExprId(468): Pointer(Immutable, SemanticTypeId(1672))
Expr ExprId(5657): Primitive(U64)
Expr ExprId(1760): Primitive(U64)
Expr ExprId(7982): Primitive(U64)
Expr ExprId(5268): Primitive(U64)
Expr ExprId(10387): Pointer(Mutable, SemanticTypeId(91))
Expr ExprId(4210): Pointer(Mutable, SemanticTypeId(1843))
Expr ExprId(4443): Primitive(U64)
Expr ExprId(2214): Primitive(U64)
Expr ExprId(8616): Primitive(Bool)
Expr ExprId(6343): Primitive(U64)
Expr ExprId(1598): Pointer(Mutable, SemanticTypeId(542))
Expr ExprId(4514): Reference(LifetimeId(0), Mutable, SemanticTypeId(1706))
Expr ExprId(6529): Primitive(I32)
Expr ExprId(415): Reference(LifetimeId(0), Immutable, SemanticTypeId(1219))
Expr ExprId(2894): Reference(LifetimeId(0), Mutable, SemanticTypeId(304))
Expr ExprId(7784): Primitive(U32)
Expr ExprId(5827): Enum(SymbolId(467), [], [SemanticTypeId(0)])
Expr ExprId(9672): Primitive(Bool)
Expr ExprId(8698): Primitive(U64)
Expr ExprId(5640): Reference(LifetimeId(0), Immutable, SemanticTypeId(1712))
Expr ExprId(9957): Primitive(U8)
Expr ExprId(1871): Reference(LifetimeId(0), Immutable, SemanticTypeId(520))
Expr ExprId(4801): Primitive(U64)
Expr ExprId(7081): Primitive(U64)
Expr ExprId(1300): Reference(LifetimeId(0), Mutable, SemanticTypeId(631))
Expr ExprId(1935): Primitive(Bool)
Expr ExprId(9291): Primitive(U8)
Expr ExprId(9812): Primitive(Bool)
Expr ExprId(4921): Pointer(Mutable, SemanticTypeId(1704))
Expr ExprId(3811): Primitive(U64)
Expr ExprId(7503): Primitive(U32)
Expr ExprId(11150): Enum(SymbolId(58), [SemanticTypeId(1114)], [SemanticTypeId(1114), SemanticTypeId(0)])
Expr ExprId(1863): Pointer(Mutable, SemanticTypeId(520))
Expr ExprId(497): Primitive(U64)
Expr ExprId(1286): Pointer(Immutable, SemanticTypeId(615))
Expr ExprId(8386): Reference(LifetimeId(0), Immutable, SemanticTypeId(786))
Expr ExprId(2627): Pointer(Mutable, SemanticTypeId(521))
Expr ExprId(1265): Pointer(Mutable, SemanticTypeId(524))
Expr ExprId(308): Enum(SymbolId(65), [SemanticTypeId(1869), SemanticTypeId(1897)], [SemanticTypeId(1869), SemanticTypeId(1897)])
Expr ExprId(3885): Enum(SymbolId(58), [SemanticTypeId(8)], [SemanticTypeId(8), SemanticTypeId(0)])
Expr ExprId(11306): Struct(SymbolId(533), [SemanticTypeId(981), SemanticTypeId(884)], [SemanticTypeId(984)])
Expr ExprId(6706): Primitive(U32)
Expr ExprId(2692): GenericParam(SymbolId(153))
Expr ExprId(10190): Void
Expr ExprId(10418): Primitive(U64)
Expr ExprId(10713): Primitive(U64)
Expr ExprId(4766): Primitive(U64)
Expr ExprId(4506): Primitive(U64)
Expr ExprId(8608): Reference(LifetimeId(0), Immutable, SemanticTypeId(790))
Expr ExprId(6447): Primitive(I32)
Expr ExprId(9037): Primitive(U64)
Expr ExprId(9010): Primitive(I32)
Expr ExprId(6712): Primitive(I32)
Expr ExprId(11529): Reference(LifetimeId(0), Immutable, SemanticTypeId(969))
Expr ExprId(7813): Primitive(U64)
Expr ExprId(4717): Primitive(Bool)
Expr ExprId(7964): Primitive(Bool)
Expr ExprId(8982): Primitive(U32)
Expr ExprId(11375): Primitive(U64)
Expr ExprId(8117): Primitive(U64)
Expr ExprId(9350): Enum(SymbolId(58), [SemanticTypeId(790)], [SemanticTypeId(790), SemanticTypeId(0)])
Expr ExprId(8262): Primitive(U64)
Expr ExprId(8727): Primitive(Bool)
Expr ExprId(90): Pointer(Immutable, SemanticTypeId(0))
Expr ExprId(10804): Struct(SymbolId(504), [SemanticTypeId(1074), SemanticTypeId(1075)], [SemanticTypeId(792), SemanticTypeId(1094), SemanticTypeId(1097), SemanticTypeId(24), SemanticTypeId(24)])
Expr ExprId(10855): Function { params: [SemanticTypeId(1166)], return_type: SemanticTypeId(0) }
Expr ExprId(1150): Reference(LifetimeId(0), Mutable, SemanticTypeId(581))
Expr ExprId(8626): Primitive(U64)
Expr ExprId(917): Primitive(I32)
Expr ExprId(2910): Primitive(Bool)
Expr ExprId(4102): GenericParam(SymbolId(458))
Expr ExprId(6282): Primitive(U64)
Expr ExprId(9166): Primitive(I32)
Expr ExprId(7656): Primitive(U64)
Expr ExprId(10464): Reference(LifetimeId(0), Mutable, SemanticTypeId(1078))
Expr ExprId(629): Primitive(I32)
Expr ExprId(1606): Pointer(Immutable, SemanticTypeId(542))
Expr ExprId(8446): Struct(SymbolId(33), [SemanticTypeId(91)], [SemanticTypeId(788), SemanticTypeId(24), SemanticTypeId(24)])
Expr ExprId(3301): Reference(LifetimeId(0), Immutable, SemanticTypeId(7))
Expr ExprId(10005): Reference(LifetimeId(0), Immutable, SemanticTypeId(1074))
Expr ExprId(9904): GenericParam(SymbolId(930))
Expr ExprId(5603): Pointer(Immutable, SemanticTypeId(1704))
Expr ExprId(5037): Primitive(Bool)
Expr ExprId(4753): Pointer(Mutable, SemanticTypeId(1704))
Expr ExprId(4150): Void
Expr ExprId(3469): Reference(LifetimeId(0), Mutable, SemanticTypeId(311))
Expr ExprId(3716): Void
Expr ExprId(3753): Enum(SymbolId(58), [SemanticTypeId(418)], [SemanticTypeId(418), SemanticTypeId(0)])
Expr ExprId(7983): Primitive(U64)
Expr ExprId(3898): Enum(SymbolId(58), [SemanticTypeId(24)], [SemanticTypeId(24), SemanticTypeId(0)])
Expr ExprId(8105): Primitive(U8)
Expr ExprId(7907): Primitive(I32)
Expr ExprId(11122): Primitive(U64)
Expr ExprId(396): Function { params: [], return_type: SemanticTypeId(2) }
Expr ExprId(1254): Primitive(U64)
Expr ExprId(5893): Enum(SymbolId(65), [SemanticTypeId(0), SemanticTypeId(830)], [SemanticTypeId(0), SemanticTypeId(830)])
Expr ExprId(3971): Primitive(I64)
Expr ExprId(5478): Reference(LifetimeId(0), Mutable, SemanticTypeId(1706))
Expr ExprId(4273): Primitive(U64)
Expr ExprId(2694): Primitive(Bool)
Expr ExprId(6586): Reference(LifetimeId(0), Immutable, SemanticTypeId(786))
Expr ExprId(374): Enum(SymbolId(65), [SemanticTypeId(1196), SemanticTypeId(1230)], [SemanticTypeId(1196), SemanticTypeId(1230)])
Expr ExprId(11305): Reference(LifetimeId(0), Mutable, SemanticTypeId(986))
Expr ExprId(4688): Primitive(U64)
Expr ExprId(3190): Enum(SymbolId(58), [SemanticTypeId(62)], [SemanticTypeId(62), SemanticTypeId(0)])
Expr ExprId(249): GenericParam(SymbolId(1210))
Expr ExprId(7010): Struct(SymbolId(33), [SemanticTypeId(91)], [SemanticTypeId(788), SemanticTypeId(24), SemanticTypeId(24)])
Expr ExprId(11151): Enum(SymbolId(58), [SemanticTypeId(1114)], [SemanticTypeId(1114), SemanticTypeId(0)])
Expr ExprId(9882): Primitive(I32)
Expr ExprId(3003): GenericParam(SymbolId(751))
Expr ExprId(8082): Primitive(U64)
Expr ExprId(554): Primitive(U64)
Expr ExprId(1428): Primitive(U64)
Expr ExprId(263): Enum(SymbolId(65), [SemanticTypeId(1869), SemanticTypeId(1870)], [SemanticTypeId(1869), SemanticTypeId(1870)])
Expr ExprId(8134): Primitive(I32)
Expr ExprId(10065): Reference(LifetimeId(0), Mutable, SemanticTypeId(1078))
Expr ExprId(8126): Reference(LifetimeId(0), Immutable, SemanticTypeId(790))
Expr ExprId(4325): Struct(SymbolId(33), [SemanticTypeId(1749)], [SemanticTypeId(1752), SemanticTypeId(24), SemanticTypeId(24)])
Expr ExprId(7412): Enum(SymbolId(65), [SemanticTypeId(0), SemanticTypeId(830)], [SemanticTypeId(0), SemanticTypeId(830)])
Expr ExprId(2257): Function { params: [SemanticTypeId(705), SemanticTypeId(24)], return_type: SemanticTypeId(705) }
Expr ExprId(4682): Function { params: [], return_type: SemanticTypeId(24) }
Expr ExprId(602): Void
Expr ExprId(5022): Primitive(U64)
Expr ExprId(4456): Pointer(Mutable, SemanticTypeId(1779))
Expr ExprId(2687): Primitive(U64)
Expr ExprId(5610): Primitive(U64)
Expr ExprId(4338): Primitive(U64)
Expr ExprId(950): GenericParam(SymbolId(520))
Expr ExprId(5186): Void
Expr ExprId(2508): Pointer(Immutable, SemanticTypeId(532))
Expr ExprId(3808): Enum(SymbolId(58), [SemanticTypeId(24)], [SemanticTypeId(24), SemanticTypeId(0)])
Expr ExprId(1129): Struct(SymbolId(121), [SemanticTypeId(612)], [SemanticTypeId(674), SemanticTypeId(674)])
Expr ExprId(11195): Primitive(U64)
Expr ExprId(2728): Reference(LifetimeId(0), Immutable, SemanticTypeId(510))
Expr ExprId(10911): Void
Expr ExprId(3207): Reference(LifetimeId(0), Mutable, SemanticTypeId(53))
Expr ExprId(616): Void
Expr ExprId(9250): Function { params: [SemanticTypeId(787)], return_type: SemanticTypeId(814) }
Expr ExprId(3077): Reference(LifetimeId(0), Mutable, SemanticTypeId(250))
Expr ExprId(10037): Function { params: [SemanticTypeId(709), SemanticTypeId(24)], return_type: SemanticTypeId(709) }
Expr ExprId(223): Primitive(U64)
Expr ExprId(9756): Primitive(I32)
Expr ExprId(5973): Reference(LifetimeId(0), Mutable, SemanticTypeId(1568))
Expr ExprId(6936): Primitive(Bool)
Expr ExprId(4126): Enum(SymbolId(58), [SemanticTypeId(420)], [SemanticTypeId(420), SemanticTypeId(0)])
Expr ExprId(7891): Primitive(U8)
Expr ExprId(8570): Primitive(Bool)
Expr ExprId(7662): Enum(SymbolId(58), [SemanticTypeId(768)], [SemanticTypeId(768), SemanticTypeId(0)])
Expr ExprId(2278): Pointer(Mutable, SemanticTypeId(518))
Expr ExprId(3363): Primitive(I32)
Expr ExprId(9743): Primitive(U64)
Expr ExprId(4364): Function { params: [SemanticTypeId(709), SemanticTypeId(24)], return_type: SemanticTypeId(709) }
Expr ExprId(3839): Enum(SymbolId(58), [SemanticTypeId(415)], [SemanticTypeId(415), SemanticTypeId(0)])
Expr ExprId(6608): Primitive(U8)
Expr ExprId(9115): Primitive(U64)
Expr ExprId(3232): Primitive(U8)
Expr ExprId(3669): Enum(SymbolId(58), [SemanticTypeId(69)], [SemanticTypeId(69), SemanticTypeId(0)])
Expr ExprId(2316): Primitive(U64)
Expr ExprId(911): Primitive(I32)
Expr ExprId(2285): GenericParam(SymbolId(1661))
Expr ExprId(6830): Primitive(I32)
Expr ExprId(2164): Primitive(Bool)
Expr ExprId(7414): Enum(SymbolId(65), [SemanticTypeId(0), SemanticTypeId(830)], [SemanticTypeId(0), SemanticTypeId(830)])
Expr ExprId(5424): Function { params: [SemanticTypeId(714)], return_type: SemanticTypeId(713) }
Expr ExprId(2147): Primitive(U64)
Expr ExprId(7745): Primitive(I32)
Expr ExprId(11025): Tuple([SemanticTypeId(1084), SemanticTypeId(1085)])
Expr ExprId(3791): Function { params: [SemanticTypeId(427)], return_type: SemanticTypeId(4) }
Expr ExprId(8939): Primitive(U64)
Expr ExprId(11533): Primitive(Bool)
Expr ExprId(9826): Function { params: [SemanticTypeId(709), SemanticTypeId(24)], return_type: SemanticTypeId(709) }
Expr ExprId(6783): Function { params: [], return_type: SemanticTypeId(879) }
Expr ExprId(3815): Enum(SymbolId(58), [SemanticTypeId(425)], [SemanticTypeId(425), SemanticTypeId(0)])
Expr ExprId(9142): Primitive(U64)
Expr ExprId(8327): Enum(SymbolId(58), [SemanticTypeId(24)], [SemanticTypeId(24), SemanticTypeId(0)])
Expr ExprId(359): Enum(SymbolId(58), [SemanticTypeId(1938)], [SemanticTypeId(1938), SemanticTypeId(0)])
Expr ExprId(2908): Reference(LifetimeId(0), Mutable, SemanticTypeId(32))
Expr ExprId(3405): Reference(LifetimeId(0), Immutable, SemanticTypeId(15))
Expr ExprId(6690): Void
Expr ExprId(130): Primitive(U64)
Expr ExprId(521): Pointer(Mutable, SemanticTypeId(91))
Expr ExprId(5115): Primitive(I32)
Expr ExprId(4720): Primitive(U64)
Expr ExprId(8490): Primitive(I32)
Expr ExprId(3450): Primitive(Bool)
Expr ExprId(9087): Primitive(U64)
Expr ExprId(8789): Reference(LifetimeId(0), Immutable, SemanticTypeId(786))
Expr ExprId(10140): Reference(LifetimeId(0), Mutable, SemanticTypeId(1078))
Expr ExprId(5285): Reference(LifetimeId(0), Mutable, SemanticTypeId(1706))
Expr ExprId(2145): Primitive(U64)
Expr ExprId(7385): Primitive(I32)
Expr ExprId(3284): Primitive(U64)
Expr ExprId(3432): GenericParam(SymbolId(759))
Expr ExprId(10883): Primitive(U64)
Expr ExprId(9485): Primitive(U64)
Expr ExprId(10981): Struct(SymbolId(480), [SemanticTypeId(1084), SemanticTypeId(1085)], [SemanticTypeId(788), SemanticTypeId(885), SemanticTypeId(1086), SemanticTypeId(1087), SemanticTypeId(24), SemanticTypeId(24), SemanticTypeId(24)])
Expr ExprId(4487): Pointer(Mutable, SemanticTypeId(1704))
Expr ExprId(10529): Void
Expr ExprId(4020): Enum(SymbolId(58), [SemanticTypeId(407)], [SemanticTypeId(407), SemanticTypeId(0)])
Expr ExprId(7431): Primitive(U32)
Expr ExprId(9595): Reference(LifetimeId(0), Immutable, SemanticTypeId(1078))
Expr ExprId(6756): Primitive(U8)
Expr ExprId(6446): Primitive(U8)
Expr ExprId(5255): Void
Expr ExprId(9620): Enum(SymbolId(477), [], [SemanticTypeId(24), SemanticTypeId(24)])
Expr ExprId(6041): Enum(SymbolId(65), [SemanticTypeId(0), SemanticTypeId(830)], [SemanticTypeId(0), SemanticTypeId(830)])
Expr ExprId(5158): Primitive(U64)
Expr ExprId(4274): Struct(SymbolId(33), [SemanticTypeId(877)], [SemanticTypeId(878), SemanticTypeId(24), SemanticTypeId(24)])
Expr ExprId(1016): Primitive(I32)
Expr ExprId(8893): Struct(SymbolId(33), [SemanticTypeId(91)], [SemanticTypeId(788), SemanticTypeId(24), SemanticTypeId(24)])
Expr ExprId(1251): Primitive(U64)
Expr ExprId(443): Primitive(U64)
Expr ExprId(3073): Primitive(Bool)
Expr ExprId(2468): Pointer(Mutable, SemanticTypeId(532))
Expr ExprId(6518): Primitive(U64)
Expr ExprId(2335): Pointer(Mutable, SemanticTypeId(513))
Expr ExprId(10975): Primitive(I32)
Expr ExprId(10011): Pointer(Mutable, SemanticTypeId(91))
Expr ExprId(5125): Primitive(U64)
Expr ExprId(2363): Pointer(Immutable, SemanticTypeId(513))
Expr ExprId(4758): Reference(LifetimeId(0), Mutable, SemanticTypeId(1706))
Expr ExprId(4791): Primitive(U64)
Expr ExprId(5490): Primitive(U64)
Expr ExprId(4187): Function { params: [SemanticTypeId(714)], return_type: SemanticTypeId(713) }
Expr ExprId(6961): Reference(LifetimeId(0), Immutable, SemanticTypeId(786))
Expr ExprId(5641): Reference(LifetimeId(0), Immutable, SemanticTypeId(1837))
Expr ExprId(9547): Primitive(U64)
Expr ExprId(11234): Reference(LifetimeId(0), Immutable, SemanticTypeId(1269))
Expr ExprId(1333): Primitive(U64)
Expr ExprId(8362): Void
Expr ExprId(7517): Primitive(U32)
Expr ExprId(433): Void
Expr ExprId(7059): Primitive(U64)
Expr ExprId(1418): Reference(LifetimeId(0), Immutable, SemanticTypeId(567))
Expr ExprId(4637): Enum(SymbolId(58), [SemanticTypeId(1719)], [SemanticTypeId(1719), SemanticTypeId(0)])
Expr ExprId(4782): Primitive(U64)
Expr ExprId(3922): Primitive(I32)
Expr ExprId(5963): Pointer(Immutable, SemanticTypeId(91))
Expr ExprId(6144): Reference(LifetimeId(0), Mutable, SemanticTypeId(1596))
Expr ExprId(239): Reference(LifetimeId(0), Mutable, SemanticTypeId(1871))
Expr ExprId(9983): Primitive(U64)
Expr ExprId(923): Primitive(Bool)
Expr ExprId(4949): Reference(LifetimeId(0), Mutable, SemanticTypeId(1706))
Expr ExprId(4469): Primitive(U64)
Expr ExprId(2566): Primitive(U64)
Expr ExprId(10609): Function { params: [SemanticTypeId(705), SemanticTypeId(24)], return_type: SemanticTypeId(705) }
Expr ExprId(122): Reference(LifetimeId(0), Immutable, SemanticTypeId(1459))
Expr ExprId(9716): Reference(LifetimeId(0), Mutable, SemanticTypeId(1078))
Expr ExprId(6519): Primitive(U8)
Expr ExprId(2296): GenericParam(SymbolId(1661))
Expr ExprId(1337): Primitive(Bool)
Expr ExprId(1915): Pointer(Mutable, SemanticTypeId(520))
Expr ExprId(3336): Reference(LifetimeId(0), Immutable, SemanticTypeId(36))
Expr ExprId(7461): Enum(SymbolId(65), [SemanticTypeId(0), SemanticTypeId(830)], [SemanticTypeId(0), SemanticTypeId(830)])
Expr ExprId(9274): Primitive(U64)
Expr ExprId(4147): GenericParam(SymbolId(460))
Expr ExprId(7995): Primitive(U64)
Expr ExprId(6264): Reference(LifetimeId(0), Immutable, SemanticTypeId(768))
Expr ExprId(4024): Enum(SymbolId(58), [SemanticTypeId(407)], [SemanticTypeId(407), SemanticTypeId(0)])
Expr ExprId(8817): Primitive(U64)
Expr ExprId(10484): Primitive(U64)
Expr ExprId(11241): Struct(SymbolId(480), [SemanticTypeId(1264), SemanticTypeId(1265)], [SemanticTypeId(788), SemanticTypeId(885), SemanticTypeId(1266), SemanticTypeId(1267), SemanticTypeId(24), SemanticTypeId(24), SemanticTypeId(24)])
Expr ExprId(1930): Primitive(I32)
Expr ExprId(7239): Primitive(U8)
Expr ExprId(6838): Primitive(I32)
Expr ExprId(7829): Primitive(U32)
Expr ExprId(933): Primitive(I32)
Expr ExprId(3000): Enum(SymbolId(58), [SemanticTypeId(22)], [SemanticTypeId(22), SemanticTypeId(0)])
Expr ExprId(3353): Reference(LifetimeId(0), Immutable, SemanticTypeId(11))
Expr ExprId(8957): Primitive(U64)
Expr ExprId(963): GenericParam(SymbolId(522))
Expr ExprId(7326): Primitive(I32)
Expr ExprId(5002): Primitive(U64)
Expr ExprId(9847): Reference(LifetimeId(0), Mutable, SemanticTypeId(1078))
Expr ExprId(4532): Primitive(Bool)
Expr ExprId(8816): Struct(SymbolId(351), [], [SemanticTypeId(789)])
Expr ExprId(7586): Primitive(U8)
Expr ExprId(11277): Primitive(U64)
Expr ExprId(1882): Function { params: [SemanticTypeId(714)], return_type: SemanticTypeId(713) }
Expr ExprId(2593): Pointer(Immutable, SemanticTypeId(532))
Expr ExprId(3570): Primitive(Bool)
Expr ExprId(2360): Pointer(Mutable, SemanticTypeId(513))
Expr ExprId(1655): Function { params: [SemanticTypeId(705), SemanticTypeId(24)], return_type: SemanticTypeId(705) }
Expr ExprId(5096): Primitive(U64)
Expr ExprId(4225): Function { params: [], return_type: SemanticTypeId(24) }
Expr ExprId(6350): Primitive(U64)
Expr ExprId(9654): Primitive(Bool)
Expr ExprId(10478): Void
Expr ExprId(318): Function { params: [SemanticTypeId(1870)], return_type: SemanticTypeId(1894) }
Expr ExprId(10815): Primitive(Bool)
Expr ExprId(6472): Primitive(U8)
Expr ExprId(7199): Primitive(Bool)
Expr ExprId(95): Primitive(U32)
Expr ExprId(2459): Primitive(U64)
Expr ExprId(8067): Primitive(Bool)
Expr ExprId(1733): Primitive(U64)
Expr ExprId(973): GenericParam(SymbolId(524))
Expr ExprId(3065): GenericParam(SymbolId(742))
Expr ExprId(1015): Primitive(Bool)
Expr ExprId(3764): GenericParam(SymbolId(409))
Expr ExprId(4252): Primitive(I32)
Expr ExprId(6425): Primitive(U8)
Expr ExprId(8918): Primitive(U64)
Expr ExprId(6520): Primitive(U8)
Expr ExprId(1424): Primitive(Bool)
Expr ExprId(160): Enum(SymbolId(58), [SemanticTypeId(1451)], [SemanticTypeId(1451), SemanticTypeId(0)])
Expr ExprId(946): Primitive(Bool)
Expr ExprId(953): Primitive(I32)
Expr ExprId(10122): Primitive(U8)
Expr ExprId(4423): Reference(LifetimeId(0), Mutable, SemanticTypeId(1724))
Expr ExprId(570): Pointer(Immutable, SemanticTypeId(1677))
Expr ExprId(6880): Primitive(U64)
Expr ExprId(3412): Reference(LifetimeId(0), Immutable, SemanticTypeId(15))
Expr ExprId(4557): Reference(LifetimeId(0), Immutable, SemanticTypeId(1706))
Expr ExprId(9050): Reference(LifetimeId(0), Immutable, SemanticTypeId(786))
Expr ExprId(10083): Reference(LifetimeId(0), Mutable, SemanticTypeId(1078))
Expr ExprId(277): Function { params: [], return_type: SemanticTypeId(2) }
Expr ExprId(2525): Primitive(Bool)
Expr ExprId(3890): Void
Expr ExprId(2743): Primitive(U64)
Expr ExprId(8268): Primitive(Bool)
Expr ExprId(11554): Void
Expr ExprId(1840): Pointer(Immutable, SemanticTypeId(520))
Expr ExprId(471): Primitive(I64)
Expr ExprId(896): Primitive(I32)
Expr ExprId(11221): Enum(SymbolId(58), [SemanticTypeId(1404)], [SemanticTypeId(1404), SemanticTypeId(0)])
Expr ExprId(6082): Primitive(Char)
Expr ExprId(578): Primitive(U64)
Expr ExprId(4421): Primitive(U64)
Expr ExprId(5622): Primitive(U64)
Expr ExprId(165): Enum(SymbolId(58), [SemanticTypeId(1456)], [SemanticTypeId(1456), SemanticTypeId(0)])
Expr ExprId(5373): Primitive(U64)
Expr ExprId(3360): Primitive(Bool)
Expr ExprId(7585): Primitive(U8)
Expr ExprId(845): Primitive(U128)
Expr ExprId(3381): Primitive(I64)
Expr ExprId(4318): Primitive(U64)
Expr ExprId(11082): Primitive(U64)
Expr ExprId(380): Enum(SymbolId(65), [SemanticTypeId(1229), SemanticTypeId(1230)], [SemanticTypeId(1229), SemanticTypeId(1230)])
Expr ExprId(6613): Primitive(U32)
Expr ExprId(3368): Primitive(I32)
Expr ExprId(9389): Primitive(String)
Expr ExprId(5706): Struct(SymbolId(33), [SemanticTypeId(1767)], [SemanticTypeId(1775), SemanticTypeId(24), SemanticTypeId(24)])
Expr ExprId(9376): Primitive(U64)
Expr ExprId(9287): Primitive(U64)
Expr ExprId(150): Enum(SymbolId(58), [SemanticTypeId(1451)], [SemanticTypeId(1451), SemanticTypeId(0)])
Expr ExprId(4562): Reference(LifetimeId(0), Immutable, SemanticTypeId(1706))
Expr ExprId(11454): Primitive(Bool)
Expr ExprId(990): Primitive(Bool)
Expr ExprId(1758): Primitive(I32)
Expr ExprId(6011): Primitive(I16)
Expr ExprId(2107): Primitive(U64)
Expr ExprId(8051): Primitive(Bool)
Expr ExprId(6380): Primitive(Bool)
Expr ExprId(1276): Void
Expr ExprId(4053): Primitive(Bool)
Expr ExprId(8280): Pointer(Immutable, SemanticTypeId(91))
Expr ExprId(8243): Primitive(Bool)
Expr ExprId(2504): Primitive(U64)
Expr ExprId(7112): Primitive(I32)
Expr ExprId(8496): Void
Expr ExprId(10215): Void
Expr ExprId(1030): Primitive(U64)
Expr ExprId(639): Void
Expr ExprId(4959): GenericParam(SymbolId(2871))
Expr ExprId(11325): Function { params: [], return_type: SemanticTypeId(1057) }
Expr ExprId(6169): Enum(SymbolId(65), [SemanticTypeId(0), SemanticTypeId(830)], [SemanticTypeId(0), SemanticTypeId(830)])
Expr ExprId(132): GenericParam(SymbolId(1020))
Expr ExprId(347): Enum(SymbolId(65), [SemanticTypeId(1935), SemanticTypeId(1884)], [SemanticTypeId(1935), SemanticTypeId(1884)])
Expr ExprId(9352): Function { params: [], return_type: SemanticTypeId(790) }
Expr ExprId(5983): Primitive(U32)
Expr ExprId(10976): Primitive(U64)
Expr ExprId(6285): Reference(LifetimeId(0), Immutable, SemanticTypeId(24))
Expr ExprId(3423): Struct(SymbolId(289), [SemanticTypeId(128)], [SemanticTypeId(128), SemanticTypeId(128)])
Expr ExprId(969): Primitive(I32)
Expr ExprId(662): Primitive(U64)
Expr ExprId(5792): Primitive(Bool)
Expr ExprId(6632): Primitive(U32)
Expr ExprId(2791): Primitive(Bool)
Expr ExprId(6341): Primitive(U64)
Expr ExprId(11223): Struct(SymbolId(480), [SemanticTypeId(1264), SemanticTypeId(1265)], [SemanticTypeId(788), SemanticTypeId(885), SemanticTypeId(1266), SemanticTypeId(1267), SemanticTypeId(24), SemanticTypeId(24), SemanticTypeId(24)])
Expr ExprId(987): GenericParam(SymbolId(524))
Expr ExprId(8866): Primitive(U64)
Expr ExprId(9806): Reference(LifetimeId(0), Mutable, SemanticTypeId(1078))
Expr ExprId(6161): Enum(SymbolId(467), [], [SemanticTypeId(0)])
Expr ExprId(439): Primitive(U64)
Expr ExprId(2178): Reference(LifetimeId(0), Immutable, SemanticTypeId(564))
Expr ExprId(5656): Primitive(U64)
Expr ExprId(9651): Void
Expr ExprId(3882): Primitive(Bool)
Expr ExprId(6104): Primitive(Char)
Expr ExprId(6222): Reference(LifetimeId(0), Immutable, SemanticTypeId(758))
Expr ExprId(11307): Enum(SymbolId(58), [SemanticTypeId(995)], [SemanticTypeId(995), SemanticTypeId(0)])
Expr ExprId(2800): Reference(LifetimeId(0), Immutable, SemanticTypeId(596))
Expr ExprId(7323): Primitive(U64)
Expr ExprId(3069): Enum(SymbolId(58), [SemanticTypeId(257)], [SemanticTypeId(257), SemanticTypeId(0)])
Expr ExprId(106): Primitive(I32)
Expr ExprId(4570): Pointer(Mutable, SemanticTypeId(1704))
Expr ExprId(4530): Primitive(I32)
Expr ExprId(6405): Primitive(I32)
Expr ExprId(1221): Struct(SymbolId(125), [SemanticTypeId(609)], [SemanticTypeId(659), SemanticTypeId(659)])
Expr ExprId(10495): Reference(LifetimeId(0), Mutable, SemanticTypeId(1078))
Expr ExprId(7423): Primitive(U8)
Expr ExprId(2190): Pointer(Mutable, SemanticTypeId(564))
Expr ExprId(10852): Primitive(U64)
Expr ExprId(7380): Primitive(I32)
Expr ExprId(8194): Void
Expr ExprId(9059): Primitive(U32)
Expr ExprId(11175): Enum(SymbolId(58), [SemanticTypeId(1314)], [SemanticTypeId(1314), SemanticTypeId(0)])
Expr ExprId(3245): Primitive(U16)
Expr ExprId(3849): Void
Expr ExprId(7307): Primitive(U64)
Expr ExprId(10135): Primitive(U8)
Expr ExprId(526): Primitive(U64)
Expr ExprId(6804): Primitive(U64)
Expr ExprId(11160): Enum(SymbolId(58), [SemanticTypeId(1335)], [SemanticTypeId(1335), SemanticTypeId(0)])
Expr ExprId(5658): Primitive(I32)
Expr ExprId(1293): Primitive(U64)
Expr ExprId(10410): Primitive(Bool)
Expr ExprId(499): Primitive(U64)
Expr ExprId(555): Primitive(U64)
Expr ExprId(6899): Reference(LifetimeId(0), Immutable, SemanticTypeId(786))
Expr ExprId(8867): Primitive(U8)
Expr ExprId(2200): Void
Expr ExprId(1310): Pointer(Mutable, SemanticTypeId(587))
Expr ExprId(8581): Primitive(U64)
Expr ExprId(9179): Primitive(I32)
Expr ExprId(10941): Pointer(Mutable, SemanticTypeId(1095))
Expr ExprId(4679): Function { params: [SemanticTypeId(734), SemanticTypeId(24)], return_type: SemanticTypeId(736) }
Expr ExprId(2413): Pointer(Immutable, SemanticTypeId(516))
Expr ExprId(4768): Reference(LifetimeId(0), Mutable, SemanticTypeId(1706))
Expr ExprId(5951): Primitive(U8)
Expr ExprId(5139): Function { params: [SemanticTypeId(1719), SemanticTypeId(1719)], return_type: SemanticTypeId(4) }
Expr ExprId(7972): Primitive(U64)
Expr ExprId(571): GenericParam(SymbolId(1128))
Expr ExprId(5334): Pointer(Mutable, SemanticTypeId(1704))
Expr ExprId(4872): Reference(LifetimeId(0), Mutable, SemanticTypeId(1706))
Expr ExprId(2737): Primitive(I32)
Expr ExprId(7088): Reference(LifetimeId(0), Immutable, SemanticTypeId(786))
Expr ExprId(11560): GenericParam(SymbolId(566))
Expr ExprId(6400): Primitive(I32)
Expr ExprId(4308): Function { params: [SemanticTypeId(24), SemanticTypeId(24)], return_type: SemanticTypeId(788) }
Expr ExprId(6540): Primitive(U8)
Expr ExprId(6327): Primitive(U64)
Expr ExprId(8961): Primitive(U8)
Expr ExprId(7238): Primitive(I32)
Expr ExprId(792): Reference(LifetimeId(0), Immutable, SemanticTypeId(124))
Expr ExprId(8742): Void
Expr ExprId(3523): Enum(SymbolId(58), [SemanticTypeId(222)], [SemanticTypeId(222), SemanticTypeId(0)])
Expr ExprId(2364): Function { params: [SemanticTypeId(714)], return_type: SemanticTypeId(713) }
Expr ExprId(1357): Pointer(Mutable, SemanticTypeId(507))
Expr ExprId(4138): Enum(SymbolId(58), [SemanticTypeId(422)], [SemanticTypeId(422), SemanticTypeId(0)])
Expr ExprId(11327): Struct(SymbolId(579), [SemanticTypeId(988)], [SemanticTypeId(991)])
Expr ExprId(9064): Primitive(U64)
Expr ExprId(4492): Primitive(U64)
Expr ExprId(8855): Primitive(U64)
Expr ExprId(10947): Void
Expr ExprId(2519): GenericParam(SymbolId(1678))
Expr ExprId(7020): Void
Expr ExprId(11491): Primitive(Bool)
Expr ExprId(11485): Primitive(Bool)
Expr ExprId(3622): Enum(SymbolId(58), [SemanticTypeId(115)], [SemanticTypeId(115), SemanticTypeId(0)])
Expr ExprId(7062): Primitive(Bool)
Expr ExprId(8691): Function { params: [SemanticTypeId(6)], return_type: SemanticTypeId(24) }
Expr ExprId(3603): Void
Expr ExprId(11408): Primitive(Bool)
Expr ExprId(7372): Primitive(Char)
Expr ExprId(7900): Primitive(U8)
Expr ExprId(9903): Void
Expr ExprId(3664): Primitive(Bool)
Expr ExprId(1295): Function { params: [SemanticTypeId(723), SemanticTypeId(24)], return_type: SemanticTypeId(725) }
Expr ExprId(3344): Primitive(I16)
Expr ExprId(9726): Pointer(Mutable, SemanticTypeId(1075))
Expr ExprId(10021): Primitive(U64)
Expr ExprId(3428): Struct(SymbolId(295), [SemanticTypeId(188)], [SemanticTypeId(188), SemanticTypeId(188), SemanticTypeId(4)])
Expr ExprId(9848): Pointer(Mutable, SemanticTypeId(24))
Expr ExprId(3209): Enum(SymbolId(58), [SemanticTypeId(217)], [SemanticTypeId(217), SemanticTypeId(0)])
Expr ExprId(9752): Function { params: [SemanticTypeId(709), SemanticTypeId(24)], return_type: SemanticTypeId(709) }
Expr ExprId(9490): Primitive(U64)
Expr ExprId(5521): Primitive(Bool)
Expr ExprId(6524): Primitive(U8)
Expr ExprId(10295): Pointer(Mutable, SemanticTypeId(1075))
Expr ExprId(6269): Function { params: [SemanticTypeId(24)], return_type: SemanticTypeId(24) }
Expr ExprId(5458): Reference(LifetimeId(0), Mutable, SemanticTypeId(1706))
Expr ExprId(5651): Primitive(U64)
Expr ExprId(1143): Primitive(Bool)
Expr ExprId(7432): Primitive(U32)
Expr ExprId(170): GenericParam(SymbolId(1020))
Expr ExprId(745): Primitive(I32)
Expr ExprId(6208): Reference(LifetimeId(0), Mutable, SemanticTypeId(1531))
Expr ExprId(5452): Reference(LifetimeId(0), Mutable, SemanticTypeId(1706))
Expr ExprId(943): Primitive(I128)
Expr ExprId(4703): Reference(LifetimeId(0), Mutable, SemanticTypeId(1706))
Expr ExprId(3645): Enum(SymbolId(58), [SemanticTypeId(69)], [SemanticTypeId(69), SemanticTypeId(0)])
Expr ExprId(7068): Primitive(Usize)
Expr ExprId(8671): Primitive(Bool)
Expr ExprId(10300): Enum(SymbolId(58), [SemanticTypeId(1150)], [SemanticTypeId(1150), SemanticTypeId(0)])
Expr ExprId(790): Primitive(I32)
Expr ExprId(3884): Enum(SymbolId(58), [SemanticTypeId(8)], [SemanticTypeId(8), SemanticTypeId(0)])
Expr ExprId(1144): Primitive(U64)
Expr ExprId(3467): Primitive(Bool)
Expr ExprId(1687): Pointer(Mutable, SemanticTypeId(526))
Expr ExprId(4446): Struct(SymbolId(33), [SemanticTypeId(1779)], [SemanticTypeId(1780), SemanticTypeId(24), SemanticTypeId(24)])
Expr ExprId(382): GenericParam(SymbolId(947))
Expr ExprId(10627): Reference(LifetimeId(0), Mutable, SemanticTypeId(1078))
Expr ExprId(6509): Primitive(U64)
Expr ExprId(3522): GenericParam(SymbolId(754))
Expr ExprId(11236): Struct(SymbolId(504), [SemanticTypeId(1264), SemanticTypeId(1265)], [SemanticTypeId(792), SemanticTypeId(1351), SemanticTypeId(1352), SemanticTypeId(24), SemanticTypeId(24)])
Expr ExprId(1854): Function { params: [SemanticTypeId(702), SemanticTypeId(701)], return_type: SemanticTypeId(0) }
Expr ExprId(5799): Primitive(I64)
Expr ExprId(7015): Primitive(Bool)
Expr ExprId(11130): Reference(LifetimeId(0), Mutable, SemanticTypeId(1112))
Expr ExprId(4989): Pointer(Mutable, SemanticTypeId(1704))
Expr ExprId(5141): GenericParam(SymbolId(2871))
Expr ExprId(7341): Primitive(I32)
Expr ExprId(7952): Primitive(U64)
Expr ExprId(6155): Void
Expr ExprId(8029): Primitive(U64)
Expr ExprId(3512): Reference(LifetimeId(0), Mutable, SemanticTypeId(224))
Expr ExprId(3595): Void
Expr ExprId(2588): Pointer(Immutable, SemanticTypeId(532))
Expr ExprId(10904): Void
Expr ExprId(5624): Primitive(U64)
Expr ExprId(182): Enum(SymbolId(58), [SemanticTypeId(1451)], [SemanticTypeId(1451), SemanticTypeId(0)])
Expr ExprId(3842): Enum(SymbolId(58), [SemanticTypeId(415)], [SemanticTypeId(415), SemanticTypeId(0)])
Expr ExprId(9668): Void
Expr ExprId(1133): Reference(LifetimeId(0), Mutable, SemanticTypeId(581))
Expr ExprId(6378): Primitive(U64)
Expr ExprId(11392): Reference(LifetimeId(0), Immutable, SemanticTypeId(897))
Expr ExprId(6526): Primitive(U8)
Expr ExprId(771): Reference(LifetimeId(0), Immutable, SemanticTypeId(91))
Expr ExprId(6947): Pointer(Immutable, SemanticTypeId(91))
Expr ExprId(3627): Enum(SymbolId(58), [SemanticTypeId(115)], [SemanticTypeId(115), SemanticTypeId(0)])
Expr ExprId(4045): GenericParam(SymbolId(448))
Expr ExprId(3686): Enum(SymbolId(58), [SemanticTypeId(401)], [SemanticTypeId(401), SemanticTypeId(0)])
Expr ExprId(5765): Enum(SymbolId(65), [SemanticTypeId(0), SemanticTypeId(830)], [SemanticTypeId(0), SemanticTypeId(830)])
Expr ExprId(556): Void
Expr ExprId(8281): Primitive(U64)
Expr ExprId(10657): Primitive(I32)
Expr ExprId(4785): Reference(LifetimeId(0), Mutable, SemanticTypeId(1706))
Expr ExprId(5616): Primitive(U64)
Expr ExprId(921): Reference(LifetimeId(0), Immutable, SemanticTypeId(15))
Expr ExprId(2161): Primitive(U64)
Expr ExprId(3850): Enum(SymbolId(58), [SemanticTypeId(415)], [SemanticTypeId(415), SemanticTypeId(0)])
Expr ExprId(1492): Primitive(Bool)
Expr ExprId(8275): Primitive(U64)
Expr ExprId(4776): Primitive(U64)
Expr ExprId(3838): GenericParam(SymbolId(418))
Expr ExprId(5042): Primitive(U64)
Expr ExprId(3803): Void
Expr ExprId(8787): Struct(SymbolId(351), [], [SemanticTypeId(789)])
Expr ExprId(4058): Enum(SymbolId(58), [SemanticTypeId(406)], [SemanticTypeId(406), SemanticTypeId(0)])
Expr ExprId(4029): GenericParam(SymbolId(444))
Expr ExprId(3653): Enum(SymbolId(58), [SemanticTypeId(69)], [SemanticTypeId(69), SemanticTypeId(0)])
Expr ExprId(1982): Primitive(U64)
Expr ExprId(6900): Pointer(Mutable, SemanticTypeId(91))
Expr ExprId(86): Function { params: [], return_type: SemanticTypeId(2) }
Expr ExprId(11207): GenericParam(SymbolId(989))
Expr ExprId(10555): Function { params: [], return_type: SemanticTypeId(24) }
Expr ExprId(8781): Primitive(U64)
Expr ExprId(4424): Pointer(Mutable, SemanticTypeId(1722))
Expr ExprId(688): Reference(LifetimeId(0), Immutable, SemanticTypeId(1648))
Expr ExprId(8644): Primitive(U64)
Expr ExprId(6066): Enum(SymbolId(65), [SemanticTypeId(0), SemanticTypeId(830)], [SemanticTypeId(0), SemanticTypeId(830)])
Expr ExprId(1609): Primitive(U64)
Expr ExprId(6006): Primitive(I64)
Expr ExprId(5517): Reference(LifetimeId(0), Immutable, SemanticTypeId(1706))
Expr ExprId(10925): Reference(LifetimeId(0), Mutable, SemanticTypeId(1105))
Expr ExprId(11182): Function { params: [], return_type: SemanticTypeId(1057) }
Expr ExprId(11391): Primitive(Bool)
Expr ExprId(8259): Primitive(U64)
Expr ExprId(8391): Primitive(U64)
Expr ExprId(658): Primitive(U64)
Expr ExprId(3932): Void
Expr ExprId(9095): Primitive(Usize)
Expr ExprId(1259): Pointer(Mutable, SemanticTypeId(524))
Expr ExprId(5084): Pointer(Immutable, SemanticTypeId(1766))
Expr ExprId(4151): Enum(SymbolId(58), [SemanticTypeId(422)], [SemanticTypeId(422), SemanticTypeId(0)])
Expr ExprId(3802): Primitive(U64)
Expr ExprId(3871): Enum(SymbolId(58), [SemanticTypeId(124)], [SemanticTypeId(124), SemanticTypeId(0)])
Expr ExprId(9016): Primitive(U8)
Expr ExprId(128): Primitive(I32)
Expr ExprId(8497): Primitive(U64)
Expr ExprId(11170): Reference(LifetimeId(0), Mutable, SemanticTypeId(1365))
Expr ExprId(1107): Primitive(U64)
Expr ExprId(10579): Primitive(U64)
Expr ExprId(10805): Reference(LifetimeId(0), Mutable, SemanticTypeId(1105))
Expr ExprId(752): Primitive(I64)
Expr ExprId(7612): Primitive(Bool)
Expr ExprId(7195): Void
Expr ExprId(1406): Pointer(Immutable, SemanticTypeId(3))
Expr ExprId(6887): Primitive(U64)
Expr ExprId(7092): Primitive(I32)
Expr ExprId(10187): Reference(LifetimeId(0), Mutable, SemanticTypeId(1075))
Expr ExprId(5155): Function { params: [SemanticTypeId(1166)], return_type: SemanticTypeId(0) }
Expr ExprId(4644): Pointer(Immutable, SemanticTypeId(1704))
Expr ExprId(6597): Primitive(Bool)
Expr ExprId(4754): Pointer(Mutable, SemanticTypeId(91))
Expr ExprId(4866): Void
Expr ExprId(4649): Enum(SymbolId(58), [SemanticTypeId(1719)], [SemanticTypeId(1719), SemanticTypeId(0)])
Expr ExprId(336): Enum(SymbolId(58), [SemanticTypeId(1885)], [SemanticTypeId(1885), SemanticTypeId(0)])
Expr ExprId(11623): Primitive(U64)
Expr ExprId(8850): Void
Expr ExprId(386): GenericParam(SymbolId(947))
Expr ExprId(7793): Enum(SymbolId(58), [SemanticTypeId(768)], [SemanticTypeId(768), SemanticTypeId(0)])
Expr ExprId(2647): Function { params: [SemanticTypeId(522), SemanticTypeId(24), SemanticTypeId(24), SemanticTypeId(24)], return_type: SemanticTypeId(0) }
Expr ExprId(2535): Pointer(Mutable, SemanticTypeId(532))
Expr ExprId(7550): Pointer(Immutable, SemanticTypeId(91))
Expr ExprId(8441): Primitive(I32)
Expr ExprId(8700): Reference(LifetimeId(0), Immutable, SemanticTypeId(786))
Expr ExprId(9217): Reference(LifetimeId(0), Immutable, SemanticTypeId(786))
Expr ExprId(11319): Enum(SymbolId(58), [SemanticTypeId(940)], [SemanticTypeId(940), SemanticTypeId(0)])
Expr ExprId(10894): Reference(LifetimeId(0), Mutable, SemanticTypeId(1105))
Expr ExprId(8182): Pointer(Immutable, SemanticTypeId(91))
Expr ExprId(11215): Struct(SymbolId(480), [SemanticTypeId(1264), SemanticTypeId(1265)], [SemanticTypeId(788), SemanticTypeId(885), SemanticTypeId(1266), SemanticTypeId(1267), SemanticTypeId(24), SemanticTypeId(24), SemanticTypeId(24)])
Expr ExprId(1727): Function { params: [SemanticTypeId(709), SemanticTypeId(24)], return_type: SemanticTypeId(709) }
Expr ExprId(11597): Primitive(I32)
Expr ExprId(7766): Primitive(U64)
Expr ExprId(7804): Primitive(I32)
Expr ExprId(10517): Primitive(U64)
Expr ExprId(2092): Primitive(U64)
Expr ExprId(8199): Primitive(Usize)
Expr ExprId(10729): Primitive(U64)
Expr ExprId(5970): Reference(LifetimeId(0), Immutable, SemanticTypeId(91))
Expr ExprId(5601): Reference(LifetimeId(0), Mutable, SemanticTypeId(1706))
Expr ExprId(4335): Primitive(Usize)
Expr ExprId(4908): Primitive(U64)
Expr ExprId(2905): Enum(SymbolId(58), [SemanticTypeId(134)], [SemanticTypeId(134), SemanticTypeId(0)])
Expr ExprId(451): Primitive(U64)
Expr ExprId(11582): Enum(SymbolId(58), [SemanticTypeId(1181)], [SemanticTypeId(1181), SemanticTypeId(0)])
Expr ExprId(1781): Primitive(U64)
Expr ExprId(5135): Primitive(U64)
Expr ExprId(5063): Primitive(Bool)
Expr ExprId(10735): Primitive(U64)
Expr ExprId(6335): Primitive(U64)
Expr ExprId(2310): Primitive(U64)
Expr ExprId(3451): Enum(SymbolId(58), [SemanticTypeId(114)], [SemanticTypeId(114), SemanticTypeId(0)])
Expr ExprId(7759): Enum(SymbolId(58), [SemanticTypeId(768)], [SemanticTypeId(768), SemanticTypeId(0)])
Expr ExprId(11292): Tuple([SemanticTypeId(1283), SemanticTypeId(1284)])
Expr ExprId(470): Pointer(Immutable, SemanticTypeId(1672))
Expr ExprId(1178): Primitive(U64)
Expr ExprId(10643): Function { params: [SemanticTypeId(714)], return_type: SemanticTypeId(713) }
Expr ExprId(3483): GenericParam(SymbolId(760))
Expr ExprId(5526): Pointer(Immutable, SemanticTypeId(1704))
Expr ExprId(8890): Primitive(U64)
Expr ExprId(7094): Primitive(I32)
Expr ExprId(5075): Primitive(U64)
Expr ExprId(6434): Primitive(U8)
Expr ExprId(4737): Primitive(Bool)
Expr ExprId(10290): Primitive(U64)
Expr ExprId(7496): Primitive(I32)
Expr ExprId(1937): Pointer(Mutable, SemanticTypeId(520))
Expr ExprId(4544): Function { params: [SemanticTypeId(709), SemanticTypeId(24)], return_type: SemanticTypeId(709) }
Expr ExprId(1737): Pointer(Mutable, SemanticTypeId(526))
Expr ExprId(7654): Primitive(I32)
Expr ExprId(5298): Reference(LifetimeId(0), Mutable, SemanticTypeId(1706))
Expr ExprId(9706): Primitive(I32)
Expr ExprId(7532): Void
Expr ExprId(5206): Primitive(U64)
Expr ExprId(7473): Primitive(I32)
Expr ExprId(6179): Primitive(U64)
Expr ExprId(6348): Primitive(I32)
Expr ExprId(4885): Void
Expr ExprId(6254): Primitive(Bool)
Expr ExprId(9501): Primitive(U64)
Expr ExprId(5863): Primitive(I32)
Expr ExprId(4524): Function { params: [SemanticTypeId(714)], return_type: SemanticTypeId(713) }
Expr ExprId(8775): Struct(SymbolId(351), [], [SemanticTypeId(789)])
Expr ExprId(3229): Primitive(U8)
Expr ExprId(3279): Primitive(U32)
Expr ExprId(1462): Primitive(U64)
Expr ExprId(858): Primitive(I32)
Expr ExprId(4040): GenericParam(SymbolId(448))
Expr ExprId(8424): Function { params: [], return_type: SemanticTypeId(2) }
Expr ExprId(6500): Primitive(Bool)
Expr ExprId(1120): Reference(LifetimeId(0), Immutable, SemanticTypeId(538))
Expr ExprId(10414): Primitive(I32)
Expr ExprId(442): Pointer(Mutable, SemanticTypeId(708))
Expr ExprId(1405): Pointer(Immutable, SemanticTypeId(3))
Expr ExprId(9221): Struct(SymbolId(366), [], [SemanticTypeId(792), SemanticTypeId(24)])
Expr ExprId(5918): Enum(SymbolId(65), [SemanticTypeId(0), SemanticTypeId(830)], [SemanticTypeId(0), SemanticTypeId(830)])
Expr ExprId(3340): Primitive(Bool)
Expr ExprId(9494): Primitive(U64)
Expr ExprId(3123): Primitive(Bool)
Expr ExprId(9596): Primitive(U64)
Expr ExprId(693): Primitive(U64)
Expr ExprId(2899): Enum(SymbolId(58), [SemanticTypeId(209)], [SemanticTypeId(209), SemanticTypeId(0)])
Expr ExprId(10031): Primitive(U8)
Expr ExprId(188): Function { params: [SemanticTypeId(1470)], return_type: SemanticTypeId(4) }
Expr ExprId(5445): GenericParam(SymbolId(2871))
Expr ExprId(2122): Primitive(I32)
Expr ExprId(4944): Primitive(I32)
Expr ExprId(6870): Pointer(Immutable, SemanticTypeId(91))
Expr ExprId(9560): Reference(LifetimeId(0), Immutable, SemanticTypeId(1078))
Expr ExprId(7978): Primitive(I32)
Expr ExprId(7258): Primitive(U32)
Expr ExprId(7021): Primitive(U64)
Expr ExprId(7725): Primitive(U32)
Expr ExprId(10425): Primitive(U8)
Expr ExprId(5385): Void
Expr ExprId(8528): Primitive(I32)
Expr ExprId(4329): Struct(SymbolId(33), [SemanticTypeId(1749)], [SemanticTypeId(1752), SemanticTypeId(24), SemanticTypeId(24)])
Expr ExprId(5004): Void
Expr ExprId(3750): Primitive(Bool)
Expr ExprId(6499): Primitive(U64)
Expr ExprId(3962): GenericParam(SymbolId(436))
Expr ExprId(9458): Function { params: [], return_type: SemanticTypeId(24) }
Expr ExprId(4797): Reference(LifetimeId(0), Mutable, SemanticTypeId(1706))
Expr ExprId(5868): Reference(LifetimeId(0), Mutable, SemanticTypeId(1528))
Expr ExprId(890): Primitive(I32)
Expr ExprId(5082): Pointer(Mutable, SemanticTypeId(1766))
Expr ExprId(3574): Primitive(Bool)
Expr ExprId(8921): Primitive(Bool)
Expr ExprId(11385): Reference(LifetimeId(0), Immutable, SemanticTypeId(893))
Expr ExprId(1136): Primitive(Bool)
Expr ExprId(8250): Reference(LifetimeId(0), Immutable, SemanticTypeId(786))
Expr ExprId(5355): GenericParam(SymbolId(2871))
Expr ExprId(4245): Primitive(U64)
Expr ExprId(2721): Primitive(I32)
Expr ExprId(425): Struct(SymbolId(22), [], [SemanticTypeId(1204)])
Expr ExprId(7516): Primitive(U8)
Expr ExprId(8430): Primitive(Bool)
Expr ExprId(11459): GenericParam(SymbolId(897))
Expr ExprId(8808): Primitive(Usize)
Expr ExprId(5778): Primitive(Char)
Expr ExprId(2983): Void
Expr ExprId(3110): Struct(SymbolId(241), [SemanticTypeId(189), SemanticTypeId(297), SemanticTypeId(323)], [SemanticTypeId(189), SemanticTypeId(325)])
Expr ExprId(2325): Primitive(I32)
Expr ExprId(1780): Pointer(Mutable, SemanticTypeId(520))
Expr ExprId(7057): Primitive(U64)
Expr ExprId(3985): Primitive(Isize)
Expr ExprId(6675): Primitive(U32)
Expr ExprId(10615): Primitive(U8)
Expr ExprId(5922): Primitive(Bool)
Expr ExprId(7365): Primitive(U8)
Expr ExprId(3195): GenericParam(SymbolId(724))
Expr ExprId(11051): Primitive(I32)
Expr ExprId(11152): Reference(LifetimeId(0), Mutable, SemanticTypeId(1414))
Expr ExprId(2137): Reference(LifetimeId(0), Mutable, SemanticTypeId(567))
Expr ExprId(9079): Void
Expr ExprId(1890): Function { params: [SemanticTypeId(717), SemanticTypeId(718), SemanticTypeId(24)], return_type: SemanticTypeId(0) }
Expr ExprId(8168): Primitive(U64)
Expr ExprId(7197): Primitive(I32)
Expr ExprId(1881): Pointer(Immutable, SemanticTypeId(520))
Expr ExprId(7724): Enum(SymbolId(58), [SemanticTypeId(768)], [SemanticTypeId(768), SemanticTypeId(0)])
Expr ExprId(1945): Primitive(U64)
Expr ExprId(6351): Primitive(U64)
Expr ExprId(8950): Primitive(U32)
Expr ExprId(4588): Primitive(Bool)
Expr ExprId(11429): Struct(SymbolId(576), [SemanticTypeId(881)], [SemanticTypeId(932)])
Expr ExprId(1258): Reference(LifetimeId(0), Mutable, SemanticTypeId(683))
Expr ExprId(8731): Primitive(U64)
Expr ExprId(4220): Function { params: [SemanticTypeId(788), SemanticTypeId(24), SemanticTypeId(24)], return_type: SemanticTypeId(0) }
Expr ExprId(11620): Struct(SymbolId(33), [SemanticTypeId(3)], [SemanticTypeId(727), SemanticTypeId(24), SemanticTypeId(24)])
Expr ExprId(8954): Reference(LifetimeId(0), Immutable, SemanticTypeId(786))
Expr ExprId(7278): Primitive(U64)
Expr ExprId(3668): Primitive(Bool)
Expr ExprId(10331): Enum(SymbolId(58), [SemanticTypeId(1099)], [SemanticTypeId(1099), SemanticTypeId(0)])
Expr ExprId(9340): Struct(SymbolId(33), [SemanticTypeId(91)], [SemanticTypeId(788), SemanticTypeId(24), SemanticTypeId(24)])
Expr ExprId(1825): Primitive(I32)
Expr ExprId(3249): Primitive(U16)
Expr ExprId(7466): Primitive(U64)
Expr ExprId(10545): Function { params: [], return_type: SemanticTypeId(24) }
Expr ExprId(10222): Reference(LifetimeId(0), Mutable, SemanticTypeId(1078))
Expr ExprId(10260): Void
Expr ExprId(830): Primitive(Usize)
Expr ExprId(679): Primitive(U64)
Expr ExprId(6641): Primitive(I32)
Expr ExprId(6373): Primitive(Bool)
Expr ExprId(6568): Primitive(U8)
Expr ExprId(2259): Pointer(Immutable, SemanticTypeId(518))
Expr ExprId(10045): Pointer(Mutable, SemanticTypeId(1074))
Expr ExprId(457): Primitive(U64)
Expr ExprId(4288): Primitive(U64)
Expr ExprId(3478): GenericParam(SymbolId(760))
Expr ExprId(5558): Primitive(U64)
Expr ExprId(3541): Void
Expr ExprId(137): Primitive(Bool)
Expr ExprId(1348): Reference(LifetimeId(0), Mutable, SemanticTypeId(508))
Expr ExprId(6983): Void
Expr ExprId(5725): Reference(LifetimeId(0), Immutable, SemanticTypeId(1745))
Expr ExprId(10201): Function { params: [SemanticTypeId(709), SemanticTypeId(24)], return_type: SemanticTypeId(709) }
Expr ExprId(6240): Primitive(U64)
Expr ExprId(3265): Primitive(U32)
Expr ExprId(4136): GenericParam(SymbolId(461))
Expr ExprId(6979): Primitive(U64)
Expr ExprId(1032): Primitive(U64)
Expr ExprId(4663): GenericParam(SymbolId(2871))
Expr ExprId(1547): Primitive(U64)
Expr ExprId(5217): Void
Expr ExprId(215): Reference(LifetimeId(0), Immutable, SemanticTypeId(1871))
Expr ExprId(10658): Primitive(U8)
Expr ExprId(5300): Primitive(Bool)
Expr ExprId(7193): Primitive(U64)
Expr ExprId(11637): Primitive(Bool)
Expr ExprId(6925): Primitive(U64)
Expr ExprId(7961): Primitive(U64)
Expr ExprId(581): Primitive(Bool)
Expr ExprId(9312): Primitive(U64)
Expr ExprId(6423): Primitive(U64)
Expr ExprId(2958): Primitive(I32)
Expr ExprId(8167): Primitive(Bool)
Expr ExprId(6261): Primitive(U64)
Expr ExprId(5423): Pointer(Immutable, SemanticTypeId(1704))
Expr ExprId(2634): Primitive(U64)
Expr ExprId(2095): Function { params: [SemanticTypeId(536), SemanticTypeId(24), SemanticTypeId(24), SemanticTypeId(24), SemanticTypeId(573)], return_type: SemanticTypeId(0) }
Expr ExprId(3105): Void
Expr ExprId(6354): Primitive(U64)
Expr ExprId(7217): Primitive(U32)
Expr ExprId(7011): Primitive(I32)
Expr ExprId(2670): Primitive(U64)
Expr ExprId(7249): Primitive(U64)
Expr ExprId(11484): Struct(SymbolId(576), [SemanticTypeId(881)], [SemanticTypeId(932)])
Expr ExprId(10861): Primitive(U64)
Expr ExprId(1850): Void
Expr ExprId(6480): Primitive(U64)
Expr ExprId(2937): Reference(LifetimeId(0), Mutable, SemanticTypeId(103))
Expr ExprId(9214): Void
Expr ExprId(8208): Primitive(Bool)
Expr ExprId(10188): Void
Expr ExprId(6711): Reference(LifetimeId(0), Mutable, SemanticTypeId(789))
Expr ExprId(2998): GenericParam(SymbolId(749))
Expr ExprId(10752): Reference(LifetimeId(0), Mutable, SemanticTypeId(1078))
Expr ExprId(9733): Reference(LifetimeId(0), Mutable, SemanticTypeId(1078))
Expr ExprId(10183): Function { params: [SemanticTypeId(709), SemanticTypeId(24)], return_type: SemanticTypeId(709) }
Expr ExprId(10995): Primitive(I32)
Expr ExprId(9632): Primitive(U64)
Expr ExprId(5405): Primitive(Bool)
Expr ExprId(7859): Primitive(U64)
Expr ExprId(3259): Primitive(U16)
Expr ExprId(7914): Enum(SymbolId(58), [SemanticTypeId(768)], [SemanticTypeId(768), SemanticTypeId(0)])
Expr ExprId(8012): Void
Expr ExprId(5320): Primitive(U64)
Expr ExprId(2308): Function { params: [SemanticTypeId(702), SemanticTypeId(701)], return_type: SemanticTypeId(0) }
Expr ExprId(5729): Primitive(I32)
Expr ExprId(2859): Primitive(U64)
Expr ExprId(1130): Reference(LifetimeId(0), Mutable, SemanticTypeId(581))
Expr ExprId(9734): Primitive(U64)
Expr ExprId(10926): Pointer(Mutable, SemanticTypeId(24))
Expr ExprId(4131): Enum(SymbolId(58), [SemanticTypeId(422)], [SemanticTypeId(422), SemanticTypeId(0)])
Expr ExprId(8487): Primitive(Bool)
Expr ExprId(3661): Void
Expr ExprId(2428): Primitive(I32)
Expr ExprId(4518): Primitive(U64)
Expr ExprId(742): Primitive(I16)
Expr ExprId(1166): Reference(LifetimeId(0), Mutable, SemanticTypeId(506))
Expr ExprId(3952): GenericParam(SymbolId(434))
Expr ExprId(7675): Primitive(U64)
Expr ExprId(9816): Reference(LifetimeId(0), Mutable, SemanticTypeId(1078))
Expr ExprId(191): Primitive(Bool)
Expr ExprId(5124): Pointer(Immutable, SemanticTypeId(1704))
Expr ExprId(9088): Primitive(U64)
Expr ExprId(9534): Primitive(I32)
Expr ExprId(5882): Enum(SymbolId(467), [], [SemanticTypeId(0)])
Expr ExprId(832): Primitive(Usize)
Expr ExprId(1554): Primitive(I32)
Expr ExprId(3694): Primitive(Bool)
Expr ExprId(6710): Void
Expr ExprId(4624): Primitive(U64)
Expr ExprId(8059): Primitive(U64)
Expr ExprId(2879): Primitive(U64)
Expr ExprId(9669): Primitive(U64)
Expr ExprId(756): Reference(LifetimeId(0), Immutable, SemanticTypeId(15))
Expr ExprId(8240): Primitive(U64)
Expr ExprId(1644): Primitive(Bool)
Expr ExprId(3908): Primitive(I32)
Expr ExprId(11581): Enum(SymbolId(58), [SemanticTypeId(1181)], [SemanticTypeId(1181), SemanticTypeId(0)])
Expr ExprId(11191): Struct(SymbolId(480), [SemanticTypeId(1264), SemanticTypeId(1265)], [SemanticTypeId(788), SemanticTypeId(885), SemanticTypeId(1266), SemanticTypeId(1267), SemanticTypeId(24), SemanticTypeId(24), SemanticTypeId(24)])
Expr ExprId(9795): Pointer(Mutable, SemanticTypeId(1075))
Expr ExprId(5711): Void
Expr ExprId(2989): Void
Expr ExprId(228): Enum(SymbolId(65), [SemanticTypeId(1889), SemanticTypeId(1890)], [SemanticTypeId(1889), SemanticTypeId(1890)])
Expr ExprId(2394): Pointer(Mutable, SemanticTypeId(516))
Expr ExprId(6774): Primitive(Bool)
Expr ExprId(8416): Function { params: [], return_type: SemanticTypeId(2) }
Expr ExprId(10566): Primitive(U64)
Expr ExprId(397): Never
Expr ExprId(6191): Enum(SymbolId(65), [SemanticTypeId(0), SemanticTypeId(830)], [SemanticTypeId(0), SemanticTypeId(830)])
Expr ExprId(3358): Reference(LifetimeId(0), Immutable, SemanticTypeId(11))
Expr ExprId(4704): Primitive(U64)
Expr ExprId(8138): Primitive(Bool)
Expr ExprId(405): Enum(SymbolId(9), [SemanticTypeId(1197), SemanticTypeId(1216)], [SemanticTypeId(1216), SemanticTypeId(1197)])
Expr ExprId(466): Primitive(U64)
Expr ExprId(10706): Primitive(U64)
Expr ExprId(4356): Primitive(U64)
Expr ExprId(8667): Primitive(U64)
Expr ExprId(1432): Primitive(U64)
Expr ExprId(9803): Void
Expr ExprId(1582): Primitive(U64)
Expr ExprId(8622): Primitive(U64)
Expr ExprId(8000): Function { params: [SemanticTypeId(705), SemanticTypeId(24)], return_type: SemanticTypeId(705) }
Expr ExprId(5269): Primitive(U64)
Expr ExprId(1634): Primitive(Bool)
Expr ExprId(10355): Reference(LifetimeId(0), Immutable, SemanticTypeId(1074))
Expr ExprId(1331): Reference(LifetimeId(0), Mutable, SemanticTypeId(508))
Expr ExprId(9585): Function { params: [SemanticTypeId(24)], return_type: SemanticTypeId(24) }
Expr ExprId(3942): Primitive(I16)
Expr ExprId(8883): Primitive(U64)
Expr ExprId(5629): Reference(LifetimeId(0), Immutable, SemanticTypeId(1716))
Expr ExprId(4223): Pointer(Mutable, SemanticTypeId(91))
Expr ExprId(1558): Primitive(I32)
Expr ExprId(9467): Primitive(U64)
Expr ExprId(2932): Primitive(U64)
Expr ExprId(248): Pointer(Mutable, SemanticTypeId(1869))
Expr ExprId(7571): Primitive(I32)
Expr ExprId(6668): Reference(LifetimeId(0), Mutable, SemanticTypeId(789))
Expr ExprId(9779): Primitive(U64)
Expr ExprId(11542): Struct(SymbolId(33), [SemanticTypeId(1170)], [SemanticTypeId(1171), SemanticTypeId(24), SemanticTypeId(24)])
Expr ExprId(5772): Primitive(U8)
Expr ExprId(9896): Void
Expr ExprId(5669): Function { params: [SemanticTypeId(1166)], return_type: SemanticTypeId(0) }
Expr ExprId(4941): Primitive(U64)
Expr ExprId(2103): Primitive(Bool)
Expr ExprId(7408): Primitive(U32)
Expr ExprId(2343): Primitive(U64)
Expr ExprId(2963): GenericParam(SymbolId(736))
Expr ExprId(6647): Primitive(U32)
Expr ExprId(10246): Function { params: [SemanticTypeId(709), SemanticTypeId(24)], return_type: SemanticTypeId(709) }
Expr ExprId(7142): Primitive(U64)
Expr ExprId(1637): Primitive(U64)
Expr ExprId(10332): Void
Expr ExprId(10079): Primitive(U64)
Expr ExprId(2893): Void
Expr ExprId(11378): Reference(LifetimeId(0), Immutable, SemanticTypeId(897))
Expr ExprId(10654): Function { params: [SemanticTypeId(705), SemanticTypeId(24)], return_type: SemanticTypeId(705) }
Expr ExprId(4576): Primitive(U64)
Expr ExprId(4098): Enum(SymbolId(58), [SemanticTypeId(411)], [SemanticTypeId(411), SemanticTypeId(0)])
Expr ExprId(10322): Pointer(Mutable, SemanticTypeId(1075))
Expr ExprId(11224): Reference(LifetimeId(0), Immutable, SemanticTypeId(1264))
Expr ExprId(6017): Primitive(I32)
Expr ExprId(7340): Primitive(U64)
Expr ExprId(10588): Primitive(I32)
Expr ExprId(7719): Primitive(I32)
Expr ExprId(10386): Function { params: [SemanticTypeId(709), SemanticTypeId(24)], return_type: SemanticTypeId(709) }
Expr ExprId(5318): Primitive(U64)
Expr ExprId(11514): Function { params: [], return_type: SemanticTypeId(992) }
Expr ExprId(2091): Primitive(U64)
Expr ExprId(8966): Primitive(U64)
Expr ExprId(8409): Primitive(Bool)
Expr ExprId(9171): Primitive(Usize)
Expr ExprId(7058): Primitive(I32)
Expr ExprId(9658): Pointer(Immutable, SemanticTypeId(1074))
Expr ExprId(4207): GenericParam(SymbolId(1189))
Expr ExprId(4142): GenericParam(SymbolId(460))
Expr ExprId(11112): Enum(SymbolId(58), [SemanticTypeId(1143)], [SemanticTypeId(1143), SemanticTypeId(0)])
Expr ExprId(9172): Primitive(U64)
Expr ExprId(784): Reference(LifetimeId(0), Immutable, SemanticTypeId(124))
Expr ExprId(1487): Primitive(Bool)
Expr ExprId(2753): Primitive(Usize)
Expr ExprId(6458): Primitive(Bool)
Expr ExprId(848): Primitive(Bool)
Expr ExprId(10968): Primitive(Bool)
Expr ExprId(11240): Struct(SymbolId(549), [SemanticTypeId(1264), SemanticTypeId(1265)], [SemanticTypeId(1268)])
Expr ExprId(1583): Primitive(U64)
Expr ExprId(4591): Reference(LifetimeId(0), Mutable, SemanticTypeId(1706))
Expr ExprId(10075): Void
Expr ExprId(7273): Enum(SymbolId(65), [SemanticTypeId(0), SemanticTypeId(830)], [SemanticTypeId(0), SemanticTypeId(830)])
Expr ExprId(5944): Enum(SymbolId(65), [SemanticTypeId(0), SemanticTypeId(830)], [SemanticTypeId(0), SemanticTypeId(830)])
Expr ExprId(9802): Function { params: [SemanticTypeId(702), SemanticTypeId(701)], return_type: SemanticTypeId(0) }
Expr ExprId(9691): Primitive(U64)
Expr ExprId(10503): Void
Expr ExprId(2808): Reference(LifetimeId(0), Immutable, SemanticTypeId(534))
Expr ExprId(4685): Primitive(I32)
Expr ExprId(9889): Pointer(Mutable, SemanticTypeId(1075))
Expr ExprId(8065): Primitive(U8)
Expr ExprId(7639): Primitive(U8)
Expr ExprId(9232): Reference(LifetimeId(0), Immutable, SemanticTypeId(793))
Expr ExprId(10723): Function { params: [], return_type: SemanticTypeId(24) }
Expr ExprId(8254): Primitive(U64)
Expr ExprId(8882): Reference(LifetimeId(0), Immutable, SemanticTypeId(786))
Expr ExprId(494): Primitive(U64)
Expr ExprId(7552): Primitive(U8)
Expr ExprId(11420): Primitive(Bool)
Expr ExprId(2842): Void
Expr ExprId(1350): Pointer(Mutable, SemanticTypeId(507))
Expr ExprId(5833): Primitive(U8)
Expr ExprId(9894): Pointer(Mutable, SemanticTypeId(1075))
Expr ExprId(9538): Struct(SymbolId(480), [SemanticTypeId(1108), SemanticTypeId(1118)], [SemanticTypeId(788), SemanticTypeId(885), SemanticTypeId(1133), SemanticTypeId(1119), SemanticTypeId(24), SemanticTypeId(24), SemanticTypeId(24)])
Expr ExprId(1883): GenericParam(SymbolId(1637))
Expr ExprId(8899): Primitive(U64)
Expr ExprId(10452): Primitive(U64)
Expr ExprId(6135): Pointer(Immutable, SemanticTypeId(91))
Expr ExprId(5637): Void
Expr ExprId(7866): Primitive(U64)
Expr ExprId(8081): Primitive(U64)
Expr ExprId(10363): Reference(LifetimeId(0), Mutable, SemanticTypeId(1078))
Expr ExprId(7196): Primitive(U8)
Expr ExprId(7101): Primitive(Bool)
Expr ExprId(7253): Primitive(U8)
Expr ExprId(4821): Primitive(U64)
Expr ExprId(4460): Void
Expr ExprId(2422): Primitive(I32)
Expr ExprId(10263): Pointer(Mutable, SemanticTypeId(1075))
Expr ExprId(9054): Primitive(U64)
Expr ExprId(4493): Reference(LifetimeId(0), Mutable, SemanticTypeId(1706))
Expr ExprId(1523): Primitive(U64)
Expr ExprId(7179): Primitive(I32)
Expr ExprId(3545): Void
Expr ExprId(3687): Function { params: [SemanticTypeId(393), SemanticTypeId(401)], return_type: SemanticTypeId(393) }
Expr ExprId(8078): Primitive(U64)
Expr ExprId(2442): Primitive(I32)
Expr ExprId(2726): Primitive(U64)
Expr ExprId(7969): Primitive(Usize)
Expr ExprId(4012): Primitive(U64)
Expr ExprId(7284): Primitive(U8)
Expr ExprId(10898): Primitive(U64)
Expr ExprId(10361): Enum(SymbolId(477), [], [SemanticTypeId(24), SemanticTypeId(24)])
Expr ExprId(7637): Primitive(I32)
Expr ExprId(11334): Function { params: [SemanticTypeId(24)], return_type: SemanticTypeId(1064) }
Expr ExprId(10453): Function { params: [SemanticTypeId(709), SemanticTypeId(24)], return_type: SemanticTypeId(709) }
Expr ExprId(6002): Enum(SymbolId(65), [SemanticTypeId(0), SemanticTypeId(830)], [SemanticTypeId(0), SemanticTypeId(830)])
Expr ExprId(272): GenericParam(SymbolId(1211))
Expr ExprId(6854): Primitive(Bool)
Expr ExprId(6914): Primitive(U64)
Expr ExprId(10186): GenericParam(SymbolId(931))
Expr ExprId(5708): Primitive(U64)
Expr ExprId(9244): Reference(LifetimeId(0), Immutable, SemanticTypeId(793))
Expr ExprId(9254): Struct(SymbolId(351), [], [SemanticTypeId(789)])
Expr ExprId(705): Primitive(Char)
Expr ExprId(6342): Primitive(U64)
Expr ExprId(11464): Function { params: [], return_type: SemanticTypeId(992) }
Expr ExprId(6692): Primitive(I32)
Expr ExprId(593): Primitive(U8)
Expr ExprId(6721): Primitive(U32)
Expr ExprId(4793): Primitive(U64)
Expr ExprId(3311): Reference(LifetimeId(0), Immutable, SemanticTypeId(7))
Expr ExprId(4839): Void
Expr ExprId(7696): Primitive(U32)
Expr ExprId(6731): Primitive(I32)
Expr ExprId(7761): Primitive(I32)
Expr ExprId(10228): Primitive(U64)
Expr ExprId(8894): Reference(LifetimeId(0), Immutable, SemanticTypeId(786))
Expr ExprId(11163): Enum(SymbolId(58), [SemanticTypeId(1430)], [SemanticTypeId(1430), SemanticTypeId(0)])
Expr ExprId(7213): Primitive(U8)
Expr ExprId(1168): Reference(LifetimeId(0), Mutable, SemanticTypeId(546))
Expr ExprId(9158): Primitive(U64)
Expr ExprId(8542): Primitive(U64)
Expr ExprId(767): Primitive(I128)
Expr ExprId(3996): Primitive(I32)
Expr ExprId(6068): Primitive(Char)
Expr ExprId(3529): Reference(LifetimeId(0), Mutable, SemanticTypeId(172))
Expr ExprId(5446): Reference(LifetimeId(0), Mutable, SemanticTypeId(1706))
Expr ExprId(5906): Primitive(Char)
Expr ExprId(8453): Primitive(U64)
Expr ExprId(8598): Void
Expr ExprId(9398): Struct(SymbolId(351), [], [SemanticTypeId(789)])
Expr ExprId(2820): Reference(LifetimeId(0), Mutable, SemanticTypeId(635))
Expr ExprId(10292): Enum(SymbolId(477), [], [SemanticTypeId(24), SemanticTypeId(24)])
Expr ExprId(7129): Primitive(U64)
Expr ExprId(2641): Primitive(U64)
Expr ExprId(7210): Primitive(I32)
Expr ExprId(7309): Primitive(U64)
Expr ExprId(7441): Primitive(U8)
Expr ExprId(8606): Primitive(U64)
Expr ExprId(199): Enum(SymbolId(58), [SemanticTypeId(1452)], [SemanticTypeId(1452), SemanticTypeId(0)])
Expr ExprId(6357): Primitive(I32)
Expr ExprId(5780): Primitive(Bool)
Expr ExprId(338): Enum(SymbolId(65), [SemanticTypeId(1935), SemanticTypeId(1884)], [SemanticTypeId(1935), SemanticTypeId(1884)])
Expr ExprId(6399): Primitive(U64)
Expr ExprId(5998): Reference(LifetimeId(0), Immutable, SemanticTypeId(7))
Expr ExprId(3278): Reference(LifetimeId(0), Immutable, SemanticTypeId(8))
Expr ExprId(11352): Struct(SymbolId(549), [SemanticTypeId(893), SemanticTypeId(884)], [SemanticTypeId(895)])
Expr ExprId(7563): Primitive(U64)
Expr ExprId(6448): Primitive(U8)
Expr ExprId(3367): Reference(LifetimeId(0), Immutable, SemanticTypeId(3))
Expr ExprId(6141): Pointer(Immutable, SemanticTypeId(91))
Expr ExprId(1626): Primitive(U64)
Expr ExprId(472): Primitive(I64)
Expr ExprId(1329): Reference(LifetimeId(0), Mutable, SemanticTypeId(631))
Expr ExprId(4070): Enum(SymbolId(58), [SemanticTypeId(404)], [SemanticTypeId(404), SemanticTypeId(0)])
Expr ExprId(2261): Pointer(Immutable, SemanticTypeId(518))
Expr ExprId(5904): Enum(SymbolId(65), [SemanticTypeId(0), SemanticTypeId(830)], [SemanticTypeId(0), SemanticTypeId(830)])
Expr ExprId(6988): Primitive(Bool)
Expr ExprId(133): Reference(LifetimeId(0), Immutable, SemanticTypeId(1451))
Expr ExprId(6316): Primitive(U64)
Expr ExprId(8844): Reference(LifetimeId(0), Immutable, SemanticTypeId(786))
Expr ExprId(10553): Primitive(U64)
Expr ExprId(6685): Primitive(I32)
Expr ExprId(167): Enum(SymbolId(58), [SemanticTypeId(1456)], [SemanticTypeId(1456), SemanticTypeId(0)])
Expr ExprId(2664): Primitive(U64)
Expr ExprId(8201): Reference(LifetimeId(0), Immutable, SemanticTypeId(790))
Expr ExprId(5157): Primitive(U64)
Expr ExprId(7111): Primitive(Bool)
Expr ExprId(5388): Pointer(Mutable, SemanticTypeId(1704))
Expr ExprId(4258): Primitive(U128)
Expr ExprId(4929): Pointer(Immutable, SemanticTypeId(1704))
Expr ExprId(8695): Pointer(Immutable, SemanticTypeId(91))
Expr ExprId(10936): Void
Expr ExprId(3771): Function { params: [SemanticTypeId(386)], return_type: SemanticTypeId(4) }
Expr ExprId(10659): Primitive(Bool)
Expr ExprId(3619): Reference(LifetimeId(0), Mutable, SemanticTypeId(321))
Expr ExprId(3016): Function { params: [SemanticTypeId(235)], return_type: SemanticTypeId(4) }
Expr ExprId(3099): Enum(SymbolId(58), [SemanticTypeId(177)], [SemanticTypeId(177), SemanticTypeId(0)])
Expr ExprId(7853): Primitive(I32)
Expr ExprId(1425): Enum(SymbolId(58), [SemanticTypeId(24)], [SemanticTypeId(24), SemanticTypeId(0)])
Expr ExprId(1981): Primitive(I32)
Expr ExprId(8091): Reference(LifetimeId(0), Immutable, SemanticTypeId(786))
Expr ExprId(11480): GenericParam(SymbolId(897))
Expr ExprId(2146): Primitive(Bool)
Expr ExprId(9666): Reference(LifetimeId(0), Immutable, SemanticTypeId(1074))
Expr ExprId(9544): Primitive(U64)
Expr ExprId(9988): GenericParam(SymbolId(931))
Expr ExprId(4773): Void
Expr ExprId(3057): Primitive(Bool)
Expr ExprId(2139): Void
Expr ExprId(4107): GenericParam(SymbolId(457))
Expr ExprId(6450): Primitive(U8)
Expr ExprId(9659): Primitive(U64)
Expr ExprId(5593): Primitive(Bool)
Expr ExprId(9260): Primitive(I32)
Expr ExprId(4670): Reference(LifetimeId(0), Immutable, SemanticTypeId(1706))
Expr ExprId(8753): Primitive(U64)
Expr ExprId(6626): Primitive(Bool)
Expr ExprId(5455): Primitive(U64)
Expr ExprId(1566): Primitive(U64)
Expr ExprId(3104): Enum(SymbolId(58), [SemanticTypeId(177)], [SemanticTypeId(177), SemanticTypeId(0)])
Expr ExprId(1556): Primitive(Bool)
Expr ExprId(4426): Primitive(U64)
Expr ExprId(4270): Primitive(I32)
Expr ExprId(5959): Primitive(Bool)
Expr ExprId(11396): Function { params: [], return_type: SemanticTypeId(992) }
Expr ExprId(8888): Primitive(I32)
Expr ExprId(1215): Pointer(Mutable, SemanticTypeId(609))
Expr ExprId(2082): Primitive(U64)
Expr ExprId(4094): GenericParam(SymbolId(454))
Expr ExprId(3606): Enum(SymbolId(58), [SemanticTypeId(84)], [SemanticTypeId(84), SemanticTypeId(0)])
Expr ExprId(11414): Enum(SymbolId(58), [SemanticTypeId(882)], [SemanticTypeId(882), SemanticTypeId(0)])
Expr ExprId(8137): Primitive(U64)
Expr ExprId(11099): Primitive(I32)
Expr ExprId(4942): Reference(LifetimeId(0), Mutable, SemanticTypeId(1706))
Expr ExprId(9584): Primitive(U64)
Expr ExprId(3119): Function { params: [SemanticTypeId(292)], return_type: SemanticTypeId(4) }
Expr ExprId(8737): Pointer(Immutable, SemanticTypeId(91))
Expr ExprId(3305): Primitive(Usize)
Expr ExprId(1577): Function { params: [SemanticTypeId(527), SemanticTypeId(24), SemanticTypeId(24), SemanticTypeId(24), SemanticTypeId(529)], return_type: SemanticTypeId(0) }
Expr ExprId(6413): Primitive(U64)
Expr ExprId(3699): GenericParam(SymbolId(397))
Expr ExprId(10783): Primitive(U64)
Expr ExprId(10407): Primitive(U64)
Expr ExprId(4982): Primitive(U64)
Expr ExprId(1732): Primitive(U64)
Expr ExprId(10264): Primitive(U64)
Expr ExprId(5587): Primitive(U64)
Expr ExprId(4625): Function { params: [SemanticTypeId(709), SemanticTypeId(24)], return_type: SemanticTypeId(709) }
Expr ExprId(10124): Primitive(U8)
Expr ExprId(1403): Primitive(U64)
Expr ExprId(4108): Primitive(Bool)
Expr ExprId(7200): Primitive(U8)
Expr ExprId(5917): Enum(SymbolId(467), [], [SemanticTypeId(0)])
Expr ExprId(7882): Primitive(U8)
Expr ExprId(6272): Primitive(U64)
Expr ExprId(6999): Struct(SymbolId(33), [SemanticTypeId(91)], [SemanticTypeId(788), SemanticTypeId(24), SemanticTypeId(24)])
Expr ExprId(543): Primitive(U8)
Expr ExprId(1510): Primitive(I32)
Expr ExprId(8543): Primitive(I32)
Expr ExprId(6209): Enum(SymbolId(65), [SemanticTypeId(0), SemanticTypeId(830)], [SemanticTypeId(0), SemanticTypeId(830)])
Expr ExprId(5536): Reference(LifetimeId(0), Mutable, SemanticTypeId(1706))
Expr ExprId(1961): Primitive(Bool)
Expr ExprId(4775): Primitive(U64)
Expr ExprId(6388): Primitive(U8)
Expr ExprId(4894): Function { params: [SemanticTypeId(611)], return_type: SemanticTypeId(660) }
Expr ExprId(10907): Pointer(Mutable, SemanticTypeId(1102))
Expr ExprId(5529): Enum(SymbolId(58), [SemanticTypeId(1719)], [SemanticTypeId(1719), SemanticTypeId(0)])
Expr ExprId(7863): Primitive(U8)
Expr ExprId(10574): Primitive(U64)
Expr ExprId(2196): Primitive(U64)
Expr ExprId(8420): Primitive(U64)
Expr ExprId(11544): Primitive(Bool)
Expr ExprId(9105): Primitive(U64)
Expr ExprId(7180): Primitive(U8)
Expr ExprId(8488): Struct(SymbolId(33), [SemanticTypeId(91)], [SemanticTypeId(788), SemanticTypeId(24), SemanticTypeId(24)])
Expr ExprId(8479): Primitive(U8)
Expr ExprId(11085): Reference(LifetimeId(0), Mutable, SemanticTypeId(1112))
Expr ExprId(10014): Pointer(Mutable, SemanticTypeId(91))
Expr ExprId(750): Primitive(I64)
Expr ExprId(9518): Pointer(Mutable, SemanticTypeId(1108))
Expr ExprId(2711): Primitive(I32)
Expr ExprId(2794): Primitive(U64)
Expr ExprId(954): Primitive(Bool)
Expr ExprId(9015): Primitive(I32)
Expr ExprId(5081): Function { params: [SemanticTypeId(709), SemanticTypeId(24)], return_type: SemanticTypeId(709) }
Expr ExprId(8869): Primitive(U64)
Expr ExprId(3634): Primitive(Bool)
Expr ExprId(6482): Primitive(I32)
Expr ExprId(3063): Enum(SymbolId(58), [SemanticTypeId(257)], [SemanticTypeId(257), SemanticTypeId(0)])
Expr ExprId(8933): Primitive(U32)
Expr ExprId(2012): Function { params: [SemanticTypeId(709), SemanticTypeId(24)], return_type: SemanticTypeId(709) }
Expr ExprId(2275): Function { params: [SemanticTypeId(709), SemanticTypeId(24)], return_type: SemanticTypeId(709) }
Expr ExprId(5425): GenericParam(SymbolId(2871))
Expr ExprId(5830): Primitive(I32)
Expr ExprId(5387): Reference(LifetimeId(0), Mutable, SemanticTypeId(1706))
Expr ExprId(432): GenericParam(SymbolId(90))
Expr ExprId(5380): Primitive(U64)
Expr ExprId(5333): Reference(LifetimeId(0), Mutable, SemanticTypeId(1706))
Expr ExprId(113): Enum(SymbolId(58), [SemanticTypeId(1451)], [SemanticTypeId(1451), SemanticTypeId(0)])
Expr ExprId(1053): Primitive(I16)
Expr ExprId(6811): Primitive(Bool)
Expr ExprId(3408): Primitive(Isize)
Expr ExprId(3906): Primitive(U64)
Expr ExprId(3972): Primitive(I64)
Expr ExprId(8980): Primitive(I32)
Expr ExprId(9319): Primitive(U8)
Expr ExprId(8767): Primitive(U64)
Expr ExprId(3157): Primitive(U64)
Expr ExprId(1569): Primitive(U64)
Expr ExprId(9962): Primitive(U64)
Expr ExprId(11280): Primitive(Bool)
Expr ExprId(2502): Primitive(U64)
Expr ExprId(10743): Reference(LifetimeId(0), Mutable, SemanticTypeId(1078))
Expr ExprId(8311): Primitive(U64)
Expr ExprId(3851): GenericParam(SymbolId(420))
Expr ExprId(2337): Primitive(U64)
Expr ExprId(7847): Primitive(U32)
Expr ExprId(10202): Pointer(Mutable, SemanticTypeId(91))
Expr ExprId(481): Primitive(U64)
Expr ExprId(11618): Function { params: [SemanticTypeId(1180)], return_type: SemanticTypeId(1172) }
Expr ExprId(6713): Primitive(U32)
Expr ExprId(3894): Primitive(I32)
Expr ExprId(3965): Primitive(Bool)
Expr ExprId(7314): Primitive(U8)
Expr ExprId(4731): Primitive(U64)
Expr ExprId(2265): Primitive(I32)
Expr ExprId(4873): Pointer(Mutable, SemanticTypeId(1704))
Expr ExprId(7300): Primitive(U8)
Expr ExprId(9184): Primitive(U8)
Expr ExprId(1932): Primitive(U64)
Expr ExprId(8555): Primitive(U64)
Expr ExprId(3386): Primitive(I64)
Expr ExprId(2633): Pointer(Mutable, SemanticTypeId(521))
Expr ExprId(6319): Primitive(U128)
Expr ExprId(10397): Primitive(I32)
Expr ExprId(3442): GenericParam(SymbolId(759))
Expr ExprId(4289): Primitive(U64)
Expr ExprId(8645): Struct(SymbolId(351), [], [SemanticTypeId(789)])
Expr ExprId(2619): Primitive(U64)
Expr ExprId(864): Primitive(I32)
Expr ExprId(1666): Function { params: [SemanticTypeId(528), SemanticTypeId(528)], return_type: SemanticTypeId(3) }
Expr ExprId(4162): Function { params: [SemanticTypeId(24), SemanticTypeId(24)], return_type: SemanticTypeId(788) }
Expr ExprId(2911): Reference(LifetimeId(0), Mutable, SemanticTypeId(32))
Expr ExprId(3176): Primitive(I32)
Expr ExprId(9664): Pointer(Immutable, SemanticTypeId(1074))
Expr ExprId(8560): Struct(SymbolId(351), [], [SemanticTypeId(789)])
Expr ExprId(5483): Void
Expr ExprId(5842): Enum(SymbolId(65), [SemanticTypeId(0), SemanticTypeId(830)], [SemanticTypeId(0), SemanticTypeId(830)])
Expr ExprId(5241): Primitive(U64)
Expr ExprId(1648): Primitive(U64)
Expr ExprId(2365): GenericParam(SymbolId(1667))
Expr ExprId(9708): Primitive(Bool)
Expr ExprId(900): Primitive(I32)
Expr ExprId(10001): Reference(LifetimeId(0), Mutable, SemanticTypeId(1078))
Expr ExprId(10740): Reference(LifetimeId(0), Mutable, SemanticTypeId(1078))
Expr ExprId(627): Primitive(U64)
Expr ExprId(8783): Primitive(I32)
Expr ExprId(4675): Reference(LifetimeId(0), Mutable, SemanticTypeId(1706))
Expr ExprId(810): Primitive(U32)
Expr ExprId(10538): Primitive(Bool)
Expr ExprId(764): Reference(LifetimeId(0), Immutable, SemanticTypeId(758))
Expr ExprId(7483): Primitive(U64)
Expr ExprId(2543): GenericParam(SymbolId(1678))
Expr ExprId(7559): Pointer(Immutable, SemanticTypeId(91))
Expr ExprId(1629): Primitive(U64)
Expr ExprId(4665): Enum(SymbolId(58), [SemanticTypeId(1797)], [SemanticTypeId(1797), SemanticTypeId(0)])
Expr ExprId(4353): Reference(LifetimeId(0), Mutable, SemanticTypeId(1757))
Expr ExprId(5258): Primitive(Usize)
Expr ExprId(4809): Primitive(U64)
Expr ExprId(5372): Reference(LifetimeId(0), Mutable, SemanticTypeId(1706))
Expr ExprId(5370): Function { params: [SemanticTypeId(702), SemanticTypeId(701)], return_type: SemanticTypeId(0) }
Expr ExprId(2154): Pointer(Immutable, SemanticTypeId(564))
Expr ExprId(4031): GenericParam(SymbolId(444))
Expr ExprId(5473): Primitive(U64)
Expr ExprId(266): Enum(SymbolId(58), [SemanticTypeId(1869)], [SemanticTypeId(1869), SemanticTypeId(0)])
Expr ExprId(2480): Function { params: [SemanticTypeId(714)], return_type: SemanticTypeId(713) }
Expr ExprId(1140): Primitive(U64)
Expr ExprId(8745): Primitive(I32)
Expr ExprId(10562): Pointer(Mutable, SemanticTypeId(91))
Expr ExprId(10104): Primitive(U64)
Expr ExprId(11299): Primitive(Bool)
Expr ExprId(6671): Primitive(U32)
Expr ExprId(6259): Function { params: [SemanticTypeId(24)], return_type: SemanticTypeId(24) }
Expr ExprId(1160): Primitive(U64)
Expr ExprId(379): Never
Expr ExprId(1836): Function { params: [SemanticTypeId(709), SemanticTypeId(24)], return_type: SemanticTypeId(709) }
Expr ExprId(4836): Primitive(U64)
Expr ExprId(10507): Primitive(I32)
Expr ExprId(11520): Enum(SymbolId(58), [SemanticTypeId(1031)], [SemanticTypeId(1031), SemanticTypeId(0)])
Expr ExprId(5874): Enum(SymbolId(65), [SemanticTypeId(0), SemanticTypeId(830)], [SemanticTypeId(0), SemanticTypeId(830)])
Expr ExprId(4695): Void
Expr ExprId(4144): Primitive(I32)
Expr ExprId(9855): Void
Expr ExprId(10510): Void
Expr ExprId(9562): Reference(LifetimeId(0), Immutable, SemanticTypeId(1078))
Expr ExprId(17): Primitive(I32)
Expr ExprId(9599): Primitive(U8)
Expr ExprId(5266): Void
Expr ExprId(10749): Primitive(U64)
Expr ExprId(10018): Primitive(U8)
Expr ExprId(1208): Primitive(U64)
Expr ExprId(8381): Primitive(U64)
Expr ExprId(10556): Primitive(U64)
Expr ExprId(11548): Enum(SymbolId(58), [SemanticTypeId(1170)], [SemanticTypeId(1170), SemanticTypeId(0)])
Expr ExprId(5899): Primitive(Char)
Expr ExprId(9709): Reference(LifetimeId(0), Mutable, SemanticTypeId(1078))
Expr ExprId(6077): Primitive(Bool)
Expr ExprId(8389): Void
Expr ExprId(9304): Enum(SymbolId(363), [], [SemanticTypeId(24), SemanticTypeId(0)])
Expr ExprId(9316): Void
Expr ExprId(11406): GenericParam(SymbolId(897))
Expr ExprId(9564): Reference(LifetimeId(0), Immutable, SemanticTypeId(1078))
Expr ExprId(642): Pointer(Immutable, SemanticTypeId(374))
Expr ExprId(4454): Struct(SymbolId(51), [SemanticTypeId(1779)], [SemanticTypeId(1780), SemanticTypeId(24), SemanticTypeId(24), SemanticTypeId(24)])
Expr ExprId(441): Pointer(Immutable, SemanticTypeId(704))
Expr ExprId(1849): Function { params: [SemanticTypeId(717), SemanticTypeId(718), SemanticTypeId(24)], return_type: SemanticTypeId(0) }
Expr ExprId(10337): Primitive(Bool)
Expr ExprId(6170): Function { params: [SemanticTypeId(24), SemanticTypeId(1592)], return_type: SemanticTypeId(831) }
Expr ExprId(3133): Primitive(Bool)
Expr ExprId(7037): Reference(LifetimeId(0), Immutable, SemanticTypeId(786))
Expr ExprId(3504): GenericParam(SymbolId(754))
Expr ExprId(6197): Enum(SymbolId(65), [SemanticTypeId(0), SemanticTypeId(830)], [SemanticTypeId(0), SemanticTypeId(830)])
Expr ExprId(1046): Reference(LifetimeId(0), Immutable, SemanticTypeId(24))
Expr ExprId(8354): Primitive(Bool)
Expr ExprId(6856): Primitive(Bool)
Expr ExprId(4503): Primitive(Bool)
Expr ExprId(8709): Primitive(Bool)
Expr ExprId(5614): Primitive(U64)
Expr ExprId(5346): Primitive(U64)
Expr ExprId(6401): Primitive(U64)
Expr ExprId(3303): Primitive(I32)
Expr ExprId(9950): Primitive(I32)
Expr ExprId(983): Primitive(I32)
Expr ExprId(6629): Primitive(I32)
Expr ExprId(10415): Primitive(U64)
Expr ExprId(4656): Reference(LifetimeId(0), Mutable, SemanticTypeId(1706))
Expr ExprId(5225): Primitive(U64)
Expr ExprId(7551): Primitive(U8)
Expr ExprId(7282): Primitive(U64)
Expr ExprId(10816): Primitive(Bool)
Expr ExprId(2758): Primitive(Bool)
Expr ExprId(6646): Primitive(U32)
Expr ExprId(3377): Reference(LifetimeId(0), Immutable, SemanticTypeId(3))
Expr ExprId(5421): Pointer(Mutable, SemanticTypeId(1704))
Expr ExprId(9841): Pointer(Mutable, SemanticTypeId(91))
Expr ExprId(11156): Struct(SymbolId(496), [SemanticTypeId(1339), SemanticTypeId(1325)], [SemanticTypeId(1342), SemanticTypeId(24)])
Expr ExprId(10062): GenericParam(SymbolId(931))
Expr ExprId(1906): Pointer(Mutable, SemanticTypeId(520))
Expr ExprId(2787): Primitive(U64)
Expr ExprId(1798): Pointer(Mutable, SemanticTypeId(520))
Expr ExprId(8196): Reference(LifetimeId(0), Immutable, SemanticTypeId(790))
Expr ExprId(7492): Primitive(U32)
Expr ExprId(1339): Primitive(U64)
Expr ExprId(5829): Primitive(U128)
Expr ExprId(2143): Primitive(U64)
Expr ExprId(4458): Primitive(U64)
Expr ExprId(3538): Reference(LifetimeId(0), Mutable, SemanticTypeId(172))
Expr ExprId(9777): Pointer(Mutable, SemanticTypeId(24))
Expr ExprId(4212): Primitive(I32)
Expr ExprId(8116): Primitive(I32)
Expr ExprId(11370): Struct(SymbolId(533), [SemanticTypeId(893), SemanticTypeId(884)], [SemanticTypeId(1010)])
Expr ExprId(9635): Primitive(U8)
Expr ExprId(3373): Primitive(I32)
Expr ExprId(10931): Reference(LifetimeId(0), Mutable, SemanticTypeId(1105))
Expr ExprId(723): Primitive(Bool)
Expr ExprId(906): Reference(LifetimeId(0), Immutable, SemanticTypeId(141))
Expr ExprId(5359): Function { params: [SemanticTypeId(702), SemanticTypeId(701)], return_type: SemanticTypeId(0) }
Expr ExprId(4511): Primitive(U64)
Expr ExprId(9373): Primitive(U8)
Expr ExprId(3492): Enum(SymbolId(58), [SemanticTypeId(114)], [SemanticTypeId(114), SemanticTypeId(0)])
Expr ExprId(2432): Primitive(I32)
Expr ExprId(10631): Function { params: [SemanticTypeId(705), SemanticTypeId(24)], return_type: SemanticTypeId(705) }
Expr ExprId(81): Primitive(I32)
Expr ExprId(2843): Primitive(U64)
Expr ExprId(11606): Function { params: [SemanticTypeId(76), SemanticTypeId(236)], return_type: SemanticTypeId(354) }
Expr ExprId(8884): Primitive(U8)
Expr ExprId(8489): Primitive(U8)
Expr ExprId(2021): Pointer(Immutable, SemanticTypeId(520))
Expr ExprId(11470): Enum(SymbolId(58), [SemanticTypeId(882)], [SemanticTypeId(882), SemanticTypeId(0)])
Expr ExprId(3829): Primitive(Bool)
Expr ExprId(9634): Void
Expr ExprId(4022): Primitive(Bool)
Expr ExprId(10167): Pointer(Mutable, SemanticTypeId(1075))
Expr ExprId(5117): Primitive(U64)
Expr ExprId(6295): Primitive(I8)
Expr ExprId(8385): Struct(SymbolId(33), [SemanticTypeId(91)], [SemanticTypeId(788), SemanticTypeId(24), SemanticTypeId(24)])
Expr ExprId(9418): Primitive(I32)
Expr ExprId(5313): Primitive(U64)
Expr ExprId(4334): Struct(SymbolId(33), [SemanticTypeId(1764)], [SemanticTypeId(1819), SemanticTypeId(24), SemanticTypeId(24)])
Expr ExprId(1565): Primitive(U64)
Expr ExprId(3354): Primitive(I16)
Expr ExprId(2701): Void
Expr ExprId(2723): Primitive(U64)
Expr ExprId(2431): Primitive(Bool)
Expr ExprId(6424): Primitive(U64)
Expr ExprId(11212): GenericParam(SymbolId(989))
Expr ExprId(11169): Enum(SymbolId(58), [SemanticTypeId(1279)], [SemanticTypeId(1279), SemanticTypeId(0)])
Expr ExprId(6270): Reference(LifetimeId(0), Immutable, SemanticTypeId(91))
Expr ExprId(999): Primitive(U64)
Expr ExprId(770): Primitive(U8)
Expr ExprId(245): Primitive(I32)
Expr ExprId(8221): Primitive(U64)
Expr ExprId(2375): Pointer(Mutable, SemanticTypeId(513))
Expr ExprId(7214): Primitive(I32)
Expr ExprId(10573): Primitive(U64)
Expr ExprId(11456): Struct(SymbolId(579), [SemanticTypeId(881)], [SemanticTypeId(926)])
Expr ExprId(8414): Primitive(U64)
Expr ExprId(6750): Primitive(U64)
Expr ExprId(1007): Primitive(U64)
Expr ExprId(1090): Primitive(Bool)
Expr ExprId(5887): Primitive(Bool)
Expr ExprId(1159): Primitive(U64)
Expr ExprId(7774): Primitive(U8)
Expr ExprId(2796): Primitive(U64)
Expr ExprId(6005): Primitive(I8)
Expr ExprId(4868): Primitive(U64)
Expr ExprId(9333): Pointer(Mutable, SemanticTypeId(91))
Expr ExprId(5811): Primitive(U64)
Expr ExprId(8688): Struct(SymbolId(351), [], [SemanticTypeId(789)])
Expr ExprId(2345): Primitive(U64)
Expr ExprId(8806): Reference(LifetimeId(0), Immutable, SemanticTypeId(786))
Expr ExprId(1201): Primitive(Bool)
Expr ExprId(10954): Primitive(U64)
Expr ExprId(9520): Primitive(U64)
Expr ExprId(2597): Function { params: [SemanticTypeId(717), SemanticTypeId(718), SemanticTypeId(24)], return_type: SemanticTypeId(0) }
Expr ExprId(362): GenericParam(SymbolId(81))
Expr ExprId(1794): Primitive(I32)
Expr ExprId(1302): Primitive(U64)
Expr ExprId(615): Primitive(U8)
Expr ExprId(6049): Primitive(Bool)
Expr ExprId(10864): Primitive(U64)
Expr ExprId(8048): Primitive(U64)
Expr ExprId(5379): Void
Expr ExprId(2947): Void
Expr ExprId(1122): Reference(LifetimeId(0), Mutable, SemanticTypeId(554))
Expr ExprId(3723): Enum(SymbolId(58), [SemanticTypeId(440)], [SemanticTypeId(440), SemanticTypeId(0)])
Expr ExprId(2669): Primitive(U64)
Expr ExprId(3530): GenericParam(SymbolId(761))
Expr ExprId(1922): GenericParam(SymbolId(1637))
Expr ExprId(3805): Primitive(Bool)
Expr ExprId(7593): Primitive(U8)
Expr ExprId(10159): Void
Expr ExprId(185): Enum(SymbolId(58), [SemanticTypeId(1451)], [SemanticTypeId(1451), SemanticTypeId(0)])
Expr ExprId(6858): Never
Expr ExprId(9393): Struct(SymbolId(351), [], [SemanticTypeId(789)])
Expr ExprId(2646): Primitive(U64)
Expr ExprId(10690): Pointer(Mutable, SemanticTypeId(1074))
Expr ExprId(311): GenericParam(SymbolId(1204))
Expr ExprId(8786): Void
Expr ExprId(6506): Primitive(U64)
Expr ExprId(6043): Enum(SymbolId(65), [SemanticTypeId(0), SemanticTypeId(830)], [SemanticTypeId(0), SemanticTypeId(830)])
Expr ExprId(10499): Primitive(U64)
Expr ExprId(9997): Primitive(U64)
Expr ExprId(8665): Primitive(I32)
Expr ExprId(10346): Primitive(Bool)
Expr ExprId(6206): Primitive(I16)
Expr ExprId(10893): Function { params: [SemanticTypeId(788), SemanticTypeId(24), SemanticTypeId(24)], return_type: SemanticTypeId(0) }
Expr ExprId(10895): Pointer(Mutable, SemanticTypeId(24))
Expr ExprId(10919): Reference(LifetimeId(0), Mutable, SemanticTypeId(1105))
Expr ExprId(8610): Reference(LifetimeId(0), Immutable, SemanticTypeId(786))
Expr ExprId(10148): Void
Expr ExprId(10185): Pointer(Mutable, SemanticTypeId(1075))
Expr ExprId(2811): Primitive(Bool)
Expr ExprId(10983): Pointer(Mutable, SemanticTypeId(91))
Expr ExprId(8793): Primitive(U64)
Expr ExprId(8791): Primitive(U8)
Expr ExprId(2528): Primitive(Bool)
Expr ExprId(1996): Primitive(U64)
Expr ExprId(842): Primitive(I32)
Expr ExprId(5000): Primitive(U64)
Expr ExprId(1073): Primitive(I32)
Expr ExprId(8615): Primitive(U64)
Expr ExprId(2141): Primitive(I32)
Expr ExprId(5250): Reference(LifetimeId(0), Mutable, SemanticTypeId(1706))
Expr ExprId(3491): GenericParam(SymbolId(760))
Expr ExprId(6951): Primitive(U8)
Expr ExprId(7272): Primitive(Char)
Expr ExprId(5745): Primitive(Bool)
Expr ExprId(3558): Primitive(Bool)
Expr ExprId(6154): Pointer(Immutable, SemanticTypeId(91))
Expr ExprId(5210): GenericParam(SymbolId(1158))
Expr ExprId(9314): Primitive(U64)
Expr ExprId(2347): Primitive(U64)
Expr ExprId(4067): GenericParam(SymbolId(450))
Expr ExprId(10348): Primitive(Bool)
Expr ExprId(1022): Primitive(U64)
Expr ExprId(5007): Pointer(Mutable, SemanticTypeId(1704))
Expr ExprId(2225): Primitive(U64)
Expr ExprId(5544): Primitive(U64)
Expr ExprId(7070): Reference(LifetimeId(0), Immutable, SemanticTypeId(786))
Expr ExprId(3833): Enum(SymbolId(58), [SemanticTypeId(425)], [SemanticTypeId(425), SemanticTypeId(0)])
Expr ExprId(2338): Primitive(U64)
Expr ExprId(2806): Primitive(U64)
Expr ExprId(1080): Primitive(U64)
Expr ExprId(7040): Reference(LifetimeId(0), Immutable, SemanticTypeId(786))
Expr ExprId(6934): Primitive(Bool)
Expr ExprId(7734): Primitive(U64)
Expr ExprId(3185): Primitive(U64)
Expr ExprId(7904): Primitive(U64)
Expr ExprId(11382): Enum(SymbolId(58), [SemanticTypeId(960)], [SemanticTypeId(960), SemanticTypeId(0)])
Expr ExprId(6872): Function { params: [SemanticTypeId(705), SemanticTypeId(24)], return_type: SemanticTypeId(705) }
Expr ExprId(8192): Primitive(U64)
Expr ExprId(5932): Enum(SymbolId(65), [SemanticTypeId(0), SemanticTypeId(830)], [SemanticTypeId(0), SemanticTypeId(830)])
Expr ExprId(541): Primitive(U8)
Expr ExprId(1083): Primitive(U64)
Expr ExprId(3028): GenericParam(SymbolId(215))
Expr ExprId(4647): GenericParam(SymbolId(2871))
Expr ExprId(5246): Primitive(Bool)
Expr ExprId(3691): GenericParam(SymbolId(393))
Expr ExprId(8585): Primitive(U64)
Expr ExprId(7864): Reference(LifetimeId(0), Immutable, SemanticTypeId(786))
Expr ExprId(8595): Primitive(I32)
Expr ExprId(2206): Pointer(Mutable, SemanticTypeId(564))
Expr ExprId(6942): Primitive(U64)
Expr ExprId(11431): Enum(SymbolId(58), [SemanticTypeId(882)], [SemanticTypeId(882), SemanticTypeId(0)])
Expr ExprId(6813): Reference(LifetimeId(0), Immutable, SemanticTypeId(786))
Expr ExprId(9472): Primitive(U64)
Expr ExprId(6386): Primitive(U64)
Expr ExprId(3563): Enum(SymbolId(58), [SemanticTypeId(83)], [SemanticTypeId(83), SemanticTypeId(0)])
Expr ExprId(11104): Pointer(Immutable, SemanticTypeId(1096))
Expr ExprId(2734): Primitive(U64)
Expr ExprId(7750): Reference(LifetimeId(0), Mutable, SemanticTypeId(796))
Expr ExprId(550): Void
Expr ExprId(9139): Struct(SymbolId(33), [SemanticTypeId(790)], [SemanticTypeId(801), SemanticTypeId(24), SemanticTypeId(24)])
Expr ExprId(9880): Reference(LifetimeId(0), Mutable, SemanticTypeId(1078))
Expr ExprId(5396): GenericParam(SymbolId(2871))
Expr ExprId(1618): Pointer(Mutable, SemanticTypeId(542))
Expr ExprId(10351): Primitive(I32)
Expr ExprId(10344): Enum(SymbolId(477), [], [SemanticTypeId(24), SemanticTypeId(24)])
Expr ExprId(8774): Void
Expr ExprId(3650): Reference(LifetimeId(0), Mutable, SemanticTypeId(115))
Expr ExprId(6718): Primitive(I32)
Expr ExprId(11007): Reference(LifetimeId(0), Mutable, SemanticTypeId(1089))
Expr ExprId(2970): Void
Expr ExprId(1693): Pointer(Immutable, SemanticTypeId(526))
Expr ExprId(4740): Pointer(Mutable, SemanticTypeId(1704))
Expr ExprId(6843): Primitive(I32)
Expr ExprId(797): Primitive(I32)
Expr ExprId(11521): Enum(SymbolId(58), [SemanticTypeId(1031)], [SemanticTypeId(1031), SemanticTypeId(0)])
Expr ExprId(3555): Enum(SymbolId(58), [SemanticTypeId(83)], [SemanticTypeId(83), SemanticTypeId(0)])
Expr ExprId(4991): Pointer(Immutable, SemanticTypeId(1704))
Expr ExprId(4337): Primitive(I32)
Expr ExprId(11639): Struct(SymbolId(33), [SemanticTypeId(3)], [SemanticTypeId(727), SemanticTypeId(24), SemanticTypeId(24)])
Expr ExprId(2514): Pointer(Immutable, SemanticTypeId(532))
Expr ExprId(1139): Primitive(U64)
Expr ExprId(1161): Primitive(U64)
Expr ExprId(6964): Primitive(I32)
Expr ExprId(6152): Pointer(Immutable, SemanticTypeId(91))
Expr ExprId(344): GenericParam(SymbolId(78))
Expr ExprId(3818): Primitive(U64)
Expr ExprId(1464): Primitive(U64)
Expr ExprId(317): Enum(SymbolId(65), [SemanticTypeId(1869), SemanticTypeId(1893)], [SemanticTypeId(1869), SemanticTypeId(1893)])
Expr ExprId(2005): Primitive(U64)
Expr ExprId(3482): Reference(LifetimeId(0), Mutable, SemanticTypeId(311))
Expr ExprId(6707): Primitive(U32)
Expr ExprId(3372): Reference(LifetimeId(0), Immutable, SemanticTypeId(3))
Expr ExprId(9468): Primitive(U64)
Expr ExprId(7044): Primitive(U64)
Expr ExprId(10585): Void
Expr ExprId(10761): Pointer(Mutable, SemanticTypeId(91))
Expr ExprId(2294): Pointer(Immutable, SemanticTypeId(518))
Expr ExprId(7525): Enum(SymbolId(467), [], [SemanticTypeId(0)])
Expr ExprId(7938): Pointer(Immutable, SemanticTypeId(91))
Expr ExprId(11537): Primitive(Bool)
Expr ExprId(4251): Primitive(I16)
Expr ExprId(10797): Reference(LifetimeId(0), Immutable, SemanticTypeId(1078))
Expr ExprId(6004): Reference(LifetimeId(0), Immutable, SemanticTypeId(36))
Expr ExprId(7618): Primitive(U64)
Expr ExprId(6046): Reference(LifetimeId(0), Mutable, SemanticTypeId(1564))
Expr ExprId(7554): Primitive(U8)
Expr ExprId(6978): Primitive(U64)
Expr ExprId(1901): Pointer(Mutable, SemanticTypeId(520))
Expr ExprId(11380): Primitive(Bool)
Expr ExprId(11424): Function { params: [], return_type: SemanticTypeId(992) }
Expr ExprId(10419): Primitive(U64)
Expr ExprId(4148): GenericParam(SymbolId(460))
Expr ExprId(8400): Primitive(U64)
Expr ExprId(9344): Reference(LifetimeId(0), Immutable, SemanticTypeId(799))
Expr ExprId(4594): Primitive(U64)
Expr ExprId(6172): Primitive(U16)
Expr ExprId(1388): Primitive(U64)
Expr ExprId(11469): Struct(SymbolId(576), [SemanticTypeId(881)], [SemanticTypeId(932)])
Expr ExprId(10547): Primitive(U64)
Expr ExprId(10086): Primitive(U64)
Expr ExprId(1756): Void
Expr ExprId(2991): GenericParam(SymbolId(740))
Expr ExprId(1358): Primitive(U64)
Expr ExprId(8723): Primitive(I32)
Expr ExprId(11590): Void
Expr ExprId(8481): Primitive(U8)
Expr ExprId(4876): Primitive(U64)
Expr ExprId(1925): Primitive(U64)
Expr ExprId(9149): Pointer(Immutable, SemanticTypeId(91))
Expr ExprId(9558): Primitive(U64)
Expr ExprId(3879): GenericParam(SymbolId(424))
Expr ExprId(10082): Primitive(Bool)
Expr ExprId(10492): Primitive(U64)
Expr ExprId(5150): Primitive(U64)
Expr ExprId(2815): Primitive(I32)
Expr ExprId(4361): Pointer(Mutable, SemanticTypeId(1755))
Expr ExprId(6368): Primitive(U8)
Expr ExprId(8930): Primitive(I32)
Expr ExprId(10487): Primitive(U64)
Expr ExprId(11434): Primitive(Bool)
Expr ExprId(2515): Primitive(U64)
Expr ExprId(10649): Primitive(U64)
Expr ExprId(2352): Function { params: [SemanticTypeId(709), SemanticTypeId(24)], return_type: SemanticTypeId(709) }
Expr ExprId(2570): Primitive(I32)
Expr ExprId(7033): Primitive(U64)
Expr ExprId(11336): Struct(SymbolId(579), [SemanticTypeId(1015)], [SemanticTypeId(1023)])
Expr ExprId(10462): Void
Expr ExprId(8407): Primitive(U64)
Expr ExprId(9465): Primitive(U64)
Expr ExprId(485): Pointer(Mutable, SemanticTypeId(91))
Expr ExprId(211): Enum(SymbolId(65), [SemanticTypeId(1869), SemanticTypeId(1870)], [SemanticTypeId(1869), SemanticTypeId(1870)])
Expr ExprId(11622): Primitive(U64)
Expr ExprId(1306): Function { params: [], return_type: SemanticTypeId(0) }
Expr ExprId(10853): Function { params: [SemanticTypeId(709), SemanticTypeId(24)], return_type: SemanticTypeId(709) }
Expr ExprId(10422): Primitive(Bool)
Expr ExprId(9920): Reference(LifetimeId(0), Mutable, SemanticTypeId(1078))
Expr ExprId(1328): Reference(LifetimeId(0), Mutable, SemanticTypeId(631))
Expr ExprId(220): Primitive(U64)
Expr ExprId(326): Enum(SymbolId(65), [SemanticTypeId(1887), SemanticTypeId(1876)], [SemanticTypeId(1887), SemanticTypeId(1876)])
Expr ExprId(1739): Function { params: [SemanticTypeId(714)], return_type: SemanticTypeId(713) }
Expr ExprId(5457): Void
Expr ExprId(4248): Primitive(I32)
Expr ExprId(11479): GenericParam(SymbolId(897))
Expr ExprId(242): Reference(LifetimeId(0), Mutable, SemanticTypeId(1871))
Expr ExprId(6440): Primitive(U8)
Expr ExprId(2914): Enum(SymbolId(58), [SemanticTypeId(29)], [SemanticTypeId(29), SemanticTypeId(0)])
Expr ExprId(4015): Void
Expr ExprId(1298): Reference(LifetimeId(0), Immutable, SemanticTypeId(619))
Expr ExprId(778): Primitive(U8)
Expr ExprId(8369): Primitive(I32)
Expr ExprId(7430): Primitive(I32)
Expr ExprId(5411): Primitive(I32)
Expr ExprId(3261): Reference(LifetimeId(0), Immutable, SemanticTypeId(8))
Expr ExprId(7260): Primitive(U64)
Expr ExprId(9225): Struct(SymbolId(366), [], [SemanticTypeId(792), SemanticTypeId(24)])
Expr ExprId(11545): Primitive(Bool)
Expr ExprId(8971): Primitive(I32)
Expr ExprId(8310): Primitive(U64)
Expr ExprId(1041): Primitive(U8)
Expr ExprId(8802): Reference(LifetimeId(0), Immutable, SemanticTypeId(786))
Expr ExprId(2933): Primitive(I32)
Expr ExprId(2023): GenericParam(SymbolId(1637))
Expr ExprId(7373): Enum(SymbolId(65), [SemanticTypeId(0), SemanticTypeId(830)], [SemanticTypeId(0), SemanticTypeId(830)])
Expr ExprId(3511): Primitive(Bool)
Expr ExprId(174): Enum(SymbolId(58), [SemanticTypeId(1451)], [SemanticTypeId(1451), SemanticTypeId(0)])
Expr ExprId(3226): Reference(LifetimeId(0), Immutable, SemanticTypeId(91))
Expr ExprId(3297): Primitive(U64)
Expr ExprId(11587): Primitive(Bool)
Expr ExprId(7497): Primitive(U64)
Expr ExprId(3096): Function { params: [SemanticTypeId(176)], return_type: SemanticTypeId(178) }
Expr ExprId(9181): Primitive(U64)
Expr ExprId(6461): Primitive(I32)
Expr ExprId(9696): Primitive(U64)
Expr ExprId(5461): Primitive(U64)
Expr ExprId(1146): Primitive(U64)
Expr ExprId(2635): Primitive(U64)
Expr ExprId(9742): Reference(LifetimeId(0), Mutable, SemanticTypeId(1078))
Expr ExprId(4701): Void
Expr ExprId(8809): Primitive(U64)
Expr ExprId(7128): Primitive(U64)
Expr ExprId(3447): Enum(SymbolId(58), [SemanticTypeId(105)], [SemanticTypeId(105), SemanticTypeId(0)])
Expr ExprId(3749): Primitive(Bool)
Expr ExprId(6992): Primitive(U64)
Expr ExprId(4751): Function { params: [SemanticTypeId(788), SemanticTypeId(24), SemanticTypeId(24)], return_type: SemanticTypeId(0) }
Expr ExprId(1371): Primitive(U64)
Expr ExprId(4592): Pointer(Mutable, SemanticTypeId(1704))
Expr ExprId(9324): Struct(SymbolId(371), [], [SemanticTypeId(789)])
Expr ExprId(5325): Primitive(Bool)
Expr ExprId(9207): Enum(SymbolId(363), [], [SemanticTypeId(24), SemanticTypeId(0)])
Expr ExprId(2824): Primitive(Usize)
Expr ExprId(3260): Primitive(Bool)
Expr ExprId(4048): GenericParam(SymbolId(447))
Expr ExprId(9096): Primitive(U64)
Expr ExprId(9276): Void
Expr ExprId(5105): Primitive(U64)
Expr ExprId(10769): Reference(LifetimeId(0), Mutable, SemanticTypeId(1078))
Expr ExprId(4739): Reference(LifetimeId(0), Mutable, SemanticTypeId(1706))
Expr ExprId(11121): Reference(LifetimeId(0), Mutable, SemanticTypeId(1112))
Expr ExprId(1866): Pointer(Mutable, SemanticTypeId(520))
Expr ExprId(2047): Primitive(U64)
Expr ExprId(7087): Primitive(U8)
Expr ExprId(8864): Struct(SymbolId(33), [SemanticTypeId(91)], [SemanticTypeId(788), SemanticTypeId(24), SemanticTypeId(24)])
Expr ExprId(10732): Reference(LifetimeId(0), Mutable, SemanticTypeId(1078))
Expr ExprId(741): Reference(LifetimeId(0), Immutable, SemanticTypeId(11))
Expr ExprId(4452): Primitive(I32)
Expr ExprId(6907): Void
Expr ExprId(7840): Reference(LifetimeId(0), Mutable, SemanticTypeId(796))
Expr ExprId(3238): Reference(LifetimeId(0), Immutable, SemanticTypeId(91))
Expr ExprId(7767): Primitive(I32)
Expr ExprId(9384): Reference(LifetimeId(0), Immutable, SemanticTypeId(799))
Expr ExprId(6760): Primitive(U64)
Expr ExprId(9360): Primitive(U64)
Expr ExprId(8211): Primitive(U64)
Expr ExprId(11157): Enum(SymbolId(58), [SemanticTypeId(1346)], [SemanticTypeId(1346), SemanticTypeId(0)])
Expr ExprId(6338): Primitive(U128)
Expr ExprId(11409): Void
Expr ExprId(916): Primitive(Bool)
Expr ExprId(10703): Primitive(U64)
Expr ExprId(4626): Pointer(Mutable, SemanticTypeId(1704))
Expr ExprId(3756): GenericParam(SymbolId(405))
Expr ExprId(5089): GenericParam(SymbolId(1153))
Expr ExprId(8512): Primitive(U64)
Expr ExprId(11625): Struct(SymbolId(33), [SemanticTypeId(3)], [SemanticTypeId(727), SemanticTypeId(24), SemanticTypeId(24)])
Expr ExprId(4552): Void
Expr ExprId(4082): Enum(SymbolId(58), [SemanticTypeId(404)], [SemanticTypeId(404), SemanticTypeId(0)])
Expr ExprId(9786): Function { params: [SemanticTypeId(709), SemanticTypeId(24)], return_type: SemanticTypeId(709) }
Expr ExprId(7353): Reference(LifetimeId(0), Immutable, SemanticTypeId(790))
Expr ExprId(1077): Primitive(U64)
Expr ExprId(411): Enum(SymbolId(16), [SemanticTypeId(1213)], [SemanticTypeId(1213), SemanticTypeId(0)])
Expr ExprId(10265): Function { params: [SemanticTypeId(709), SemanticTypeId(24)], return_type: SemanticTypeId(709) }
Expr ExprId(2814): Primitive(U64)
Expr ExprId(6027): Reference(LifetimeId(0), Immutable, SemanticTypeId(758))
Expr ExprId(8314): Primitive(Bool)
Expr ExprId(6865): Primitive(U64)
Expr ExprId(10157): GenericParam(SymbolId(930))
Expr ExprId(10199): Pointer(Mutable, SemanticTypeId(91))
Expr ExprId(11167): Reference(LifetimeId(0), Mutable, SemanticTypeId(1277))
Expr ExprId(2124): Primitive(I32)
Expr ExprId(7265): Primitive(I32)
Expr ExprId(1436): Primitive(I32)
Expr ExprId(3136): Enum(SymbolId(58), [SemanticTypeId(13)], [SemanticTypeId(13), SemanticTypeId(0)])
Expr ExprId(2690): Reference(LifetimeId(0), Immutable, SemanticTypeId(664))
Expr ExprId(7500): Primitive(I32)
Expr ExprId(6828): Primitive(String)
Expr ExprId(6007): Reference(LifetimeId(0), Mutable, SemanticTypeId(1523))
Expr ExprId(9600): Primitive(U8)
Expr ExprId(5099): Primitive(U64)
Expr ExprId(1696): Pointer(Immutable, SemanticTypeId(526))
Expr ExprId(8532): Struct(SymbolId(33), [SemanticTypeId(91)], [SemanticTypeId(788), SemanticTypeId(24), SemanticTypeId(24)])
Expr ExprId(3920): Primitive(Usize)
Expr ExprId(10589): Primitive(U64)
Expr ExprId(3639): Primitive(Bool)
Expr ExprId(6950): Pointer(Immutable, SemanticTypeId(91))
Expr ExprId(10787): Primitive(I32)
Expr ExprId(5670): Void
Expr ExprId(5351): Pointer(Mutable, SemanticTypeId(1704))
Expr ExprId(7124): Primitive(U64)
Expr ExprId(11206): GenericParam(SymbolId(988))
Expr ExprId(9008): Void
Expr ExprId(2903): GenericParam(SymbolId(758))
Expr ExprId(4060): Enum(SymbolId(58), [SemanticTypeId(406)], [SemanticTypeId(406), SemanticTypeId(0)])
Expr ExprId(9174): Primitive(I32)
Expr ExprId(5853): Primitive(Bool)
Expr ExprId(7471): Void
Expr ExprId(6330): Primitive(U64)
Expr ExprId(9239): Function { params: [SemanticTypeId(723), SemanticTypeId(24)], return_type: SemanticTypeId(725) }
Expr ExprId(9154): Primitive(I32)
Expr ExprId(1033): Primitive(Bool)
Expr ExprId(3918): Void
Expr ExprId(1187): Primitive(U64)
Expr ExprId(4734): Primitive(U64)
Expr ExprId(8587): Primitive(U64)
Expr ExprId(8905): Primitive(Char)
Expr ExprId(1475): Primitive(U64)
Expr ExprId(11525): GenericParam(SymbolId(903))
Expr ExprId(956): GenericParam(SymbolId(520))
Expr ExprId(5495): Pointer(Mutable, SemanticTypeId(1704))
Expr ExprId(4792): Primitive(I32)
Expr ExprId(10030): Primitive(I32)
Expr ExprId(7870): Primitive(U8)
Expr ExprId(9703): Primitive(U64)
Expr ExprId(10429): Pointer(Immutable, SemanticTypeId(91))
Expr ExprId(8021): Primitive(Bool)
Expr ExprId(1831): Function { params: [SemanticTypeId(709), SemanticTypeId(24)], return_type: SemanticTypeId(709) }
Expr ExprId(5783): Enum(SymbolId(65), [SemanticTypeId(0), SemanticTypeId(830)], [SemanticTypeId(0), SemanticTypeId(830)])
Expr ExprId(2022): Function { params: [SemanticTypeId(714)], return_type: SemanticTypeId(713) }
Expr ExprId(1327): Reference(LifetimeId(0), Mutable, SemanticTypeId(631))
Expr ExprId(4640): Pointer(Mutable, SemanticTypeId(1704))
Expr ExprId(518): Primitive(U64)
Expr ExprId(10630): Primitive(U64)
Expr ExprId(5039): Reference(LifetimeId(0), Mutable, SemanticTypeId(1706))
Expr ExprId(8648): Reference(LifetimeId(0), Immutable, SemanticTypeId(786))
Expr ExprId(9086): Reference(LifetimeId(0), Immutable, SemanticTypeId(790))
Expr ExprId(7753): Primitive(U64)
Expr ExprId(7922): Primitive(U64)
Expr ExprId(10476): Primitive(I32)
Expr ExprId(3784): Primitive(I32)
Expr ExprId(9410): Primitive(U64)
Expr ExprId(833): Primitive(Bool)
Expr ExprId(7780): Primitive(I32)
Expr ExprId(11449): Enum(SymbolId(58), [SemanticTypeId(882)], [SemanticTypeId(882), SemanticTypeId(0)])
Expr ExprId(10744): Primitive(U64)
Expr ExprId(2563): Primitive(U64)
Expr ExprId(7770): Primitive(U8)
Expr ExprId(3824): Primitive(U64)
Expr ExprId(10294): Reference(LifetimeId(0), Immutable, SemanticTypeId(1078))
Expr ExprId(8286): Primitive(Bool)
Expr ExprId(3247): Primitive(U16)
Expr ExprId(5204): Primitive(U64)
Expr ExprId(4485): Pointer(Mutable, SemanticTypeId(1704))
Expr ExprId(7775): Primitive(U32)
Expr ExprId(7038): Reference(LifetimeId(0), Immutable, SemanticTypeId(790))
Expr ExprId(3168): Primitive(U64)
Expr ExprId(4042): Enum(SymbolId(58), [SemanticTypeId(406)], [SemanticTypeId(406), SemanticTypeId(0)])
Expr ExprId(7325): Primitive(U8)
Expr ExprId(716): Reference(LifetimeId(0), Immutable, SemanticTypeId(124))
Expr ExprId(2446): Primitive(I32)
Expr ExprId(4208): Reference(LifetimeId(0), Mutable, SemanticTypeId(1848))
Expr ExprId(10896): Pointer(Mutable, SemanticTypeId(91))
Expr ExprId(10046): Primitive(U64)
Expr ExprId(10267): Pointer(Mutable, SemanticTypeId(1075))
Expr ExprId(7973): Primitive(Bool)
Expr ExprId(3568): Enum(SymbolId(58), [SemanticTypeId(83)], [SemanticTypeId(83), SemanticTypeId(0)])
Expr ExprId(10456): Void
Expr ExprId(9609): Void
Expr ExprId(10730): Primitive(U64)
Expr ExprId(9065): Void
Expr ExprId(10830): Primitive(U64)
Expr ExprId(9243): Pointer(Immutable, SemanticTypeId(91))
Expr ExprId(2441): Primitive(I32)
Expr ExprId(3582): Enum(SymbolId(58), [SemanticTypeId(84)], [SemanticTypeId(84), SemanticTypeId(0)])
Expr ExprId(9210): Primitive(U64)
Expr ExprId(6630): Primitive(U32)
Expr ExprId(10587): Primitive(U64)
Expr ExprId(997): Primitive(I32)
Expr ExprId(3915): Primitive(Usize)
Expr ExprId(9744): Primitive(I32)
Expr ExprId(3981): Enum(SymbolId(58), [SemanticTypeId(15)], [SemanticTypeId(15), SemanticTypeId(0)])
Expr ExprId(1589): Primitive(U64)
Expr ExprId(10541): Primitive(U64)
Expr ExprId(9557): Primitive(U64)
Expr ExprId(8294): Void
Expr ExprId(1973): Pointer(Mutable, SemanticTypeId(520))
Expr ExprId(4081): Void
Expr ExprId(7509): Primitive(U64)
Expr ExprId(6845): Primitive(U64)
Expr ExprId(8179): Primitive(U64)
Expr ExprId(10212): Primitive(I32)
Expr ExprId(10502): Function { params: [], return_type: SemanticTypeId(0) }
Expr ExprId(3422): GenericParam(SymbolId(294))
Expr ExprId(2254): Primitive(U64)
Expr ExprId(10191): Reference(LifetimeId(0), Mutable, SemanticTypeId(1078))
Expr ExprId(6895): Struct(SymbolId(33), [SemanticTypeId(91)], [SemanticTypeId(788), SemanticTypeId(24), SemanticTypeId(24)])
Expr ExprId(4877): Void
Expr ExprId(5481): Primitive(Bool)
Expr ExprId(6266): Primitive(U32)
Expr ExprId(9302): Primitive(Bool)
Expr ExprId(5314): Primitive(U64)
Expr ExprId(10535): Primitive(U64)
Expr ExprId(2891): Primitive(I32)
Expr ExprId(8423): Primitive(Bool)
Expr ExprId(10413): Primitive(U64)
Expr ExprId(3080): Enum(SymbolId(58), [SemanticTypeId(249)], [SemanticTypeId(249), SemanticTypeId(0)])
Expr ExprId(5839): Primitive(Char)
Expr ExprId(4168): Pointer(Mutable, SemanticTypeId(1842))
Expr ExprId(2953): Enum(SymbolId(58), [SemanticTypeId(49)], [SemanticTypeId(49), SemanticTypeId(0)])
Expr ExprId(3171): Reference(LifetimeId(0), Mutable, SemanticTypeId(279))
Expr ExprId(1651): Pointer(Immutable, SemanticTypeId(526))
Expr ExprId(2384): Primitive(U64)
Expr ExprId(8887): Primitive(U64)
Expr ExprId(9966): Primitive(U64)
Expr ExprId(8872): Primitive(U64)
Expr ExprId(2823): Reference(LifetimeId(0), Immutable, SemanticTypeId(635))
Expr ExprId(10779): Pointer(Mutable, SemanticTypeId(1075))
Expr ExprId(7626): Pointer(Immutable, SemanticTypeId(91))
Expr ExprId(9922): Primitive(U64)
Expr ExprId(4013): Primitive(U64)
Expr ExprId(8960): Primitive(I32)
Expr ExprId(10886): Reference(LifetimeId(0), Mutable, SemanticTypeId(1105))
Expr ExprId(11256): Function { params: [], return_type: SemanticTypeId(1057) }
Expr ExprId(2411): Pointer(Immutable, SemanticTypeId(516))
Expr ExprId(5226): Reference(LifetimeId(0), Mutable, SemanticTypeId(1706))
Expr ExprId(7712): Primitive(U8)
Expr ExprId(6638): Primitive(U8)
Expr ExprId(3100): Enum(SymbolId(58), [SemanticTypeId(177)], [SemanticTypeId(177), SemanticTypeId(0)])
Expr ExprId(8016): Primitive(U64)
Expr ExprId(6682): Primitive(I32)
Expr ExprId(5078): Reference(LifetimeId(0), Mutable, SemanticTypeId(1706))
Expr ExprId(9283): Struct(SymbolId(33), [SemanticTypeId(91)], [SemanticTypeId(788), SemanticTypeId(24), SemanticTypeId(24)])
Expr ExprId(7726): Primitive(Char)
Expr ExprId(4134): GenericParam(SymbolId(460))
Expr ExprId(8919): Primitive(U64)
Expr ExprId(1783): Pointer(Mutable, SemanticTypeId(520))
Expr ExprId(6311): Primitive(U64)
Expr ExprId(6768): Primitive(I32)
Expr ExprId(3888): Primitive(U32)
Expr ExprId(8535): Primitive(U8)
Expr ExprId(10074): Primitive(Bool)
Expr ExprId(5762): Reference(LifetimeId(0), Mutable, SemanticTypeId(1591))
Expr ExprId(6048): Enum(SymbolId(65), [SemanticTypeId(0), SemanticTypeId(830)], [SemanticTypeId(0), SemanticTypeId(830)])
Expr ExprId(664): Primitive(U64)
Expr ExprId(8324): Primitive(U64)
Expr ExprId(5343): Pointer(Mutable, SemanticTypeId(1704))
Expr ExprId(6589): Primitive(U64)
Expr ExprId(10605): Reference(LifetimeId(0), Mutable, SemanticTypeId(1078))
Expr ExprId(5609): Primitive(I32)
Expr ExprId(5292): Reference(LifetimeId(0), Mutable, SemanticTypeId(1706))
Expr ExprId(2653): Primitive(U64)
Expr ExprId(5243): Void
Expr ExprId(6777): Primitive(U8)
Expr ExprId(7424): Primitive(Bool)
Expr ExprId(304): Enum(SymbolId(65), [SemanticTypeId(1869), SemanticTypeId(1870)], [SemanticTypeId(1869), SemanticTypeId(1870)])
Expr ExprId(3681): GenericParam(SymbolId(392))
Expr ExprId(8141): Primitive(U8)
Expr ExprId(9610): Primitive(U8)
Expr ExprId(3587): Reference(LifetimeId(0), Mutable, SemanticTypeId(83))
Expr ExprId(6262): Primitive(U64)
Expr ExprId(6562): Primitive(U8)
Expr ExprId(7641): Primitive(I32)
Expr ExprId(1921): Pointer(Mutable, SemanticTypeId(520))
Expr ExprId(11287): Enum(SymbolId(58), [SemanticTypeId(1285)], [SemanticTypeId(1285), SemanticTypeId(0)])
Expr ExprId(1413): Primitive(I32)
Expr ExprId(10599): Primitive(U64)
Expr ExprId(10472): Primitive(U64)
Expr ExprId(8675): Primitive(U64)
Expr ExprId(2199): Primitive(U64)
Expr ExprId(3267): Primitive(U32)
Expr ExprId(5585): Primitive(Bool)
Expr ExprId(7264): Primitive(U8)
Expr ExprId(5293): Primitive(U64)
Expr ExprId(2574): Primitive(U64)
Expr ExprId(3007): Void
Expr ExprId(9462): Primitive(I32)
Expr ExprId(2447): Primitive(Bool)
Expr ExprId(5855): Enum(SymbolId(467), [], [SemanticTypeId(0)])
Expr ExprId(6236): Primitive(U64)
Expr ExprId(1225): Struct(SymbolId(121), [SemanticTypeId(598)], [SemanticTypeId(639), SemanticTypeId(639)])
Expr ExprId(6288): Function { params: [SemanticTypeId(24)], return_type: SemanticTypeId(24) }
Expr ExprId(3131): Enum(SymbolId(58), [SemanticTypeId(13)], [SemanticTypeId(13), SemanticTypeId(0)])
Expr ExprId(3866): Primitive(I32)
Expr ExprId(1147): Void
Expr ExprId(7794): Primitive(U32)
Expr ExprId(8524): Primitive(I32)
Expr ExprId(5727): Reference(LifetimeId(0), Immutable, SemanticTypeId(1745))
Expr ExprId(7185): Enum(SymbolId(65), [SemanticTypeId(0), SemanticTypeId(830)], [SemanticTypeId(0), SemanticTypeId(830)])
Expr ExprId(416): Enum(SymbolId(16), [SemanticTypeId(1213)], [SemanticTypeId(1213), SemanticTypeId(0)])
Expr ExprId(5289): Void
Expr ExprId(4903): Primitive(U64)
Expr ExprId(4847): Function { params: [SemanticTypeId(24), SemanticTypeId(24)], return_type: SemanticTypeId(788) }
Expr ExprId(10526): Primitive(U64)
Expr ExprId(8704): Function { params: [], return_type: SemanticTypeId(790) }
Expr ExprId(1791): Pointer(Immutable, SemanticTypeId(520))
Expr ExprId(8429): Primitive(Bool)
Expr ExprId(2772): Primitive(Bool)
Expr ExprId(6697): Primitive(U32)
Expr ExprId(4790): Reference(LifetimeId(0), Mutable, SemanticTypeId(1706))
Expr ExprId(3597): Primitive(Bool)
Expr ExprId(7083): Primitive(U64)
Expr ExprId(6913): Pointer(Immutable, SemanticTypeId(91))
Expr ExprId(5103): Void
Expr ExprId(3470): GenericParam(SymbolId(760))
Expr ExprId(424): Pointer(Immutable, SemanticTypeId(1203))
Expr ExprId(8225): Primitive(U8)
Expr ExprId(9985): Pointer(Mutable, SemanticTypeId(1075))
Expr ExprId(3516): Enum(SymbolId(58), [SemanticTypeId(222)], [SemanticTypeId(222), SemanticTypeId(0)])
Expr ExprId(3883): GenericParam(SymbolId(424))
Expr ExprId(3427): Primitive(Bool)
Expr ExprId(2631): Void
Expr ExprId(7887): Primitive(U32)
Expr ExprId(1079): Primitive(I32)
Expr ExprId(8983): Reference(LifetimeId(0), Immutable, SemanticTypeId(786))
Expr ExprId(1786): Pointer(Mutable, SemanticTypeId(520))
Expr ExprId(7518): Primitive(U32)
Expr ExprId(4381): Enum(SymbolId(58), [SemanticTypeId(1755)], [SemanticTypeId(1755), SemanticTypeId(0)])
Expr ExprId(3114): Reference(LifetimeId(0), Mutable, SemanticTypeId(294))
Expr ExprId(3905): Void
Expr ExprId(8087): Function { params: [SemanticTypeId(6)], return_type: SemanticTypeId(24) }
Expr ExprId(8539): Primitive(U8)
Expr ExprId(11314): Void
Expr ExprId(626): Primitive(U8)
Expr ExprId(2968): Enum(SymbolId(58), [SemanticTypeId(49)], [SemanticTypeId(49), SemanticTypeId(0)])
Expr ExprId(6452): Primitive(U8)
Expr ExprId(9237): Primitive(U64)
Expr ExprId(5630): Primitive(Bool)
Expr ExprId(9849): Primitive(U64)
Expr ExprId(3840): Enum(SymbolId(58), [SemanticTypeId(415)], [SemanticTypeId(415), SemanticTypeId(0)])
Expr ExprId(4918): Pointer(Mutable, SemanticTypeId(1704))
Expr ExprId(1700): Function { params: [SemanticTypeId(705), SemanticTypeId(24)], return_type: SemanticTypeId(705) }
Expr ExprId(2492): GenericParam(SymbolId(1678))
Expr ExprId(2167): Pointer(Mutable, SemanticTypeId(564))
Expr ExprId(8292): Primitive(U64)
Expr ExprId(8942): Primitive(I32)
Expr ExprId(9382): Struct(SymbolId(33), [SemanticTypeId(91)], [SemanticTypeId(788), SemanticTypeId(24), SemanticTypeId(24)])
Expr ExprId(10450): Reference(LifetimeId(0), Mutable, SemanticTypeId(1078))
Expr ExprId(7501): Primitive(U8)
Expr ExprId(11393): Reference(LifetimeId(0), Immutable, SemanticTypeId(897))
Expr ExprId(517): Primitive(I32)
Expr ExprId(3064): Reference(LifetimeId(0), Mutable, SemanticTypeId(259))
Expr ExprId(5245): Primitive(Bool)
Expr ExprId(5525): Pointer(Mutable, SemanticTypeId(1704))
Expr ExprId(3237): Primitive(U8)
Expr ExprId(4216): Reference(LifetimeId(0), Mutable, SemanticTypeId(1845))
Expr ExprId(3071): Reference(LifetimeId(0), Mutable, SemanticTypeId(308))
Expr ExprId(4825): Primitive(U64)
Expr ExprId(5239): Primitive(U64)
Expr ExprId(8965): Void
Expr ExprId(4399): Primitive(U64)
Expr ExprId(2207): Primitive(U64)
Expr ExprId(4468): Primitive(I32)
Expr ExprId(4221): Reference(LifetimeId(0), Mutable, SemanticTypeId(1845))
Expr ExprId(1082): Void
Expr ExprId(2314): Primitive(U64)
Expr ExprId(508): Primitive(I32)
Expr ExprId(959): Reference(LifetimeId(0), Immutable, SemanticTypeId(1501))
Expr ExprId(811): Primitive(Bool)
Expr ExprId(7279): Primitive(U64)
Expr ExprId(1236): Primitive(U64)
Expr ExprId(1673): Primitive(I32)
Expr ExprId(2625): Primitive(Bool)
Expr ExprId(1393): Reference(LifetimeId(0), Immutable, SemanticTypeId(567))
Expr ExprId(11348): GenericParam(SymbolId(2237))
Expr ExprId(11489): Reference(LifetimeId(0), Immutable, SemanticTypeId(927))
Expr ExprId(1409): Primitive(Bool)
Expr ExprId(1765): Primitive(I32)
Expr ExprId(1170): Primitive(I32)
Expr ExprId(10680): Function { params: [SemanticTypeId(709), SemanticTypeId(24)], return_type: SemanticTypeId(709) }
Expr ExprId(4249): Primitive(I8)
Expr ExprId(7989): Primitive(U64)
Expr ExprId(11145): Pointer(Immutable, SemanticTypeId(1109))
Expr ExprId(5600): Pointer(Immutable, SemanticTypeId(1704))
Expr ExprId(3630): GenericParam(SymbolId(727))
Expr ExprId(2766): GenericParam(SymbolId(157))
Expr ExprId(2777): Primitive(I32)
Expr ExprId(1111): Reference(LifetimeId(0), Mutable, SemanticTypeId(540))
Expr ExprId(8172): Primitive(U64)
Expr ExprId(7355): Reference(LifetimeId(0), Immutable, SemanticTypeId(786))
Expr ExprId(7220): Primitive(U32)
Expr ExprId(2608): Primitive(U64)
Expr ExprId(1115): Primitive(U64)
Expr ExprId(8305): Enum(SymbolId(58), [SemanticTypeId(24)], [SemanticTypeId(24), SemanticTypeId(0)])
Expr ExprId(2858): Primitive(U64)
Expr ExprId(6397): Primitive(Bool)
Expr ExprId(8900): Primitive(I32)
Expr ExprId(4123): Void
Expr ExprId(8548): Struct(SymbolId(33), [SemanticTypeId(91)], [SemanticTypeId(788), SemanticTypeId(24), SemanticTypeId(24)])
Expr ExprId(9605): Primitive(U64)
Expr ExprId(9255): Function { params: [], return_type: SemanticTypeId(790) }
Expr ExprId(3625): GenericParam(SymbolId(726))
Expr ExprId(3929): Primitive(I8)
Expr ExprId(10437): Primitive(U8)
Expr ExprId(10528): Function { params: [], return_type: SemanticTypeId(0) }
Expr ExprId(10347): Primitive(Bool)
Expr ExprId(980): GenericParam(SymbolId(524))
Expr ExprId(523): Primitive(U64)
Expr ExprId(5303): Pointer(Mutable, SemanticTypeId(1704))
Expr ExprId(4283): Function { params: [], return_type: SemanticTypeId(879) }
Expr ExprId(4913): Primitive(U64)
Expr ExprId(5599): Function { params: [SemanticTypeId(705), SemanticTypeId(24)], return_type: SemanticTypeId(705) }
Expr ExprId(15): Primitive(I32)
Expr ExprId(11640): Primitive(U64)
Expr ExprId(7623): Primitive(I32)
Expr ExprId(2807): GenericParam(SymbolId(159))
Expr ExprId(2503): Primitive(U64)
Expr ExprId(10463): Function { params: [SemanticTypeId(788), SemanticTypeId(24)], return_type: SemanticTypeId(0) }
Expr ExprId(4291): Primitive(U64)
Expr ExprId(981): GenericParam(SymbolId(524))
Expr ExprId(7084): Primitive(Bool)
Expr ExprId(11096): Pointer(Immutable, SemanticTypeId(91))
Expr ExprId(11200): Struct(SymbolId(480), [SemanticTypeId(1264), SemanticTypeId(1265)], [SemanticTypeId(788), SemanticTypeId(885), SemanticTypeId(1266), SemanticTypeId(1267), SemanticTypeId(24), SemanticTypeId(24), SemanticTypeId(24)])
Expr ExprId(8605): Primitive(U64)
Expr ExprId(597): Primitive(U64)
Expr ExprId(5048): Pointer(Immutable, SemanticTypeId(1766))
Expr ExprId(6642): Primitive(U32)
Expr ExprId(11021): GenericParam(SymbolId(933))
Expr ExprId(1708): GenericParam(SymbolId(1630))
Expr ExprId(732): Primitive(Usize)
Expr ExprId(3721): GenericParam(SymbolId(400))
Expr ExprId(10130): Primitive(I32)
Expr ExprId(2288): Reference(LifetimeId(0), Immutable, SemanticTypeId(518))
Expr ExprId(186): Enum(SymbolId(58), [SemanticTypeId(1451)], [SemanticTypeId(1451), SemanticTypeId(0)])
Expr ExprId(11312): Enum(SymbolId(58), [SemanticTypeId(981)], [SemanticTypeId(981), SemanticTypeId(0)])
Expr ExprId(6815): Primitive(U8)
Expr ExprId(1790): Pointer(Mutable, SemanticTypeId(520))
Expr ExprId(10834): Void
Expr ExprId(5443): Primitive(U64)
Expr ExprId(7263): Primitive(U64)
Expr ExprId(9049): Primitive(U32)
Expr ExprId(11058): Function { params: [SemanticTypeId(705), SemanticTypeId(24)], return_type: SemanticTypeId(705) }
Expr ExprId(395): Enum(SymbolId(58), [SemanticTypeId(1209)], [SemanticTypeId(1209), SemanticTypeId(0)])
Expr ExprId(5212): Primitive(U64)
Expr ExprId(10486): Reference(LifetimeId(0), Mutable, SemanticTypeId(1078))
Expr ExprId(9006): Primitive(U32)
Expr ExprId(2648): Void
Expr ExprId(4816): Primitive(I32)
Expr ExprId(8053): Primitive(I32)
Expr ExprId(212): Primitive(Bool)
Expr ExprId(671): Primitive(I32)
Expr ExprId(11278): Reference(LifetimeId(0), Immutable, SemanticTypeId(1306))
Expr ExprId(3982): Enum(SymbolId(58), [SemanticTypeId(15)], [SemanticTypeId(15), SemanticTypeId(0)])
Expr ExprId(2241): Primitive(U64)
Expr ExprId(3327): Primitive(I8)
Expr ExprId(3439): Reference(LifetimeId(0), Mutable, SemanticTypeId(106))
Expr ExprId(1999): Primitive(U64)
Expr ExprId(9663): Reference(LifetimeId(0), Immutable, SemanticTypeId(1074))
Expr ExprId(11641): Enum(SymbolId(58), [SemanticTypeId(129)], [SemanticTypeId(129), SemanticTypeId(0)])
Expr ExprId(11453): Primitive(Bool)
Expr ExprId(10144): Pointer(Mutable, SemanticTypeId(24))
Expr ExprId(3979): Primitive(Bool)
Expr ExprId(6694): Primitive(U32)
Expr ExprId(8956): Primitive(I32)
Expr ExprId(9701): Enum(SymbolId(477), [], [SemanticTypeId(24), SemanticTypeId(24)])
Expr ExprId(5085): Function { params: [SemanticTypeId(714)], return_type: SemanticTypeId(713) }
Expr ExprId(4475): Primitive(U64)
Expr ExprId(4978): GenericParam(SymbolId(2871))
Expr ExprId(7744): Primitive(U8)
Expr ExprId(288): Enum(SymbolId(65), [SemanticTypeId(1872), SemanticTypeId(1870)], [SemanticTypeId(1872), SemanticTypeId(1870)])
Expr ExprId(2223): Primitive(U64)
Expr ExprId(1423): Primitive(U64)
Expr ExprId(2307): GenericParam(SymbolId(1661))
Expr ExprId(2250): Pointer(Immutable, SemanticTypeId(518))
Expr ExprId(5357): Pointer(Mutable, SemanticTypeId(1704))
Expr ExprId(394): Enum(SymbolId(58), [SemanticTypeId(1196)], [SemanticTypeId(1196), SemanticTypeId(0)])
Expr ExprId(2849): Reference(LifetimeId(0), Mutable, SemanticTypeId(679))
Expr ExprId(11034): Primitive(U64)
Expr ExprId(10616): Primitive(Bool)
Expr ExprId(4450): Struct(SymbolId(33), [SemanticTypeId(1779)], [SemanticTypeId(1780), SemanticTypeId(24), SemanticTypeId(24)])
Expr ExprId(4375): Primitive(I32)
Expr ExprId(10687): Pointer(Mutable, SemanticTypeId(1074))
Expr ExprId(3969): Primitive(I64)
Expr ExprId(2483): Pointer(Mutable, SemanticTypeId(532))
Expr ExprId(8689): Primitive(String)
Expr ExprId(7426): Primitive(I32)
Expr ExprId(9203): Primitive(Bool)
Expr ExprId(7090): Primitive(U8)
Expr ExprId(2750): Primitive(Usize)
Expr ExprId(7236): Primitive(Bool)
Expr ExprId(6549): Primitive(I32)
Expr ExprId(11407): GenericParam(SymbolId(897))
Expr ExprId(9940): Pointer(Mutable, SemanticTypeId(91))
Expr ExprId(3067): Void
Expr ExprId(10318): Enum(SymbolId(477), [], [SemanticTypeId(24), SemanticTypeId(24)])
Expr ExprId(9348): Reference(LifetimeId(0), Immutable, SemanticTypeId(786))
Expr ExprId(5113): Primitive(I32)
Expr ExprId(5631): Primitive(Bool)
Expr ExprId(7502): Primitive(U8)
Expr ExprId(5344): Primitive(U64)
Expr ExprId(11445): Reference(LifetimeId(0), Immutable, SemanticTypeId(927))
Expr ExprId(4103): GenericParam(SymbolId(458))
Expr ExprId(10198): Reference(LifetimeId(0), Mutable, SemanticTypeId(1078))
Expr ExprId(6177): Reference(LifetimeId(0), Immutable, SemanticTypeId(8))
Expr ExprId(8540): Void
Expr ExprId(5840): Enum(SymbolId(65), [SemanticTypeId(0), SemanticTypeId(830)], [SemanticTypeId(0), SemanticTypeId(830)])
Expr ExprId(9712): Primitive(U64)
Expr ExprId(8269): Primitive(I32)
Expr ExprId(5240): Primitive(I32)
Expr ExprId(2235): Primitive(U64)
Expr ExprId(4803): Primitive(U64)
Expr ExprId(3655): Enum(SymbolId(58), [SemanticTypeId(69)], [SemanticTypeId(69), SemanticTypeId(0)])
Expr ExprId(1889): Primitive(U64)
Expr ExprId(6593): Primitive(U64)
Expr ExprId(902): Primitive(I32)
Expr ExprId(284): GenericParam(SymbolId(1199))
Expr ExprId(8232): Primitive(U64)
Expr ExprId(10076): GenericParam(SymbolId(930))
Expr ExprId(5754): Primitive(I32)
Expr ExprId(3832): Void
Expr ExprId(10949): Primitive(U64)
Expr ExprId(3164): Void
Expr ExprId(1466): Void
Expr ExprId(8652): Primitive(I32)
Expr ExprId(11001): Pointer(Mutable, SemanticTypeId(1084))
Expr ExprId(4718): Function { params: [], return_type: SemanticTypeId(0) }
Expr ExprId(10016): Primitive(U8)
Expr ExprId(6078): Enum(SymbolId(65), [SemanticTypeId(0), SemanticTypeId(830)], [SemanticTypeId(0), SemanticTypeId(830)])
Expr ExprId(5444): Void
Expr ExprId(2816): Primitive(U64)
Expr ExprId(6820): Primitive(U64)
Expr ExprId(4828): Primitive(U64)
Expr ExprId(10145): Pointer(Mutable, SemanticTypeId(24))
Expr ExprId(300): Function { params: [SemanticTypeId(1870)], return_type: SemanticTypeId(1869) }
Expr ExprId(6525): Primitive(I32)
Expr ExprId(3066): Enum(SymbolId(58), [SemanticTypeId(257)], [SemanticTypeId(257), SemanticTypeId(0)])
Expr ExprId(8338): Primitive(Bool)
Expr ExprId(5253): Primitive(Bool)
Expr ExprId(754): Reference(LifetimeId(0), Immutable, SemanticTypeId(15))
Expr ExprId(1827): Primitive(Bool)
Expr ExprId(4463): Primitive(I32)
Expr ExprId(5902): Enum(SymbolId(65), [SemanticTypeId(0), SemanticTypeId(830)], [SemanticTypeId(0), SemanticTypeId(830)])
Expr ExprId(7472): Primitive(U8)
Expr ExprId(9877): Void
Expr ExprId(1094): Primitive(U64)
Expr ExprId(10235): Function { params: [SemanticTypeId(709), SemanticTypeId(24)], return_type: SemanticTypeId(709) }
Expr ExprId(10930): Void
Expr ExprId(3940): Enum(SymbolId(58), [SemanticTypeId(11)], [SemanticTypeId(11), SemanticTypeId(0)])
Expr ExprId(11072): Reference(LifetimeId(0), Immutable, SemanticTypeId(1109))
Expr ExprId(9718): Primitive(U64)
Expr ExprId(6168): Reference(LifetimeId(0), Mutable, SemanticTypeId(1552))
Expr ExprId(7862): Primitive(U64)
Expr ExprId(3822): Enum(SymbolId(58), [SemanticTypeId(425)], [SemanticTypeId(425), SemanticTypeId(0)])
Expr ExprId(5118): Reference(LifetimeId(0), Mutable, SemanticTypeId(1706))
Expr ExprId(8076): Primitive(Bool)
Expr ExprId(8495): Primitive(U8)
Expr ExprId(1650): Pointer(Mutable, SemanticTypeId(526))
Expr ExprId(6618): Primitive(U32)
Expr ExprId(11187): Function { params: [SemanticTypeId(24)], return_type: SemanticTypeId(1134) }
Expr ExprId(3201): Enum(SymbolId(58), [SemanticTypeId(62)], [SemanticTypeId(62), SemanticTypeId(0)])
Expr ExprId(251): Enum(SymbolId(65), [SemanticTypeId(1919), SemanticTypeId(1920)], [SemanticTypeId(1919), SemanticTypeId(1920)])
Expr ExprId(11515): Struct(SymbolId(579), [SemanticTypeId(909)], [SemanticTypeId(946)])
Expr ExprId(573): Reference(LifetimeId(0), Mutable, SemanticTypeId(1679))
Expr ExprId(4447): Pointer(Mutable, SemanticTypeId(1779))
Expr ExprId(7576): Primitive(U64)
Expr ExprId(11595): Primitive(Bool)
Expr ExprId(3711): Primitive(U64)
Expr ExprId(3460): GenericParam(SymbolId(760))
Expr ExprId(10385): Primitive(U64)
Expr ExprId(7779): Primitive(U8)
Expr ExprId(10934): Primitive(U64)
Expr ExprId(346): Enum(SymbolId(65), [SemanticTypeId(1935), SemanticTypeId(1884)], [SemanticTypeId(1935), SemanticTypeId(1884)])
Expr ExprId(9662): Primitive(Bool)
Expr ExprId(6981): Reference(LifetimeId(0), Mutable, SemanticTypeId(790))
Expr ExprId(7401): Primitive(U8)
Expr ExprId(8967): Primitive(I32)
Expr ExprId(11588): Primitive(Bool)
Expr ExprId(5929): Primitive(Bool)
Expr ExprId(4202): Pointer(Immutable, SemanticTypeId(1848))
Expr ExprId(376): GenericParam(SymbolId(945))
Expr ExprId(7841): Primitive(U64)
Expr ExprId(762): Primitive(U128)
Expr ExprId(9928): Primitive(U64)
Expr ExprId(104): Reference(LifetimeId(0), Immutable, SemanticTypeId(497))
Expr ExprId(6371): Primitive(I32)
Expr ExprId(3887): Primitive(U32)
Expr ExprId(4344): GenericParam(SymbolId(45))
Expr ExprId(6722): Primitive(U8)
Expr ExprId(8159): Reference(LifetimeId(0), Immutable, SemanticTypeId(790))
Expr ExprId(2193): Function { params: [SemanticTypeId(717), SemanticTypeId(718), SemanticTypeId(24)], return_type: SemanticTypeId(0) }
Expr ExprId(6255): Function { params: [SemanticTypeId(24)], return_type: SemanticTypeId(24) }
Expr ExprId(5903): Enum(SymbolId(467), [], [SemanticTypeId(0)])
Expr ExprId(9979): Void
Expr ExprId(6165): Reference(LifetimeId(0), Immutable, SemanticTypeId(91))
Expr ExprId(2267): Primitive(U64)
Expr ExprId(2870): Primitive(U64)
Expr ExprId(1456): Primitive(I32)
Expr ExprId(10693): Void
Expr ExprId(5503): GenericParam(SymbolId(2871))
Expr ExprId(352): Enum(SymbolId(58), [SemanticTypeId(1888)], [SemanticTypeId(1888), SemanticTypeId(0)])
Expr ExprId(785): Primitive(U16)
Expr ExprId(11267): GenericParam(SymbolId(990))
Expr ExprId(4439): Void
Expr ExprId(5577): Primitive(U64)
Expr ExprId(9946): Reference(LifetimeId(0), Mutable, SemanticTypeId(1078))
Expr ExprId(3364): Primitive(I32)
Expr ExprId(4617): Primitive(U64)
Expr ExprId(3300): Primitive(Bool)
Expr ExprId(6989): Function { params: [SemanticTypeId(787), SemanticTypeId(24)], return_type: SemanticTypeId(4) }
Expr ExprId(9417): Pointer(Mutable, SemanticTypeId(1124))
Expr ExprId(6123): Enum(SymbolId(467), [], [SemanticTypeId(0)])
Expr ExprId(8410): Primitive(U64)
Expr ExprId(7933): Primitive(U64)
Expr ExprId(8213): Primitive(I32)
Expr ExprId(1382): Primitive(U64)
Expr ExprId(7120): Reference(LifetimeId(0), Immutable, SemanticTypeId(790))
Expr ExprId(378): Function { params: [], return_type: SemanticTypeId(2) }
Expr ExprId(5201): Reference(LifetimeId(0), Mutable, SemanticTypeId(1706))
Expr ExprId(2044): Primitive(Bool)
Expr ExprId(5552): Primitive(U64)
Expr ExprId(8006): Void
Expr ExprId(3509): Primitive(Bool)
Expr ExprId(6113): Enum(SymbolId(65), [SemanticTypeId(0), SemanticTypeId(830)], [SemanticTypeId(0), SemanticTypeId(830)])
Expr ExprId(11501): Reference(LifetimeId(0), Immutable, SemanticTypeId(906))
Expr ExprId(9437): Primitive(I32)
Expr ExprId(6917): Primitive(U8)
Expr ExprId(1488): Primitive(U64)
Expr ExprId(6982): Struct(SymbolId(33), [SemanticTypeId(91)], [SemanticTypeId(788), SemanticTypeId(24), SemanticTypeId(24)])
Expr ExprId(5876): Primitive(Bool)
Expr ExprId(11254): Struct(SymbolId(545), [SemanticTypeId(1264), SemanticTypeId(1265)], [SemanticTypeId(1353)])
Expr ExprId(9775): Primitive(U64)
Expr ExprId(5342): Reference(LifetimeId(0), Mutable, SemanticTypeId(1706))
Expr ExprId(10207): Primitive(Bool)
Expr ExprId(259): Pointer(Mutable, SemanticTypeId(1870))
Expr ExprId(10662): Primitive(I32)
Expr ExprId(3095): Enum(SymbolId(58), [SemanticTypeId(176)], [SemanticTypeId(176), SemanticTypeId(0)])
Expr ExprId(10068): Primitive(U64)
Expr ExprId(737): Primitive(I8)
Expr ExprId(5731): Primitive(U64)
Expr ExprId(6662): Primitive(U8)
Expr ExprId(3989): Primitive(Isize)
Expr ExprId(9198): Reference(LifetimeId(0), Immutable, SemanticTypeId(786))
Expr ExprId(9681): Primitive(U64)
Expr ExprId(5954): Primitive(U8)
Expr ExprId(4771): Primitive(Bool)
Expr ExprId(412): Primitive(Bool)
Expr ExprId(5172): GenericParam(SymbolId(2871))
Expr ExprId(9434): Primitive(Bool)
Expr ExprId(89): Primitive(U64)
Expr ExprId(6275): Reference(LifetimeId(0), Immutable, SemanticTypeId(124))
Expr ExprId(10792): Pointer(Mutable, SemanticTypeId(91))
Expr ExprId(10901): Primitive(U64)
Expr ExprId(6184): Primitive(U64)
Expr ExprId(9890): Primitive(U64)
Expr ExprId(4441): Primitive(U64)
Expr ExprId(6714): Primitive(U32)
Expr ExprId(9168): Primitive(U64)
Expr ExprId(7584): Primitive(I32)
Expr ExprId(11493): Primitive(Bool)
Expr ExprId(9541): Primitive(U64)
Expr ExprId(7674): Primitive(U64)
Expr ExprId(2871): Primitive(U64)
Expr ExprId(2004): Primitive(U64)
Expr ExprId(8200): Primitive(U64)
Expr ExprId(9741): Primitive(U64)
Expr ExprId(7736): Enum(SymbolId(58), [SemanticTypeId(768)], [SemanticTypeId(768), SemanticTypeId(0)])
Expr ExprId(4302): Primitive(U64)
Expr ExprId(11541): Function { params: [], return_type: SemanticTypeId(879) }
Expr ExprId(4597): Primitive(U64)
Expr ExprId(3931): Primitive(I8)
Expr ExprId(962): Primitive(Bool)
Expr ExprId(1385): Primitive(U64)
Expr ExprId(6367): Primitive(I32)
Expr ExprId(5748): Primitive(I32)
Expr ExprId(8174): Primitive(U64)
Expr ExprId(11553): Primitive(Bool)
Expr ExprId(8052): Primitive(Bool)
Expr ExprId(5401): Primitive(U64)
Expr ExprId(11310): Tuple([SemanticTypeId(981), SemanticTypeId(884)])
Expr ExprId(3547): GenericParam(SymbolId(317))
Expr ExprId(7198): Primitive(U8)
Expr ExprId(6698): Primitive(U32)
Expr ExprId(9577): Primitive(I32)
Expr ExprId(2245): Pointer(Immutable, SemanticTypeId(518))
Expr ExprId(2782): Reference(LifetimeId(0), Immutable, SemanticTypeId(596))
Expr ExprId(8707): Primitive(I32)
Expr ExprId(5451): Primitive(U64)
Expr ExprId(1105): Pointer(Immutable, SemanticTypeId(538))
Expr ExprId(7778): Primitive(U32)
Expr ExprId(9192): Primitive(U64)
Expr ExprId(2730): Primitive(I32)
Expr ExprId(3321): Reference(LifetimeId(0), Immutable, SemanticTypeId(36))
Expr ExprId(10319): Enum(SymbolId(477), [], [SemanticTypeId(24), SemanticTypeId(24)])
Expr ExprId(11094): Primitive(U64)
Expr ExprId(8353): Primitive(Bool)
Expr ExprId(10307): Reference(LifetimeId(0), Mutable, SemanticTypeId(1078))
Expr ExprId(3616): Enum(SymbolId(58), [SemanticTypeId(286)], [SemanticTypeId(286), SemanticTypeId(0)])
Expr ExprId(11249): Struct(SymbolId(541), [SemanticTypeId(1264), SemanticTypeId(1265)], [SemanticTypeId(1353)])
Expr ExprId(5846): Primitive(I128)
Expr ExprId(6013): Reference(LifetimeId(0), Mutable, SemanticTypeId(1551))
Expr ExprId(3206): Struct(SymbolId(269), [SemanticTypeId(140), SemanticTypeId(143)], [SemanticTypeId(140), SemanticTypeId(145)])
Expr ExprId(8578): Void
Expr ExprId(11109): Pointer(Immutable, SemanticTypeId(1096))
Expr ExprId(998): Primitive(U64)
Expr ExprId(6200): Primitive(I8)
Expr ExprId(5390): Primitive(U64)
Expr ExprId(5439): Reference(LifetimeId(0), Mutable, SemanticTypeId(1706))
Expr ExprId(5689): Function { params: [], return_type: SemanticTypeId(24) }
Expr ExprId(1220): Pointer(Mutable, SemanticTypeId(609))
Expr ExprId(10200): Primitive(U64)
Expr ExprId(837): Reference(LifetimeId(0), Immutable, SemanticTypeId(7))
Expr ExprId(3004): Tuple([SemanticTypeId(41), SemanticTypeId(22)])
Expr ExprId(824): Reference(LifetimeId(0), Immutable, SemanticTypeId(24))
Expr ExprId(422): Struct(SymbolId(22), [], [SemanticTypeId(1204)])
Expr ExprId(5047): Pointer(Mutable, SemanticTypeId(1704))
Expr ExprId(11619): Struct(SymbolId(184), [SemanticTypeId(1972), SemanticTypeId(3)], [SemanticTypeId(1972), SemanticTypeId(24)])
Expr ExprId(119): Primitive(Bool)
Expr ExprId(2425): Pointer(Immutable, SemanticTypeId(516))
Expr ExprId(2421): Reference(LifetimeId(0), Immutable, SemanticTypeId(516))
Expr ExprId(7025): Primitive(U64)
Expr ExprId(7089): Primitive(U64)
Expr ExprId(3256): Reference(LifetimeId(0), Immutable, SemanticTypeId(124))
Expr ExprId(3431): Reference(LifetimeId(0), Mutable, SemanticTypeId(106))
Expr ExprId(7306): Reference(LifetimeId(0), Immutable, SemanticTypeId(786))
Expr ExprId(6134): Primitive(String)
Expr ExprId(5909): Enum(SymbolId(65), [SemanticTypeId(0), SemanticTypeId(830)], [SemanticTypeId(0), SemanticTypeId(830)])
Expr ExprId(5280): Primitive(I32)
Expr ExprId(11192): Primitive(U64)
Expr ExprId(9925): Primitive(U64)
Expr ExprId(4415): Primitive(U64)
Expr ExprId(4036): Enum(SymbolId(58), [SemanticTypeId(407)], [SemanticTypeId(407), SemanticTypeId(0)])
Expr ExprId(883): Primitive(I16)
Expr ExprId(4988): Function { params: [SemanticTypeId(709), SemanticTypeId(24)], return_type: SemanticTypeId(709) }
Expr ExprId(8290): Primitive(U64)
Expr ExprId(6065): Enum(SymbolId(467), [], [SemanticTypeId(0)])
Expr ExprId(9912): GenericParam(SymbolId(930))
Expr ExprId(2623): Primitive(I32)
Expr ExprId(7685): Primitive(I32)
Expr ExprId(5923): Enum(SymbolId(65), [SemanticTypeId(0), SemanticTypeId(830)], [SemanticTypeId(0), SemanticTypeId(830)])
Expr ExprId(4008): Enum(SymbolId(58), [SemanticTypeId(24)], [SemanticTypeId(24), SemanticTypeId(0)])
Expr ExprId(7535): Enum(SymbolId(65), [SemanticTypeId(0), SemanticTypeId(830)], [SemanticTypeId(0), SemanticTypeId(830)])
Expr ExprId(11403): Enum(SymbolId(58), [SemanticTypeId(882)], [SemanticTypeId(882), SemanticTypeId(0)])
Expr ExprId(7274): Primitive(Bool)
Expr ExprId(10964): Primitive(U64)
Expr ExprId(4804): Primitive(I32)
Expr ExprId(4509): Primitive(I32)
Expr ExprId(6883): Struct(SymbolId(33), [SemanticTypeId(91)], [SemanticTypeId(788), SemanticTypeId(24), SemanticTypeId(24)])
Expr ExprId(11398): Reference(LifetimeId(0), Immutable, SemanticTypeId(927))
Expr ExprId(4185): Pointer(Mutable, SemanticTypeId(1847))
Expr ExprId(6347): Primitive(U64)
Expr ExprId(1754): Primitive(U64)
Expr ExprId(1614): GenericParam(SymbolId(1624))
Expr ExprId(10446): Function { params: [SemanticTypeId(1166)], return_type: SemanticTypeId(0) }
Expr ExprId(6203): Enum(SymbolId(65), [SemanticTypeId(0), SemanticTypeId(830)], [SemanticTypeId(0), SemanticTypeId(830)])
Expr ExprId(5650): Reference(LifetimeId(0), Mutable, SemanticTypeId(1790))
Expr ExprId(5589): Primitive(I32)
Expr ExprId(6456): Primitive(U8)
Expr ExprId(461): Primitive(I64)
Expr ExprId(2017): Function { params: [SemanticTypeId(709), SemanticTypeId(24)], return_type: SemanticTypeId(709) }
Expr ExprId(9380): Void
Expr ExprId(5825): Primitive(Bool)
Expr ExprId(4560): Primitive(U64)
Expr ExprId(1099): Primitive(I32)
Expr ExprId(10691): GenericParam(SymbolId(930))
Expr ExprId(6967): Primitive(U64)
Expr ExprId(878): Primitive(Bool)
Expr ExprId(9387): Enum(SymbolId(374), [], [SemanticTypeId(6), SemanticTypeId(790)])
Expr ExprId(8896): Primitive(U8)
Expr ExprId(10136): Primitive(I32)
Expr ExprId(4932): Primitive(U64)
Expr ExprId(8367): Primitive(U64)
Expr ExprId(8624): Function { params: [SemanticTypeId(91)], return_type: SemanticTypeId(4) }
Expr ExprId(7143): Void
Expr ExprId(8107): Pointer(Immutable, SemanticTypeId(91))
Expr ExprId(3678): Enum(SymbolId(58), [SemanticTypeId(281)], [SemanticTypeId(281), SemanticTypeId(0)])
Expr ExprId(10819): Primitive(U64)
Expr ExprId(5862): Primitive(U128)
Expr ExprId(10674): Primitive(I32)
Expr ExprId(4462): Primitive(U64)
Expr ExprId(8554): Primitive(U64)
Expr ExprId(8897): Void
Expr ExprId(399): Enum(SymbolId(58), [SemanticTypeId(1216)], [SemanticTypeId(1216), SemanticTypeId(0)])
Expr ExprId(3379): Primitive(Bool)
Expr ExprId(9273): Primitive(I32)
Expr ExprId(9413): Primitive(U64)
Expr ExprId(2295): Function { params: [SemanticTypeId(714)], return_type: SemanticTypeId(713) }
Expr ExprId(10208): Reference(LifetimeId(0), Mutable, SemanticTypeId(1078))
Expr ExprId(10276): Pointer(Mutable, SemanticTypeId(1075))
Expr ExprId(3369): Primitive(Bool)
Expr ExprId(1084): Reference(LifetimeId(0), Mutable, SemanticTypeId(540))
Expr ExprId(6868): Struct(SymbolId(33), [SemanticTypeId(91)], [SemanticTypeId(788), SemanticTypeId(24), SemanticTypeId(24)])
Expr ExprId(7643): Primitive(U32)
Expr ExprId(10262): Reference(LifetimeId(0), Mutable, SemanticTypeId(1078))
Expr ExprId(2386): Void
Expr ExprId(9041): Primitive(U8)
Expr ExprId(8214): Primitive(U64)
Expr ExprId(9953): Void
Expr ExprId(9648): Function { params: [SemanticTypeId(705), SemanticTypeId(24)], return_type: SemanticTypeId(705) }
Expr ExprId(9407): Primitive(U64)
Expr ExprId(6042): Primitive(Bool)
Expr ExprId(4437): Primitive(I32)
Expr ExprId(392): Enum(SymbolId(9), [SemanticTypeId(1208), SemanticTypeId(1198)], [SemanticTypeId(1198), SemanticTypeId(1208)])
Expr ExprId(3134): Primitive(Bool)
Expr ExprId(9246): Function { params: [SemanticTypeId(723), SemanticTypeId(24)], return_type: SemanticTypeId(725) }
Expr ExprId(11507): Reference(LifetimeId(0), Immutable, SemanticTypeId(1008))
Expr ExprId(6034): Primitive(I64)
Expr ExprId(8797): Primitive(U64)
Expr ExprId(986): GenericParam(SymbolId(524))
Expr ExprId(6329): Primitive(U64)
Expr ExprId(11248): Struct(SymbolId(504), [SemanticTypeId(1264), SemanticTypeId(1265)], [SemanticTypeId(792), SemanticTypeId(1351), SemanticTypeId(1352), SemanticTypeId(24), SemanticTypeId(24)])
Expr ExprId(10847): Void
Expr ExprId(8685): Primitive(I32)
Expr ExprId(6676): Primitive(U8)
Expr ExprId(10376): Function { params: [SemanticTypeId(709), SemanticTypeId(24)], return_type: SemanticTypeId(709) }
Expr ExprId(4652): Primitive(U64)
Expr ExprId(3599): Void
Expr ExprId(2866): GenericParam(SymbolId(163))
Expr ExprId(2511): Pointer(Immutable, SemanticTypeId(532))
Expr ExprId(8008): Primitive(U64)
Expr ExprId(9571): Reference(LifetimeId(0), Immutable, SemanticTypeId(1078))
Expr ExprId(9525): Pointer(Mutable, SemanticTypeId(91))
Expr ExprId(2640): Primitive(U64)
Expr ExprId(9556): Primitive(U64)
Expr ExprId(3921): GenericParam(SymbolId(430))
Expr ExprId(11038): Primitive(U64)
Expr ExprId(4628): Void
Expr ExprId(281): Enum(SymbolId(65), [SemanticTypeId(1872), SemanticTypeId(1870)], [SemanticTypeId(1872), SemanticTypeId(1870)])
Expr ExprId(2856): Primitive(I32)
Expr ExprId(4161): Primitive(U64)
Expr ExprId(7363): Reference(LifetimeId(0), Immutable, SemanticTypeId(786))
Expr ExprId(10195): Enum(SymbolId(477), [], [SemanticTypeId(24), SemanticTypeId(24)])
Expr ExprId(1814): Void
Expr ExprId(3089): Reference(LifetimeId(0), Mutable, SemanticTypeId(240))
Expr ExprId(8552): Reference(LifetimeId(0), Immutable, SemanticTypeId(786))
Expr ExprId(4473): Primitive(U64)
Expr ExprId(2804): GenericParam(SymbolId(159))
Expr ExprId(3782): Enum(SymbolId(58), [SemanticTypeId(385)], [SemanticTypeId(385), SemanticTypeId(0)])
Expr ExprId(8740): Primitive(Bool)
Expr ExprId(10548): Primitive(U64)
Expr ExprId(1395): Primitive(U64)
Expr ExprId(4585): Primitive(U64)
Expr ExprId(3457): Primitive(Bool)
Expr ExprId(7655): Primitive(U64)
Expr ExprId(4495): Primitive(I32)
Expr ExprId(6797): Primitive(Bool)
Expr ExprId(7906): Primitive(U64)
Expr ExprId(8795): Primitive(I32)
Expr ExprId(6776): Primitive(I32)
Expr ExprId(8805): Reference(LifetimeId(0), Immutable, SemanticTypeId(790))
Expr ExprId(3968): Enum(SymbolId(58), [SemanticTypeId(141)], [SemanticTypeId(141), SemanticTypeId(0)])
Expr ExprId(9261): Primitive(U64)
Expr ExprId(8069): Void
Expr ExprId(10944): Primitive(U64)
Expr ExprId(7886): Primitive(U32)
Expr ExprId(9927): Primitive(U64)
Expr ExprId(8380): Primitive(U64)
Expr ExprId(131): Pointer(Immutable, SemanticTypeId(1451))
Expr ExprId(5982): Reference(LifetimeId(0), Immutable, SemanticTypeId(8))
Expr ExprId(5984): Primitive(U64)
Expr ExprId(5068): Function { params: [SemanticTypeId(709), SemanticTypeId(24)], return_type: SemanticTypeId(709) }
Expr ExprId(11125): Primitive(I32)
Expr ExprId(7934): Primitive(U64)
Expr ExprId(6159): Primitive(Bool)
Expr ExprId(3196): Reference(LifetimeId(0), Immutable, SemanticTypeId(62))
Expr ExprId(5822): Primitive(U128)
Expr ExprId(8331): Primitive(I32)
Expr ExprId(4930): Pointer(Mutable, SemanticTypeId(1704))
Expr ExprId(1132): Primitive(U64)
Expr ExprId(473): Primitive(I32)
Expr ExprId(6578): Primitive(U64)
Expr ExprId(9463): Primitive(U64)
Expr ExprId(646): Reference(LifetimeId(0), Mutable, SemanticTypeId(374))
Expr ExprId(1416): Void
Expr ExprId(474): Primitive(I64)
Expr ExprId(9810): Primitive(U64)
Expr ExprId(463): Primitive(I32)
Expr ExprId(9576): Enum(SymbolId(477), [], [SemanticTypeId(24), SemanticTypeId(24)])
Expr ExprId(6050): Enum(SymbolId(65), [SemanticTypeId(0), SemanticTypeId(830)], [SemanticTypeId(0), SemanticTypeId(830)])
Expr ExprId(608): Pointer(Mutable, SemanticTypeId(91))
Expr ExprId(7673): Primitive(I32)
Expr ExprId(3214): GenericParam(SymbolId(753))
Expr ExprId(9769): Primitive(I32)
Expr ExprId(3339): Primitive(I8)
Expr ExprId(6362): Primitive(I32)
Expr ExprId(6822): Void
Expr ExprId(7885): Primitive(U32)
Expr ExprId(6614): Primitive(U32)
Expr ExprId(8591): Primitive(Bool)
Expr ExprId(6064): Enum(SymbolId(65), [SemanticTypeId(0), SemanticTypeId(830)], [SemanticTypeId(0), SemanticTypeId(830)])
Expr ExprId(9710): GenericParam(SymbolId(930))
Expr ExprId(8649): Primitive(Usize)
Expr ExprId(2651): Primitive(U64)
Expr ExprId(3626): Enum(SymbolId(58), [SemanticTypeId(115)], [SemanticTypeId(115), SemanticTypeId(0)])
Expr ExprId(10943): Reference(LifetimeId(0), Mutable, SemanticTypeId(1105))
Expr ExprId(4554): Primitive(U64)
Expr ExprId(1233): Primitive(U64)
Expr ExprId(70): Primitive(I32)
Expr ExprId(6457): Primitive(Bool)
Expr ExprId(2404): Pointer(Immutable, SemanticTypeId(516))
Expr ExprId(11031): Primitive(U64)
Expr ExprId(8226): Primitive(Bool)
Expr ExprId(8562): Primitive(U64)
Expr ExprId(4083): GenericParam(SymbolId(450))
Expr ExprId(10932): Pointer(Mutable, SemanticTypeId(1102))
Expr ExprId(6189): Primitive(U128)
Expr ExprId(2738): Primitive(Bool)
Expr ExprId(9637): Primitive(U8)
Expr ExprId(6559): Primitive(I32)
Expr ExprId(2176): GenericParam(SymbolId(1656))
Expr ExprId(479): Primitive(U64)
Expr ExprId(3789): Enum(SymbolId(58), [SemanticTypeId(427)], [SemanticTypeId(427), SemanticTypeId(0)])
Expr ExprId(8909): Reference(LifetimeId(0), Immutable, SemanticTypeId(786))
Expr ExprId(1521): Pointer(Mutable, SemanticTypeId(577))
Expr ExprId(2557): Primitive(U64)
Expr ExprId(7150): Primitive(U64)
Expr ExprId(11209): Reference(LifetimeId(0), Mutable, SemanticTypeId(1269))
Expr ExprId(406): Enum(SymbolId(9), [SemanticTypeId(1197), SemanticTypeId(1216)], [SemanticTypeId(1216), SemanticTypeId(1197)])
Expr ExprId(928): Primitive(Isize)
Expr ExprId(5555): Reference(LifetimeId(0), Mutable, SemanticTypeId(1706))
Expr ExprId(6361): Primitive(U64)
Expr ExprId(3468): Void
Expr ExprId(7677): Primitive(U8)
Expr ExprId(10532): Primitive(U64)
Expr ExprId(3537): GenericParam(SymbolId(761))
Expr ExprId(7764): Reference(LifetimeId(0), Immutable, SemanticTypeId(786))
Expr ExprId(9452): Void
Expr ExprId(840): Primitive(Usize)
Expr ExprId(585): Primitive(U64)
Expr ExprId(5701): Primitive(U64)
Expr ExprId(2444): Primitive(U64)
Expr ExprId(4182): Pointer(Mutable, SemanticTypeId(1847))
Expr ExprId(7003): Reference(LifetimeId(0), Immutable, SemanticTypeId(786))
Expr ExprId(1697): Primitive(U64)
Expr ExprId(9872): Pointer(Mutable, SemanticTypeId(1075))
Expr ExprId(10571): Pointer(Mutable, SemanticTypeId(24))
Expr ExprId(5612): Void
Expr ExprId(8413): Primitive(U64)
Expr ExprId(4354): Primitive(U64)
Expr ExprId(10032): Void
Expr ExprId(8096): Primitive(Bool)
Expr ExprId(3831): Void
Expr ExprId(10818): Primitive(U64)
Expr ExprId(3296): Reference(LifetimeId(0), Immutable, SemanticTypeId(24))
Expr ExprId(3629): Enum(SymbolId(58), [SemanticTypeId(115)], [SemanticTypeId(115), SemanticTypeId(0)])
Expr ExprId(10561): Primitive(U64)
Expr ExprId(6905): Struct(SymbolId(33), [SemanticTypeId(91)], [SemanticTypeId(788), SemanticTypeId(24), SemanticTypeId(24)])
Expr ExprId(2217): Primitive(U64)
Expr ExprId(1640): Primitive(U64)
Expr ExprId(6246): Primitive(U64)
Expr ExprId(91): Function { params: [SemanticTypeId(500), SemanticTypeId(8)], return_type: SemanticTypeId(8) }
Expr ExprId(6974): Void
Expr ExprId(2699): Primitive(U64)
Expr ExprId(8820): Primitive(Bool)
Expr ExprId(11376): Primitive(Bool)
Expr ExprId(1664): Pointer(Immutable, SemanticTypeId(526))
Expr ExprId(9009): Primitive(U64)
Expr ExprId(1211): Primitive(U64)
Expr ExprId(8197): Reference(LifetimeId(0), Immutable, SemanticTypeId(786))
Expr ExprId(7484): Primitive(U64)
Expr ExprId(11056): Pointer(Immutable, SemanticTypeId(1096))
Expr ExprId(6162): Enum(SymbolId(65), [SemanticTypeId(0), SemanticTypeId(830)], [SemanticTypeId(0), SemanticTypeId(830)])
Expr ExprId(2956): Reference(LifetimeId(0), Mutable, SemanticTypeId(199))
Expr ExprId(6945): Struct(SymbolId(33), [SemanticTypeId(91)], [SemanticTypeId(788), SemanticTypeId(24), SemanticTypeId(24)])
Expr ExprId(2246): Primitive(U64)
Expr ExprId(11466): Reference(LifetimeId(0), Immutable, SemanticTypeId(927))
Expr ExprId(3250): Primitive(Bool)
Expr ExprId(2560): Primitive(U64)
Expr ExprId(7082): Primitive(U64)
Expr ExprId(3576): Primitive(Bool)
Expr ExprId(7181): Primitive(Bool)
Expr ExprId(7958): Function { params: [SemanticTypeId(6)], return_type: SemanticTypeId(24) }
Expr ExprId(10784): Void
Expr ExprId(7035): Primitive(Bool)
Expr ExprId(2174): Pointer(Immutable, SemanticTypeId(564))
Expr ExprId(2603): Void
Expr ExprId(9461): Primitive(U64)
Expr ExprId(3697): Void
Expr ExprId(10909): Primitive(U64)
Expr ExprId(1763): Primitive(U64)
Expr ExprId(6527): Primitive(Bool)
Expr ExprId(8927): Primitive(I32)
Expr ExprId(10369): Pointer(Mutable, SemanticTypeId(1074))
Expr ExprId(5990): Reference(LifetimeId(0), Mutable, SemanticTypeId(1546))
Expr ExprId(1841): Function { params: [SemanticTypeId(714)], return_type: SemanticTypeId(713) }
Expr ExprId(1202): Primitive(U64)
Expr ExprId(2579): Function { params: [SemanticTypeId(709), SemanticTypeId(24)], return_type: SemanticTypeId(709) }
Expr ExprId(6941): Primitive(U64)
Expr ExprId(10003): Reference(LifetimeId(0), Mutable, SemanticTypeId(1078))
Expr ExprId(6071): Enum(SymbolId(65), [SemanticTypeId(0), SemanticTypeId(830)], [SemanticTypeId(0), SemanticTypeId(830)])
Expr ExprId(6879): Primitive(U64)
Expr ExprId(11511): Reference(LifetimeId(0), Immutable, SemanticTypeId(952))
Expr ExprId(4233): Primitive(I32)
Expr ExprId(206): Enum(SymbolId(65), [SemanticTypeId(1869), SemanticTypeId(1870)], [SemanticTypeId(1869), SemanticTypeId(1870)])
Expr ExprId(8019): Primitive(U64)
Expr ExprId(7856): Primitive(U8)
Expr ExprId(9206): Primitive(U64)
Expr ExprId(1806): Primitive(I32)
Expr ExprId(1092): Primitive(I32)
Expr ExprId(1940): Function { params: [SemanticTypeId(705), SemanticTypeId(24)], return_type: SemanticTypeId(705) }
Expr ExprId(171): Enum(SymbolId(58), [SemanticTypeId(1469)], [SemanticTypeId(1469), SemanticTypeId(0)])
Expr ExprId(6140): Primitive(Bool)
Expr ExprId(230): Pointer(Immutable, SemanticTypeId(1871))
Expr ExprId(4434): Void
Expr ExprId(6454): Primitive(U8)
Expr ExprId(3463): Reference(LifetimeId(0), Immutable, SemanticTypeId(114))
Expr ExprId(1834): Pointer(Mutable, SemanticTypeId(520))
Expr ExprId(10225): Function { params: [SemanticTypeId(709), SemanticTypeId(24)], return_type: SemanticTypeId(709) }
Expr ExprId(780): Primitive(U8)
Expr ExprId(258): Primitive(U64)
Expr ExprId(9719): Function { params: [SemanticTypeId(709), SemanticTypeId(24)], return_type: SemanticTypeId(709) }
Expr ExprId(4687): Reference(LifetimeId(0), Mutable, SemanticTypeId(1706))
Expr ExprId(10923): Pointer(Mutable, SemanticTypeId(91))
Expr ExprId(10121): Pointer(Mutable, SemanticTypeId(91))
Expr ExprId(2900): Enum(SymbolId(58), [SemanticTypeId(134)], [SemanticTypeId(134), SemanticTypeId(0)])
Expr ExprId(8130): Primitive(Usize)
Expr ExprId(11086): Primitive(U64)
Expr ExprId(8184): Function { params: [SemanticTypeId(705), SemanticTypeId(24)], return_type: SemanticTypeId(705) }
Expr ExprId(3499): Reference(LifetimeId(0), Mutable, SemanticTypeId(224))
Expr ExprId(10442): Pointer(Mutable, SemanticTypeId(1074))
Expr ExprId(10791): Reference(LifetimeId(0), Immutable, SemanticTypeId(1078))
Expr ExprId(889): Reference(LifetimeId(0), Immutable, SemanticTypeId(3))
Expr ExprId(4504): Enum(SymbolId(58), [SemanticTypeId(1704)], [SemanticTypeId(1704), SemanticTypeId(0)])
Expr ExprId(8680): Primitive(U64)
Expr ExprId(3539): GenericParam(SymbolId(761))
Expr ExprId(690): Reference(LifetimeId(0), Immutable, SemanticTypeId(1648))
Expr ExprId(7951): Primitive(U64)
Expr ExprId(4970): Pointer(Mutable, SemanticTypeId(1704))
Expr ExprId(9466): Primitive(U64)
Expr ExprId(854): Reference(LifetimeId(0), Immutable, SemanticTypeId(754))
Expr ExprId(7965): Primitive(Bool)
Expr ExprId(3725): Function { params: [SemanticTypeId(440)], return_type: SemanticTypeId(0) }
Expr ExprId(6752): Pointer(Immutable, SemanticTypeId(91))
Expr ExprId(9561): Primitive(U64)
Expr ExprId(1344): Primitive(U64)
Expr ExprId(1081): Primitive(U64)
Expr ExprId(4561): Primitive(Bool)
Expr ExprId(5324): Primitive(U64)
Expr ExprId(11335): Struct(SymbolId(549), [SemanticTypeId(1015), SemanticTypeId(884)], [SemanticTypeId(1022)])
Expr ExprId(3112): Primitive(Bool)
Expr ExprId(7806): Primitive(U64)
Expr ExprId(9229): Reference(LifetimeId(0), Immutable, SemanticTypeId(793))
Expr ExprId(2918): Primitive(Bool)
Expr ExprId(6808): Primitive(U64)
Expr ExprId(5880): Primitive(Bool)
Expr ExprId(1400): Reference(LifetimeId(0), Immutable, SemanticTypeId(567))
Expr ExprId(7718): Primitive(U64)
Expr ExprId(1898): Pointer(Mutable, SemanticTypeId(520))
Expr ExprId(11589): Void
Expr ExprId(2674): Pointer(Mutable, SemanticTypeId(628))
Expr ExprId(2475): Function { params: [SemanticTypeId(709), SemanticTypeId(24)], return_type: SemanticTypeId(709) }
Expr ExprId(4835): Reference(LifetimeId(0), Mutable, SemanticTypeId(1706))
Expr ExprId(6853): Reference(LifetimeId(0), Immutable, SemanticTypeId(786))
Expr ExprId(8447): Reference(LifetimeId(0), Immutable, SemanticTypeId(786))
Expr ExprId(125): Reference(LifetimeId(0), Immutable, SemanticTypeId(1459))
Expr ExprId(4602): GenericParam(SymbolId(2871))
Expr ExprId(8650): Primitive(U64)
Expr ExprId(1748): Void
Expr ExprId(11536): Reference(LifetimeId(0), Immutable, SemanticTypeId(969))
Expr ExprId(10878): Primitive(U64)
Expr ExprId(1346): Primitive(Bool)
Expr ExprId(9817): GenericParam(SymbolId(930))
Expr ExprId(4870): Primitive(U64)
Expr ExprId(11196): Reference(LifetimeId(0), Immutable, SemanticTypeId(1269))
Expr ExprId(2533): Pointer(Mutable, SemanticTypeId(532))
Expr ExprId(10325): Pointer(Mutable, SemanticTypeId(1075))
Expr ExprId(11204): Reference(LifetimeId(0), Mutable, SemanticTypeId(1269))
Expr ExprId(2453): Primitive(U64)
Expr ExprId(11321): Struct(SymbolId(541), [SemanticTypeId(972), SemanticTypeId(884)], [SemanticTypeId(974)])
Expr ExprId(7506): Primitive(U32)
Expr ExprId(112): Reference(LifetimeId(0), Immutable, SemanticTypeId(1459))
Expr ExprId(11624): Primitive(Bool)
Expr ExprId(3837): Primitive(Bool)
Expr ExprId(2769): GenericParam(SymbolId(157))
Expr ExprId(3666): Void
Expr ExprId(9020): Primitive(U32)
Expr ExprId(5232): Primitive(Bool)
Expr ExprId(6970): Struct(SymbolId(33), [SemanticTypeId(91)], [SemanticTypeId(788), SemanticTypeId(24), SemanticTypeId(24)])
Expr ExprId(11083): Reference(LifetimeId(0), Mutable, SemanticTypeId(1112))
Expr ExprId(4267): Primitive(I32)
Expr ExprId(3593): GenericParam(SymbolId(747))
Expr ExprId(10094): Pointer(Mutable, SemanticTypeId(1075))
Expr ExprId(4516): Pointer(Immutable, SemanticTypeId(1704))
Expr ExprId(1180): Reference(LifetimeId(0), Immutable, SemanticTypeId(650))
Expr ExprId(8365): Primitive(U64)
Expr ExprId(2817): Primitive(U64)
Expr ExprId(7660): Primitive(U32)
Expr ExprId(10586): Reference(LifetimeId(0), Mutable, SemanticTypeId(1078))
Expr ExprId(10428): Pointer(Mutable, SemanticTypeId(91))
Expr ExprId(9285): Primitive(U64)
Expr ExprId(5617): Void
Expr ExprId(10611): Primitive(U8)
Expr ExprId(11421): Void
Expr ExprId(10249): Pointer(Mutable, SemanticTypeId(1075))
Expr ExprId(872): Primitive(I32)
Expr ExprId(4411): Reference(LifetimeId(0), Mutable, SemanticTypeId(1724))
Expr ExprId(11615): Struct(SymbolId(168), [SemanticTypeId(1965), SemanticTypeId(129), SemanticTypeId(3)], [SemanticTypeId(1965), SemanticTypeId(300)])
Expr ExprId(1304): Primitive(U64)
Expr ExprId(1241): Pointer(Mutable, SemanticTypeId(601))
Expr ExprId(1465): Primitive(U64)
Expr ExprId(9514): Function { params: [SemanticTypeId(24), SemanticTypeId(24)], return_type: SemanticTypeId(788) }
Expr ExprId(8657): Primitive(U64)
Expr ExprId(9933): Primitive(U64)
Expr ExprId(698): Primitive(Bool)
Expr ExprId(1299): Tuple([SemanticTypeId(620), SemanticTypeId(620)])
Expr ExprId(7359): Primitive(U64)
Expr ExprId(5404): Primitive(U64)
Expr ExprId(11190): Reference(LifetimeId(0), Immutable, SemanticTypeId(1269))
Expr ExprId(3907): GenericParam(SymbolId(428))
Expr ExprId(7985): Primitive(Bool)
Expr ExprId(6933): Reference(LifetimeId(0), Immutable, SemanticTypeId(786))
Expr ExprId(9017): Primitive(U8)
Expr ExprId(10480): Primitive(U64)
Expr ExprId(9539): Primitive(U64)
Expr ExprId(9837): Primitive(I32)
Expr ExprId(2979): Primitive(U64)
Expr ExprId(7781): Primitive(U8)
Expr ExprId(7219): Reference(LifetimeId(0), Mutable, SemanticTypeId(825))
Expr ExprId(10598): Reference(LifetimeId(0), Mutable, SemanticTypeId(1078))
Expr ExprId(6178): Primitive(U32)
Expr ExprId(4905): Primitive(U64)
Expr ExprId(219): Pointer(Immutable, SemanticTypeId(1871))
Expr ExprId(269): Enum(SymbolId(65), [SemanticTypeId(1869), SemanticTypeId(1870)], [SemanticTypeId(1869), SemanticTypeId(1870)])
Expr ExprId(529): Primitive(Bool)
Expr ExprId(1773): Pointer(Mutable, SemanticTypeId(520))
Expr ExprId(4642): Primitive(U64)
Expr ExprId(5044): Pointer(Immutable, SemanticTypeId(1766))
Expr ExprId(7668): Primitive(U64)
Expr ExprId(11613): Struct(SymbolId(168), [SemanticTypeId(1965), SemanticTypeId(129), SemanticTypeId(3)], [SemanticTypeId(1965), SemanticTypeId(300)])
Expr ExprId(9964): Pointer(Mutable, SemanticTypeId(24))
Expr ExprId(8517): Primitive(U64)
Expr ExprId(2358): Primitive(U64)
Expr ExprId(10405): Primitive(I32)
Expr ExprId(2584): Function { params: [SemanticTypeId(709), SemanticTypeId(24)], return_type: SemanticTypeId(709) }
Expr ExprId(7912): Primitive(U32)
Expr ExprId(10041): Primitive(U64)
Expr ExprId(10106): Primitive(I32)
Expr ExprId(10067): Reference(LifetimeId(0), Mutable, SemanticTypeId(1078))
Expr ExprId(2229): Primitive(I32)
Expr ExprId(3034): Struct(SymbolId(194), [SemanticTypeId(21), SemanticTypeId(100), SemanticTypeId(226), SemanticTypeId(131)], [SemanticTypeId(21), SemanticTypeId(100)])
Expr ExprId(5282): Primitive(U64)
Expr ExprId(340): GenericParam(SymbolId(79))
Expr ExprId(6729): Primitive(U32)
Expr ExprId(5251): GenericParam(SymbolId(2871))
Expr ExprId(3731): Void
Expr ExprId(10092): Primitive(U64)
Expr ExprId(4197): Primitive(U64)
Expr ExprId(2665): Primitive(Bool)
Expr ExprId(3295): Primitive(Bool)
Expr ExprId(9735): Primitive(U64)
Expr ExprId(7905): Reference(LifetimeId(0), Mutable, SemanticTypeId(796))
Expr ExprId(163): GenericParam(SymbolId(1020))
Expr ExprId(1792): GenericParam(SymbolId(1637))
Expr ExprId(3911): GenericParam(SymbolId(428))
Expr ExprId(2658): Void
Expr ExprId(6665): Primitive(I32)
Expr ExprId(301): GenericParam(SymbolId(1211))
Expr ExprId(6339): Primitive(U64)
Expr ExprId(5013): Function { params: [SemanticTypeId(1166)], return_type: SemanticTypeId(0) }
Expr ExprId(11120): Primitive(U64)
Expr ExprId(519): Pointer(Mutable, SemanticTypeId(1664))
Expr ExprId(6651): Primitive(U32)
Expr ExprId(5543): Primitive(U64)
Expr ExprId(3001): Enum(SymbolId(58), [SemanticTypeId(44)], [SemanticTypeId(44), SemanticTypeId(0)])
Expr ExprId(1504): Function { params: [SemanticTypeId(613), SemanticTypeId(613)], return_type: SemanticTypeId(3) }
Expr ExprId(9234): Reference(LifetimeId(0), Immutable, SemanticTypeId(793))
Expr ExprId(1705): GenericParam(SymbolId(1630))
Expr ExprId(2435): Primitive(U64)
Expr ExprId(9058): Primitive(U8)
Expr ExprId(1379): Primitive(U64)
Expr ExprId(10915): Pointer(Mutable, SemanticTypeId(91))
Expr ExprId(2971): Reference(LifetimeId(0), Mutable, SemanticTypeId(95))
Expr ExprId(6891): Reference(LifetimeId(0), Immutable, SemanticTypeId(790))
Expr ExprId(8255): Primitive(Bool)
Expr ExprId(10035): Pointer(Mutable, SemanticTypeId(24))
Expr ExprId(8614): Primitive(I32)
Expr ExprId(5810): Primitive(I64)
Expr ExprId(1711): Primitive(I32)
Expr ExprId(10210): Reference(LifetimeId(0), Mutable, SemanticTypeId(1078))
Expr ExprId(8460): Struct(SymbolId(33), [SemanticTypeId(91)], [SemanticTypeId(788), SemanticTypeId(24), SemanticTypeId(24)])
Expr ExprId(10073): Primitive(Bool)
Expr ExprId(7769): Primitive(U64)
Expr ExprId(637): Pointer(Mutable, SemanticTypeId(1646))
Expr ExprId(7945): Struct(SymbolId(357), [], [SemanticTypeId(792), SemanticTypeId(792)])
Expr ExprId(5861): Primitive(I128)
Expr ExprId(3845): Void
Expr ExprId(2281): Primitive(U64)
Expr ExprId(6620): Primitive(U32)
Expr ExprId(6274): Function { params: [SemanticTypeId(24)], return_type: SemanticTypeId(24) }
Expr ExprId(7074): Primitive(U64)
Expr ExprId(6748): Pointer(Immutable, SemanticTypeId(91))
Expr ExprId(1449): Primitive(I32)
Expr ExprId(6137): Primitive(U8)
Expr ExprId(10488): Primitive(I32)
Expr ExprId(2999): Enum(SymbolId(58), [SemanticTypeId(22)], [SemanticTypeId(22), SemanticTypeId(0)])
Expr ExprId(9025): Primitive(U64)
Expr ExprId(413): Primitive(Bool)
Expr ExprId(6276): Primitive(U16)
Expr ExprId(5717): Void
Expr ExprId(5705): Primitive(Bool)
Expr ExprId(3137): Void
Expr ExprId(6932): Function { params: [SemanticTypeId(787)], return_type: SemanticTypeId(4) }
Expr ExprId(1551): Primitive(U64)
Expr ExprId(9212): Primitive(U64)
Expr ExprId(8476): Reference(LifetimeId(0), Immutable, SemanticTypeId(786))
Expr ExprId(4383): Primitive(U64)
Expr ExprId(1056): Reference(LifetimeId(0), Immutable, SemanticTypeId(141))
Expr ExprId(1766): Primitive(U64)
Expr ExprId(5818): Function { params: [SemanticTypeId(754), SemanticTypeId(1609)], return_type: SemanticTypeId(831) }
Expr ExprId(5310): Pointer(Mutable, SemanticTypeId(1704))
Expr ExprId(9760): Primitive(U64)
Expr ExprId(9245): Primitive(U64)
Expr ExprId(5331): Void
Expr ExprId(4180): Primitive(I32)
Expr ExprId(1885): Pointer(Mutable, SemanticTypeId(520))
Expr ExprId(2158): Primitive(Bool)
Expr ExprId(3380): Reference(LifetimeId(0), Immutable, SemanticTypeId(141))
Expr ExprId(8891): Void
Expr ExprId(2165): Void
Expr ExprId(11616): Primitive(U64)
Expr ExprId(11387): Primitive(Bool)
Expr ExprId(2950): Primitive(I32)
Expr ExprId(3285): Primitive(U64)
Expr ExprId(3120): Function { params: [SemanticTypeId(292)], return_type: SemanticTypeId(4) }
Expr ExprId(6257): Primitive(U64)
Expr ExprId(9220): Primitive(U64)
Expr ExprId(6902): Function { params: [SemanticTypeId(768), SemanticTypeId(865)], return_type: SemanticTypeId(0) }
Expr ExprId(760): Primitive(U128)
Expr ExprId(3076): Enum(SymbolId(58), [SemanticTypeId(249)], [SemanticTypeId(249), SemanticTypeId(0)])
Expr ExprId(827): Primitive(I32)
Expr ExprId(6659): Primitive(U32)
Expr ExprId(5794): Enum(SymbolId(467), [], [SemanticTypeId(0)])
Expr ExprId(498): Primitive(U64)
Expr ExprId(2106): Function { params: [SemanticTypeId(24)], return_type: SemanticTypeId(24) }
Expr ExprId(4085): Enum(SymbolId(58), [SemanticTypeId(404)], [SemanticTypeId(404), SemanticTypeId(0)])
Expr ExprId(5636): Primitive(U64)
Expr ExprId(6968): Primitive(Bool)
Expr ExprId(5069): Pointer(Mutable, SemanticTypeId(1766))
Expr ExprId(7877): Primitive(U32)
Expr ExprId(3282): Primitive(U64)
Expr ExprId(6364): Primitive(U64)
Expr ExprId(7711): Primitive(I32)
Expr ExprId(5072): Function { params: [SemanticTypeId(1166)], return_type: SemanticTypeId(0) }
Expr ExprId(2582): Pointer(Mutable, SemanticTypeId(532))
Expr ExprId(5653): Primitive(I32)
Expr ExprId(3276): Reference(LifetimeId(0), Immutable, SemanticTypeId(8))
Expr ExprId(287): GenericParam(SymbolId(1211))
Expr ExprId(8118): Primitive(U64)
Expr ExprId(3236): Reference(LifetimeId(0), Immutable, SemanticTypeId(91))
Expr ExprId(9364): Struct(SymbolId(33), [SemanticTypeId(91)], [SemanticTypeId(788), SemanticTypeId(24), SemanticTypeId(24)])
Expr ExprId(853): Primitive(U128)
Expr ExprId(4887): Reference(LifetimeId(0), Immutable, SemanticTypeId(1706))
Expr ExprId(3174): Primitive(U64)
Expr ExprId(4164): Primitive(U64)
Expr ExprId(3602): Void
Expr ExprId(6492): Primitive(U8)
Expr ExprId(10341): Reference(LifetimeId(0), Immutable, SemanticTypeId(1078))
Expr ExprId(5935): Enum(SymbolId(65), [SemanticTypeId(0), SemanticTypeId(830)], [SemanticTypeId(0), SemanticTypeId(830)])
Expr ExprId(5023): Primitive(U64)
Expr ExprId(8892): Struct(SymbolId(351), [], [SemanticTypeId(789)])
Expr ExprId(4152): GenericParam(SymbolId(460))
Expr ExprId(11198): Primitive(Bool)
Expr ExprId(1968): Pointer(Mutable, SemanticTypeId(520))
Expr ExprId(4508): Primitive(U64)
Expr ExprId(195): Enum(SymbolId(58), [SemanticTypeId(1451)], [SemanticTypeId(1451), SemanticTypeId(0)])
Expr ExprId(6216): Function { params: [SemanticTypeId(141), SemanticTypeId(1573)], return_type: SemanticTypeId(831) }
Expr ExprId(7268): Primitive(U32)
Expr ExprId(7746): Primitive(U8)
Expr ExprId(6688): Primitive(U32)
Expr ExprId(2439): Primitive(U64)
Expr ExprId(843): Primitive(I32)
Expr ExprId(4569): Reference(LifetimeId(0), Immutable, SemanticTypeId(1706))
Expr ExprId(2396): Primitive(U64)
Expr ExprId(10866): Function { params: [], return_type: SemanticTypeId(24) }
Expr ExprId(4563): Primitive(U64)
Expr ExprId(5283): Void
Expr ExprId(6840): Primitive(Bool)
Expr ExprId(7060): Primitive(U64)
Expr ExprId(11516): Reference(LifetimeId(0), Immutable, SemanticTypeId(947))
Expr ExprId(2372): Function { params: [SemanticTypeId(717), SemanticTypeId(718), SemanticTypeId(24)], return_type: SemanticTypeId(0) }
Expr ExprId(11199): Reference(LifetimeId(0), Mutable, SemanticTypeId(1269))
Expr ExprId(4531): Primitive(U64)
Expr ExprId(3975): Primitive(I64)
Expr ExprId(782): Primitive(I32)
Expr ExprId(1878): Primitive(Bool)
Expr ExprId(10396): Primitive(U64)
Expr ExprId(4181): Primitive(U64)
Expr ExprId(10844): Function { params: [SemanticTypeId(709), SemanticTypeId(24)], return_type: SemanticTypeId(709) }
Expr ExprId(7690): Primitive(U32)
Expr ExprId(4068): Primitive(Bool)
Expr ExprId(9479): Primitive(U64)
Expr ExprId(1829): Pointer(Mutable, SemanticTypeId(520))
Expr ExprId(7606): Primitive(U32)
Expr ExprId(748): Primitive(Bool)
Expr ExprId(9776): Function { params: [SemanticTypeId(709), SemanticTypeId(24)], return_type: SemanticTypeId(709) }
Expr ExprId(1322): Pointer(Mutable, SemanticTypeId(587))
Expr ExprId(6224): Reference(LifetimeId(0), Mutable, SemanticTypeId(1547))
Expr ExprId(6026): Function { params: [SemanticTypeId(758), SemanticTypeId(1585)], return_type: SemanticTypeId(831) }
Expr ExprId(7246): Primitive(U64)
Expr ExprId(5152): Pointer(Mutable, SemanticTypeId(1704))
Expr ExprId(6247): Void
Expr ExprId(5699): Reference(LifetimeId(0), Immutable, SemanticTypeId(1768))
Expr ExprId(11161): Reference(LifetimeId(0), Mutable, SemanticTypeId(1426))
Expr ExprId(5162): Pointer(Mutable, SemanticTypeId(1704))
Expr ExprId(3150): Reference(LifetimeId(0), Mutable, SemanticTypeId(279))
Expr ExprId(8042): Primitive(U64)
Expr ExprId(2101): Primitive(I32)
Expr ExprId(11214): Reference(LifetimeId(0), Immutable, SemanticTypeId(1269))
Expr ExprId(3045): Enum(SymbolId(58), [SemanticTypeId(205)], [SemanticTypeId(205), SemanticTypeId(0)])
Expr ExprId(6923): Primitive(I32)
Expr ExprId(3564): Enum(SymbolId(58), [SemanticTypeId(83)], [SemanticTypeId(83), SemanticTypeId(0)])
Expr ExprId(8773): Primitive(U64)
Expr ExprId(6428): Primitive(I32)
Expr ExprId(11252): Struct(SymbolId(480), [SemanticTypeId(1264), SemanticTypeId(1265)], [SemanticTypeId(788), SemanticTypeId(885), SemanticTypeId(1266), SemanticTypeId(1267), SemanticTypeId(24), SemanticTypeId(24), SemanticTypeId(24)])
Expr ExprId(3624): Reference(LifetimeId(0), Mutable, SemanticTypeId(321))
Expr ExprId(926): Primitive(I32)
Expr ExprId(8631): Primitive(U64)
Expr ExprId(496): Pointer(Mutable, SemanticTypeId(91))
Expr ExprId(6991): Reference(LifetimeId(0), Immutable, SemanticTypeId(786))
Expr ExprId(4345): Void
Expr ExprId(5146): Primitive(Bool)
Expr ExprId(4945): Primitive(U64)
Expr ExprId(5114): Primitive(U64)
Expr ExprId(8241): Primitive(I32)
Expr ExprId(2704): Primitive(Usize)
Expr ExprId(7349): Primitive(Bool)
Expr ExprId(9924): Primitive(U64)
Expr ExprId(10771): Pointer(Mutable, SemanticTypeId(24))
Expr ExprId(10644): GenericParam(SymbolId(931))
Expr ExprId(613): Pointer(Mutable, SemanticTypeId(91))
Expr ExprId(4667): Reference(LifetimeId(0), Immutable, SemanticTypeId(1706))
Expr ExprId(11144): Function { params: [SemanticTypeId(705), SemanticTypeId(24)], return_type: SemanticTypeId(705) }
Expr ExprId(3995): Enum(SymbolId(58), [SemanticTypeId(3)], [SemanticTypeId(3), SemanticTypeId(0)])
Expr ExprId(483): Pointer(Mutable, SemanticTypeId(716))
Expr ExprId(10165): Pointer(Mutable, SemanticTypeId(1075))
Expr ExprId(9591): Primitive(U64)
Expr ExprId(5660): Primitive(U64)
Expr ExprId(6511): Primitive(U64)
Expr ExprId(4928): Pointer(Mutable, SemanticTypeId(1704))
Expr ExprId(1169): Enum(SymbolId(58), [SemanticTypeId(548)], [SemanticTypeId(548), SemanticTypeId(0)])
Expr ExprId(8023): Reference(LifetimeId(0), Immutable, SemanticTypeId(786))
Expr ExprId(3410): Reference(LifetimeId(0), Immutable, SemanticTypeId(15))
Expr ExprId(10639): Pointer(Immutable, SemanticTypeId(1075))
Expr ExprId(10317): Primitive(U64)
Expr ExprId(9995): Primitive(I32)
Expr ExprId(7402): Primitive(I32)
Expr ExprId(10273): Primitive(U64)
Expr ExprId(4382): Reference(LifetimeId(0), Mutable, SemanticTypeId(1724))
Expr ExprId(9331): Struct(SymbolId(33), [SemanticTypeId(91)], [SemanticTypeId(788), SemanticTypeId(24), SemanticTypeId(24)])
Expr ExprId(9543): Primitive(U64)
Expr ExprId(9542): Primitive(U64)
Expr ExprId(5838): Primitive(U8)
Expr ExprId(5565): Pointer(Immutable, SemanticTypeId(1704))
Expr ExprId(1549): Void
Expr ExprId(4127): Enum(SymbolId(58), [SemanticTypeId(420)], [SemanticTypeId(420), SemanticTypeId(0)])
Expr ExprId(11246): Reference(LifetimeId(0), Immutable, SemanticTypeId(1269))
Expr ExprId(7413): Enum(SymbolId(467), [], [SemanticTypeId(0)])
Expr ExprId(5776): Primitive(U8)
Expr ExprId(4482): Reference(LifetimeId(0), Mutable, SemanticTypeId(1706))
Expr ExprId(6304): Reference(LifetimeId(0), Immutable, SemanticTypeId(3))
Expr ExprId(4243): Primitive(U32)
Expr ExprId(4814): Primitive(U64)
Expr ExprId(7693): Primitive(I32)
Expr ExprId(1064): Primitive(I32)
Expr ExprId(2197): Primitive(I32)
Expr ExprId(8716): Primitive(Bool)
Expr ExprId(7850): Reference(LifetimeId(0), Immutable, SemanticTypeId(786))
Expr ExprId(11103): Reference(LifetimeId(0), Mutable, SemanticTypeId(1112))
Expr ExprId(6287): Primitive(U64)
Expr ExprId(624): Pointer(Mutable, SemanticTypeId(91))
Expr ExprId(5774): Primitive(U8)
Expr ExprId(3092): Reference(LifetimeId(0), Mutable, SemanticTypeId(240))
Expr ExprId(7331): Reference(LifetimeId(0), Mutable, SemanticTypeId(825))
Expr ExprId(8510): Primitive(U64)
Expr ExprId(7176): Primitive(U64)
Expr ExprId(4061): Enum(SymbolId(58), [SemanticTypeId(406)], [SemanticTypeId(406), SemanticTypeId(0)])
Expr ExprId(8297): Primitive(U64)
Expr ExprId(9511): Primitive(U64)
Expr ExprId(3860): Primitive(U8)
Expr ExprId(9785): Primitive(U64)
Expr ExprId(3548): GenericParam(SymbolId(317))
Expr ExprId(1762): Primitive(U64)
Expr ExprId(5435): Primitive(U64)
Expr ExprId(5556): Pointer(Mutable, SemanticTypeId(1704))
Expr ExprId(11601): Array(SemanticTypeId(3), 10)
Expr ExprId(10301): Pointer(Immutable, SemanticTypeId(1075))
Expr ExprId(8451): Primitive(U8)
Expr ExprId(10336): Primitive(U64)
Expr ExprId(2160): Primitive(U64)
Expr ExprId(11447): Primitive(Bool)
Expr ExprId(6317): Primitive(U64)
Expr ExprId(6182): Function { params: [SemanticTypeId(24), SemanticTypeId(1592)], return_type: SemanticTypeId(831) }
Expr ExprId(4059): GenericParam(SymbolId(447))
Expr ExprId(714): Reference(LifetimeId(0), Immutable, SemanticTypeId(124))
Expr ExprId(3079): Function { params: [SemanticTypeId(375), SemanticTypeId(374)], return_type: SemanticTypeId(374) }
Expr ExprId(4488): GenericParam(SymbolId(2871))
Expr ExprId(7136): Primitive(U64)
Expr ExprId(1301): Primitive(Usize)
Expr ExprId(114): Primitive(Bool)
Expr ExprId(9194): Primitive(I32)
Expr ExprId(635): Pointer(Mutable, SemanticTypeId(1646))
Expr ExprId(10272): Pointer(Mutable, SemanticTypeId(1075))
Expr ExprId(5017): Primitive(I32)
Expr ExprId(2848): Void
Expr ExprId(4800): Primitive(U64)
Expr ExprId(8145): Primitive(Bool)
Expr ExprId(3329): Primitive(I8)
Expr ExprId(9797): Function { params: [SemanticTypeId(709), SemanticTypeId(24)], return_type: SemanticTypeId(709) }
Expr ExprId(10153): Function { params: [SemanticTypeId(709), SemanticTypeId(24)], return_type: SemanticTypeId(709) }
Expr ExprId(8724): Primitive(U64)
Expr ExprId(7439): Primitive(I32)
Expr ExprId(8870): Primitive(U64)
Expr ExprId(2429): Primitive(I32)
Expr ExprId(6536): Primitive(U8)
Expr ExprId(8858): Primitive(I32)
Expr ExprId(7556): Reference(LifetimeId(0), Mutable, SemanticTypeId(794))
Expr ExprId(1414): Primitive(U64)
Expr ExprId(9343): Pointer(Immutable, SemanticTypeId(91))
Expr ExprId(6860): Primitive(U64)
Expr ExprId(8995): Primitive(U32)
Expr ExprId(10521): Primitive(U64)
Expr ExprId(5816): Primitive(U128)
Expr ExprId(8959): Primitive(U8)
Expr ExprId(10877): Function { params: [], return_type: SemanticTypeId(24) }
Expr ExprId(5071): Pointer(Mutable, SemanticTypeId(1766))
Expr ExprId(4534): Primitive(U64)
Expr ExprId(2930): Primitive(U64)
Expr ExprId(636): Reference(LifetimeId(0), Mutable, SemanticTypeId(1646))
Expr ExprId(3715): Void
Expr ExprId(3458): Enum(SymbolId(58), [SemanticTypeId(114)], [SemanticTypeId(114), SemanticTypeId(0)])
Expr ExprId(2357): Primitive(U64)
Expr ExprId(10647): Primitive(U64)
Expr ExprId(3525): GenericParam(SymbolId(309))
Expr ExprId(4104): Enum(SymbolId(58), [SemanticTypeId(420)], [SemanticTypeId(420), SemanticTypeId(0)])
Expr ExprId(8080): Primitive(I32)
Expr ExprId(2406): Pointer(Mutable, SemanticTypeId(516))
Expr ExprId(9611): Primitive(I32)
Expr ExprId(4862): Pointer(Mutable, SemanticTypeId(1704))
Expr ExprId(9625): Primitive(I32)
Expr ExprId(6595): Primitive(Bool)
Expr ExprId(4074): Reference(LifetimeId(0), Immutable, SemanticTypeId(404))
Expr ExprId(11211): GenericParam(SymbolId(988))
Expr ExprId(8594): Primitive(U64)
Expr ExprId(4422): Function { params: [SemanticTypeId(788), SemanticTypeId(24), SemanticTypeId(24)], return_type: SemanticTypeId(0) }
Expr ExprId(1109): Pointer(Immutable, SemanticTypeId(538))
Expr ExprId(2654): Primitive(U64)
Expr ExprId(3411): Primitive(Isize)
Expr ExprId(7741): Reference(LifetimeId(0), Mutable, SemanticTypeId(796))
Expr ExprId(2961): Void
Expr ExprId(4856): Primitive(U64)
Expr ExprId(7495): Primitive(U64)
Expr ExprId(9567): Primitive(U64)
Expr ExprId(6195): Primitive(U64)
Expr ExprId(9685): Primitive(I32)
Expr ExprId(3742): Primitive(Bool)
Expr ExprId(2549): Primitive(U64)
Expr ExprId(11017): GenericParam(SymbolId(932))
Expr ExprId(11290): Reference(LifetimeId(0), Immutable, SemanticTypeId(1282))
Expr ExprId(2212): Void
Expr ExprId(7971): Primitive(U64)
Expr ExprId(1042): Reference(LifetimeId(0), Immutable, SemanticTypeId(124))
Expr ExprId(8766): Primitive(I32)
Expr ExprId(3493): GenericParam(SymbolId(760))
Expr ExprId(9293): Pointer(Immutable, SemanticTypeId(91))
Expr ExprId(5429): Function { params: [SemanticTypeId(702), SemanticTypeId(701)], return_type: SemanticTypeId(0) }
Expr ExprId(2749): Reference(LifetimeId(0), Immutable, SemanticTypeId(668))
Expr ExprId(9335): Reference(LifetimeId(0), Immutable, SemanticTypeId(799))
Expr ExprId(10240): Function { params: [SemanticTypeId(702), SemanticTypeId(701)], return_type: SemanticTypeId(0) }
Expr ExprId(181): GenericParam(SymbolId(1020))
Expr ExprId(4342): Struct(SymbolId(33), [SemanticTypeId(1764)], [SemanticTypeId(1819), SemanticTypeId(24), SemanticTypeId(24)])
Expr ExprId(805): Primitive(I32)
Expr ExprId(1482): Pointer(Immutable, SemanticTypeId(577))
Expr ExprId(8296): Enum(SymbolId(58), [SemanticTypeId(24)], [SemanticTypeId(24), SemanticTypeId(0)])
Expr ExprId(9032): Primitive(I32)
Expr ExprId(5598): Primitive(U64)
Expr ExprId(4510): Primitive(U64)
Expr ExprId(402): Enum(SymbolId(58), [SemanticTypeId(1216)], [SemanticTypeId(1216), SemanticTypeId(0)])
Expr ExprId(5066): Pointer(Mutable, SemanticTypeId(1704))
Expr ExprId(3159): Reference(LifetimeId(0), Mutable, SemanticTypeId(279))
Expr ExprId(7270): Reference(LifetimeId(0), Mutable, SemanticTypeId(825))
Expr ExprId(11304): Struct(SymbolId(533), [SemanticTypeId(1288), SemanticTypeId(1289)], [SemanticTypeId(1370)])
Expr ExprId(6070): Primitive(Bool)
Expr ExprId(3978): Primitive(Isize)
Expr ExprId(8989): Primitive(I32)
Expr ExprId(1715): Void
Expr ExprId(7609): Primitive(U8)
Expr ExprId(9459): Primitive(U64)
Expr ExprId(10252): Void
Expr ExprId(8796): Primitive(U64)
Expr ExprId(252): Enum(SymbolId(65), [SemanticTypeId(1919), SemanticTypeId(1920)], [SemanticTypeId(1919), SemanticTypeId(1920)])
Expr ExprId(10760): Pointer(Mutable, SemanticTypeId(1075))
Expr ExprId(10788): Primitive(U64)
Expr ExprId(1605): Pointer(Mutable, SemanticTypeId(542))
Expr ExprId(8928): Primitive(U64)
Expr ExprId(138): Enum(SymbolId(58), [SemanticTypeId(1463)], [SemanticTypeId(1463), SemanticTypeId(0)])
Expr ExprId(10117): Pointer(Mutable, SemanticTypeId(91))
Expr ExprId(5111): Primitive(U64)
Expr ExprId(1500): Primitive(U64)
Expr ExprId(6395): Primitive(Bool)
Expr ExprId(9754): Pointer(Mutable, SemanticTypeId(91))
Expr ExprId(11630): Primitive(Bool)
Expr ExprId(3551): Reference(LifetimeId(0), Mutable, SemanticTypeId(87))
Expr ExprId(8395): Void
Expr ExprId(9321): Enum(SymbolId(65), [SemanticTypeId(799), SemanticTypeId(816)], [SemanticTypeId(799), SemanticTypeId(816)])
Expr ExprId(9784): Pointer(Mutable, SemanticTypeId(1074))
Expr ExprId(3689): Function { params: [SemanticTypeId(393), SemanticTypeId(401)], return_type: SemanticTypeId(393) }
Expr ExprId(2273): Primitive(U64)
Expr ExprId(6215): Enum(SymbolId(65), [SemanticTypeId(0), SemanticTypeId(830)], [SemanticTypeId(0), SemanticTypeId(830)])
Expr ExprId(1255): Primitive(Bool)
Expr ExprId(5683): Function { params: [SemanticTypeId(788), SemanticTypeId(24), SemanticTypeId(24)], return_type: SemanticTypeId(0) }
Expr ExprId(8464): Reference(LifetimeId(0), Immutable, SemanticTypeId(786))
Expr ExprId(8639): Primitive(Bool)
Expr ExprId(1876): Primitive(I32)
Expr ExprId(3961): Primitive(I32)
Expr ExprId(10785): Reference(LifetimeId(0), Mutable, SemanticTypeId(1078))
Expr ExprId(2846): Primitive(U64)
Expr ExprId(8239): Primitive(U64)
Expr ExprId(654): Function { params: [], return_type: SemanticTypeId(24) }
Expr ExprId(1047): Primitive(U64)
Expr ExprId(4324): Function { params: [SemanticTypeId(24)], return_type: SemanticTypeId(875) }
Expr ExprId(10672): Pointer(Mutable, SemanticTypeId(91))
Expr ExprId(7921): Primitive(I32)
Expr ExprId(6453): Primitive(Bool)
Expr ExprId(1957): Primitive(I32)
Expr ExprId(6550): Primitive(U8)
Expr ExprId(7947): Enum(SymbolId(58), [SemanticTypeId(768)], [SemanticTypeId(768), SemanticTypeId(0)])
Expr ExprId(9476): Primitive(U64)
Expr ExprId(4669): Pointer(Immutable, SemanticTypeId(1704))
Expr ExprId(2776): Primitive(U64)
Expr ExprId(4550): Primitive(I32)
Expr ExprId(4199): GenericParam(SymbolId(627))
Expr ExprId(3307): Primitive(Usize)
Expr ExprId(1452): Enum(SymbolId(58), [SemanticTypeId(24)], [SemanticTypeId(24), SemanticTypeId(0)])
Expr ExprId(6503): Primitive(U64)
Expr ExprId(8926): Primitive(U32)
Expr ExprId(6125): Enum(SymbolId(65), [SemanticTypeId(0), SemanticTypeId(830)], [SemanticTypeId(0), SemanticTypeId(830)])
Expr ExprId(9116): Primitive(U64)
Expr ExprId(8819): Primitive(U64)
Expr ExprId(5176): Primitive(U64)
Expr ExprId(4844): Function { params: [], return_type: SemanticTypeId(24) }
Expr ExprId(9238): Primitive(U64)
Expr ExprId(8037): Primitive(U64)
Expr ExprId(8089): Primitive(U64)
Expr ExprId(10061): Pointer(Mutable, SemanticTypeId(1075))
Expr ExprId(6160): Enum(SymbolId(65), [SemanticTypeId(0), SemanticTypeId(830)], [SemanticTypeId(0), SemanticTypeId(830)])
Expr ExprId(5925): Enum(SymbolId(65), [SemanticTypeId(0), SemanticTypeId(830)], [SemanticTypeId(0), SemanticTypeId(830)])
Expr ExprId(5322): Primitive(U64)
Expr ExprId(5123): Pointer(Mutable, SemanticTypeId(1704))
Expr ExprId(5321): Primitive(U64)
Expr ExprId(12): Primitive(I32)
Expr ExprId(4672): Function { params: [SemanticTypeId(723), SemanticTypeId(24)], return_type: SemanticTypeId(725) }
Expr ExprId(8666): Primitive(U64)
Expr ExprId(6310): Primitive(I64)
Expr ExprId(3320): Primitive(Bool)
Expr ExprId(2279): Primitive(U64)
Expr ExprId(1800): Function { params: [SemanticTypeId(714)], return_type: SemanticTypeId(713) }
Expr ExprId(10823): Primitive(I32)
Expr ExprId(4799): Primitive(I32)
Expr ExprId(6303): Function { params: [SemanticTypeId(24)], return_type: SemanticTypeId(24) }
Expr ExprId(2055): Void
Expr ExprId(7913): Primitive(Char)
Expr ExprId(1808): Function { params: [SemanticTypeId(717), SemanticTypeId(718), SemanticTypeId(24)], return_type: SemanticTypeId(0) }
Expr ExprId(10948): Reference(LifetimeId(0), Mutable, SemanticTypeId(1105))
Expr ExprId(1244): Function { params: [SemanticTypeId(705), SemanticTypeId(24)], return_type: SemanticTypeId(705) }
Expr ExprId(7354): Reference(LifetimeId(0), Immutable, SemanticTypeId(786))
Expr ExprId(10391): Primitive(U8)
Expr ExprId(5844): Enum(SymbolId(65), [SemanticTypeId(0), SemanticTypeId(830)], [SemanticTypeId(0), SemanticTypeId(830)])
Expr ExprId(3242): Primitive(U16)
Expr ExprId(4023): GenericParam(SymbolId(445))
Expr ExprId(8640): Function { params: [], return_type: SemanticTypeId(790) }
Expr ExprId(8329): Primitive(U64)
Expr ExprId(5436): Void
Expr ExprId(4784): Primitive(U64)
Expr ExprId(5949): Primitive(U8)
Expr ExprId(4176): Struct(SymbolId(621), [SemanticTypeId(1847)], [SemanticTypeId(1852)])
Expr ExprId(1647): Void
Expr ExprId(5677): Primitive(U64)
Expr ExprId(2924): Void
Expr ExprId(1362): Pointer(Mutable, SemanticTypeId(507))
Expr ExprId(2793): Primitive(U64)
Expr ExprId(11282): Reference(LifetimeId(0), Immutable, SemanticTypeId(1306))
Expr ExprId(1717): Primitive(U64)
Expr ExprId(925): Primitive(I32)
Expr ExprId(2186): Function { params: [SemanticTypeId(709), SemanticTypeId(24)], return_type: SemanticTypeId(709) }
Expr ExprId(6821): Primitive(U64)
Expr ExprId(3684): GenericParam(SymbolId(394))
Expr ExprId(3021): Primitive(U64)
Expr ExprId(9484): Primitive(U64)
Expr ExprId(7671): Primitive(U8)
Expr ExprId(7824): Primitive(I32)
Expr ExprId(10173): Reference(LifetimeId(0), Mutable, SemanticTypeId(1078))
Expr ExprId(10811): Reference(LifetimeId(0), Mutable, SemanticTypeId(1105))
Expr ExprId(3767): GenericParam(SymbolId(409))
Expr ExprId(418): Primitive(Bool)
Expr ExprId(8454): Primitive(U64)
Expr ExprId(3549): GenericParam(SymbolId(317))
Expr ExprId(9955): Primitive(U8)
Expr ExprId(10514): Primitive(U64)
Expr ExprId(5620): Primitive(I32)
Expr ExprId(6574): Primitive(U8)
Expr ExprId(19): Primitive(I32)
Expr ExprId(2748): Enum(SymbolId(58), [SemanticTypeId(24)], [SemanticTypeId(24), SemanticTypeId(0)])
Expr ExprId(11506): Struct(SymbolId(579), [SemanticTypeId(999)], [SemanticTypeId(1002)])
Expr ExprId(10536): Primitive(U64)
Expr ExprId(11567): GenericParam(SymbolId(567))
Expr ExprId(2224): Primitive(I32)
Expr ExprId(1325): Primitive(U64)
Expr ExprId(4744): Primitive(U64)
Expr ExprId(8435): Primitive(U64)
Expr ExprId(7333): Primitive(Char)
Expr ExprId(584): Primitive(U64)
Expr ExprId(10871): Function { params: [], return_type: SemanticTypeId(24) }
Expr ExprId(2909): Function { params: [SemanticTypeId(30)], return_type: SemanticTypeId(4) }
Expr ExprId(9746): Primitive(U64)
Expr ExprId(5690): Primitive(U64)
Expr ExprId(93): Reference(LifetimeId(0), Mutable, SemanticTypeId(499))
Expr ExprId(965): GenericParam(SymbolId(524))
Expr ExprId(3703): Primitive(Bool)
Expr ExprId(9677): Primitive(U64)
Expr ExprId(1177): Primitive(I32)
Expr ExprId(10095): Pointer(Mutable, SemanticTypeId(1075))
Expr ExprId(3332): Primitive(I8)
Expr ExprId(3078): Enum(SymbolId(58), [SemanticTypeId(249)], [SemanticTypeId(249), SemanticTypeId(0)])
Expr ExprId(8531): Primitive(Bool)
Expr ExprId(4551): Primitive(U64)
Expr ExprId(5067): Primitive(U64)
Expr ExprId(11268): GenericParam(SymbolId(990))
Expr ExprId(4599): Pointer(Mutable, SemanticTypeId(1704))
Expr ExprId(8368): Primitive(U64)
Expr ExprId(10629): Pointer(Immutable, SemanticTypeId(1074))
Expr ExprId(10745): Primitive(I32)
Expr ExprId(4705): Primitive(I32)
Expr ExprId(2469): Primitive(U64)
Expr ExprId(10516): Function { params: [], return_type: SemanticTypeId(24) }
Expr ExprId(10027): Void
Expr ExprId(10960): Primitive(I32)
Expr ExprId(10645): Function { params: [SemanticTypeId(24)], return_type: SemanticTypeId(24) }
Expr ExprId(9707): Primitive(U64)
Expr ExprId(7600): Primitive(I32)
Expr ExprId(3754): Function { params: [SemanticTypeId(418)], return_type: SemanticTypeId(4) }
Expr ExprId(10590): Primitive(Bool)
Expr ExprId(9038): Primitive(I32)
Expr ExprId(676): Primitive(U64)
Expr ExprId(4878): Reference(LifetimeId(0), Mutable, SemanticTypeId(1706))
Expr ExprId(6861): Function { params: [SemanticTypeId(24)], return_type: SemanticTypeId(875) }
Expr ExprId(8825): Primitive(U64)
Expr ExprId(7071): Primitive(Usize)
Expr ExprId(8462): Reference(LifetimeId(0), Immutable, SemanticTypeId(790))
Expr ExprId(10628): Pointer(Mutable, SemanticTypeId(1074))
Expr ExprId(11357): Reference(LifetimeId(0), Immutable, SemanticTypeId(893))
Expr ExprId(5171): Pointer(Mutable, SemanticTypeId(1704))
Expr ExprId(8375): Reference(LifetimeId(0), Immutable, SemanticTypeId(786))
Expr ExprId(327): GenericParam(SymbolId(1208))
Expr ExprId(8567): Reference(LifetimeId(0), Immutable, SemanticTypeId(786))
Expr ExprId(10125): Primitive(Bool)
Expr ExprId(9415): Primitive(I32)
Expr ExprId(423): Function { params: [SemanticTypeId(1204)], return_type: SemanticTypeId(1205) }
Expr ExprId(8340): Primitive(I32)
Expr ExprId(3919): Void
Expr ExprId(1832): Pointer(Mutable, SemanticTypeId(520))
Expr ExprId(7050): Primitive(U8)
Expr ExprId(7444): Primitive(U32)
Expr ExprId(7998): Pointer(Immutable, SemanticTypeId(91))
Expr ExprId(11050): Primitive(U8)
Expr ExprId(1966): Pointer(Mutable, SemanticTypeId(520))
Expr ExprId(8663): Reference(LifetimeId(0), Immutable, SemanticTypeId(786))
Expr ExprId(8949): Primitive(U8)
Expr ExprId(10701): Function { params: [SemanticTypeId(702), SemanticTypeId(701)], return_type: SemanticTypeId(0) }
Expr ExprId(789): Primitive(I32)
Expr ExprId(8321): Reference(LifetimeId(0), Immutable, SemanticTypeId(786))
Expr ExprId(11067): Pointer(Immutable, SemanticTypeId(1096))
Expr ExprId(2852): Primitive(U64)
Expr ExprId(190): Reference(LifetimeId(0), Immutable, SemanticTypeId(1451))
Expr ExprId(10483): Primitive(I32)
Expr ExprId(9173): Primitive(U64)
Expr ExprId(6998): Reference(LifetimeId(0), Mutable, SemanticTypeId(790))
Expr ExprId(11365): Struct(SymbolId(541), [SemanticTypeId(893), SemanticTypeId(884)], [SemanticTypeId(1027)])
Expr ExprId(383): Enum(SymbolId(65), [SemanticTypeId(1198), SemanticTypeId(1207)], [SemanticTypeId(1198), SemanticTypeId(1207)])
Expr ExprId(493): Primitive(U64)
Expr ExprId(5050): Primitive(I32)
Expr ExprId(5389): Pointer(Immutable, SemanticTypeId(1704))
Expr ExprId(1172): Primitive(U64)
Expr ExprId(9186): Primitive(Bool)
Expr ExprId(6583): Void
Expr ExprId(7562): Primitive(U64)
Expr ExprId(2135): Primitive(I32)
Expr ExprId(551): Primitive(U64)
Expr ExprId(5031): Primitive(U64)
Expr ExprId(5591): Primitive(U64)
Expr ExprId(8694): Primitive(String)
Expr ExprId(5769): Primitive(I32)
Expr ExprId(2194): Void
Expr ExprId(1846): Pointer(Mutable, SemanticTypeId(520))
Expr ExprId(6473): Primitive(Bool)
Expr ExprId(4250): Primitive(I32)
Expr ExprId(1787): Pointer(Immutable, SemanticTypeId(520))
Expr ExprId(3262): Primitive(U32)
Expr ExprId(1091): Enum(SymbolId(58), [SemanticTypeId(593)], [SemanticTypeId(593), SemanticTypeId(0)])
Expr ExprId(7957): Pointer(Immutable, SemanticTypeId(91))
Expr ExprId(6476): Primitive(U8)
Expr ExprId(11030): Reference(LifetimeId(0), Mutable, SemanticTypeId(1112))
Expr ExprId(7067): Reference(LifetimeId(0), Immutable, SemanticTypeId(786))
Expr ExprId(2700): Primitive(U64)
Expr ExprId(1145): Primitive(I32)
Expr ExprId(10224): Primitive(U64)
Expr ExprId(4303): Primitive(U64)
Expr ExprId(5330): Primitive(U64)
Expr ExprId(5466): Primitive(U64)
Expr ExprId(1181): Pointer(Mutable, SemanticTypeId(633))
Expr ExprId(7322): Primitive(I32)
Expr ExprId(7812): Primitive(U64)
Expr ExprId(9949): Primitive(U64)
Expr ExprId(5569): Primitive(U64)
Expr ExprId(3338): Reference(LifetimeId(0), Immutable, SemanticTypeId(36))
Expr ExprId(1929): Primitive(U64)
Expr ExprId(1623): Function { params: [SemanticTypeId(589), SemanticTypeId(589)], return_type: SemanticTypeId(3) }
Expr ExprId(9519): Function { params: [SemanticTypeId(24), SemanticTypeId(24)], return_type: SemanticTypeId(788) }
Expr ExprId(7267): Primitive(U8)
Expr ExprId(10777): Reference(LifetimeId(0), Mutable, SemanticTypeId(1078))
Expr ExprId(2682): Reference(LifetimeId(0), Immutable, SemanticTypeId(664))
Expr ExprId(5026): Primitive(U64)
Expr ExprId(1670): Pointer(Immutable, SemanticTypeId(526))
Expr ExprId(2034): GenericParam(SymbolId(1637))
Expr ExprId(4995): Pointer(Mutable, SemanticTypeId(1704))
Expr ExprId(6340): Function { params: [SemanticTypeId(24)], return_type: SemanticTypeId(24) }
Expr ExprId(9627): Primitive(Bool)
Expr ExprId(11283): Struct(SymbolId(537), [SemanticTypeId(1282), SemanticTypeId(1257)], [SemanticTypeId(1358)])
Expr ExprId(5430): Void
Expr ExprId(6606): Primitive(I32)
Expr ExprId(10051): GenericParam(SymbolId(930))
Expr ExprId(3658): Void
Expr ExprId(4319): Struct(SymbolId(33), [SemanticTypeId(873)], [SemanticTypeId(874), SemanticTypeId(24), SemanticTypeId(24)])
Expr ExprId(5410): Primitive(U64)
Expr ExprId(11377): Primitive(Bool)
Expr ExprId(9842): Primitive(U8)
Expr ExprId(11253): Struct(SymbolId(504), [SemanticTypeId(1264), SemanticTypeId(1265)], [SemanticTypeId(792), SemanticTypeId(1351), SemanticTypeId(1352), SemanticTypeId(24), SemanticTypeId(24)])
Expr ExprId(2951): Primitive(U64)
Expr ExprId(970): Primitive(Bool)
Expr ExprId(7650): Primitive(U32)
Expr ExprId(6471): Primitive(I32)
Expr ExprId(4269): Pointer(Mutable, SemanticTypeId(877))
Expr ExprId(3534): GenericParam(SymbolId(762))
Expr ExprId(3760): Primitive(Bool)
Expr ExprId(5383): Primitive(Bool)
Expr ExprId(11563): GenericParam(SymbolId(566))
Expr ExprId(5985): Reference(LifetimeId(0), Mutable, SemanticTypeId(1586))
Expr ExprId(3834): GenericParam(SymbolId(418))
Expr ExprId(1671): GenericParam(SymbolId(1630))
Expr ExprId(2617): Pointer(Mutable, SemanticTypeId(521))
Expr ExprId(7878): Primitive(U32)
Expr ExprId(6878): Primitive(I32)
Expr ExprId(11226): Reference(LifetimeId(0), Mutable, SemanticTypeId(1269))
Expr ExprId(172): Enum(SymbolId(58), [SemanticTypeId(1469)], [SemanticTypeId(1469), SemanticTypeId(0)])
Expr ExprId(5542): Primitive(U64)
Expr ExprId(3151): GenericParam(SymbolId(732))
Expr ExprId(8188): Primitive(Bool)
Expr ExprId(9516): Primitive(U64)
Expr ExprId(3949): GenericParam(SymbolId(434))
Expr ExprId(7692): Primitive(U8)
Expr ExprId(8237): Function { params: [SemanticTypeId(6)], return_type: SemanticTypeId(24) }
Expr ExprId(11614): Function { params: [SemanticTypeId(198), SemanticTypeId(24)], return_type: SemanticTypeId(207) }
Expr ExprId(8886): Primitive(U64)
Expr ExprId(9780): Primitive(U64)
Expr ExprId(5635): Primitive(U64)
Expr ExprId(2923): Primitive(Bool)
Expr ExprId(10223): Pointer(Mutable, SemanticTypeId(24))
Expr ExprId(7455): Primitive(U8)
Expr ExprId(10622): Function { params: [SemanticTypeId(705), SemanticTypeId(24)], return_type: SemanticTypeId(705) }
Expr ExprId(9073): Struct(SymbolId(351), [], [SemanticTypeId(789)])
Expr ExprId(9570): Primitive(Bool)
Expr ExprId(450): Pointer(Immutable, SemanticTypeId(1668))
Expr ExprId(7860): Primitive(I32)
Expr ExprId(3418): Primitive(Isize)
Expr ExprId(3647): Reference(LifetimeId(0), Mutable, SemanticTypeId(321))
Expr ExprId(4448): Struct(SymbolId(33), [SemanticTypeId(1779)], [SemanticTypeId(1780), SemanticTypeId(24), SemanticTypeId(24)])
Expr ExprId(10042): Void
Expr ExprId(4629): Reference(LifetimeId(0), Mutable, SemanticTypeId(1706))
Expr ExprId(9018): Primitive(U32)
Expr ExprId(1747): Function { params: [SemanticTypeId(717), SemanticTypeId(718), SemanticTypeId(24)], return_type: SemanticTypeId(0) }
Expr ExprId(6463): Primitive(Bool)
Expr ExprId(4230): Void
Expr ExprId(9117): Primitive(I32)
Expr ExprId(3880): Primitive(I32)
Expr ExprId(1949): Function { params: [SemanticTypeId(569), SemanticTypeId(569)], return_type: SemanticTypeId(3) }
Expr ExprId(11131): Pointer(Immutable, SemanticTypeId(91))
Expr ExprId(11293): Reference(LifetimeId(0), Immutable, SemanticTypeId(1257))
Expr ExprId(2232): Primitive(U64)
Expr ExprId(8878): Primitive(U64)
Expr ExprId(11364): Struct(SymbolId(549), [SemanticTypeId(893), SemanticTypeId(884)], [SemanticTypeId(895)])
Expr ExprId(5759): Primitive(I32)
Expr ExprId(5054): Pointer(Immutable, SemanticTypeId(1766))
Expr ExprId(10758): Function { params: [SemanticTypeId(788), SemanticTypeId(24), SemanticTypeId(24)], return_type: SemanticTypeId(0) }
Expr ExprId(10340): Primitive(U64)
Expr ExprId(5615): Primitive(I32)
Expr ExprId(4808): Primitive(I32)
Expr ExprId(8708): Primitive(U64)
Expr ExprId(9545): Primitive(U64)
Expr ExprId(10980): Reference(LifetimeId(0), Mutable, SemanticTypeId(1089))
Expr ExprId(4890): Struct(SymbolId(121), [SemanticTypeId(1704)], [SemanticTypeId(1714), SemanticTypeId(1714)])
Expr ExprId(564): Primitive(U64)
Expr ExprId(7327): Primitive(U8)
Expr ExprId(5249): Enum(SymbolId(58), [SemanticTypeId(1704)], [SemanticTypeId(1704), SemanticTypeId(0)])
Expr ExprId(4457): Primitive(I32)
Expr ExprId(3255): Primitive(Bool)
Expr ExprId(3397): Reference(LifetimeId(0), Immutable, SemanticTypeId(141))
Expr ExprId(945): Primitive(I128)
Expr ExprId(812): Primitive(I32)
Expr ExprId(1761): Primitive(U64)
Expr ExprId(11460): Primitive(Bool)
Expr ExprId(490): Primitive(Bool)
Expr ExprId(11273): Primitive(Bool)
Expr ExprId(2977): Primitive(U64)
Expr ExprId(753): Primitive(Bool)
Expr ExprId(4802): Void
Expr ExprId(7809): Reference(LifetimeId(0), Mutable, SemanticTypeId(796))
Expr ExprId(7204): Primitive(U32)
Expr ExprId(4257): Primitive(I32)
Expr ExprId(7592): Primitive(I32)
Expr ExprId(5369): GenericParam(SymbolId(2871))
Expr ExprId(5538): Primitive(Bool)
Expr ExprId(4907): Primitive(U64)
Expr ExprId(5148): Reference(LifetimeId(0), Mutable, SemanticTypeId(1706))
Expr ExprId(8922): Reference(LifetimeId(0), Immutable, SemanticTypeId(786))
Expr ExprId(11115): Primitive(U64)
Expr ExprId(8508): Reference(LifetimeId(0), Immutable, SemanticTypeId(786))
Expr ExprId(2486): Primitive(I32)
Expr ExprId(1460): Primitive(I32)
Expr ExprId(7555): Primitive(Bool)
Expr ExprId(7924): Reference(LifetimeId(0), Immutable, SemanticTypeId(790))
Expr ExprId(7789): Primitive(I32)
Expr ExprId(2481): GenericParam(SymbolId(1678))
Expr ExprId(454): Primitive(I32)
Expr ExprId(3825): Primitive(I32)
Expr ExprId(1441): Reference(LifetimeId(0), Immutable, SemanticTypeId(567))
Expr ExprId(1391): Primitive(I32)
Expr ExprId(11316): Enum(SymbolId(58), [SemanticTypeId(915)], [SemanticTypeId(915), SemanticTypeId(0)])
Expr ExprId(6599): Primitive(U64)
Expr ExprId(10808): Primitive(I32)
Expr ExprId(4795): Primitive(Bool)
Expr ExprId(6237): Primitive(U64)
Expr ExprId(1461): Primitive(U64)
Expr ExprId(8822): Struct(SymbolId(351), [], [SemanticTypeId(789)])
Expr ExprId(3132): Reference(LifetimeId(0), Mutable, SemanticTypeId(294))
Expr ExprId(1171): Primitive(U64)
Expr ExprId(10283): Primitive(U64)
Expr ExprId(102): Reference(LifetimeId(0), Immutable, SemanticTypeId(497))
Expr ExprId(9409): Primitive(I32)
Expr ExprId(384): Enum(SymbolId(65), [SemanticTypeId(1198), SemanticTypeId(1207)], [SemanticTypeId(1198), SemanticTypeId(1207)])
Expr ExprId(5633): Primitive(U64)
Expr ExprId(7943): Struct(SymbolId(357), [], [SemanticTypeId(792), SemanticTypeId(792)])
Expr ExprId(8841): Primitive(U64)
Expr ExprId(5972): Primitive(U64)
Expr ExprId(2287): GenericParam(SymbolId(1661))
Expr ExprId(1050): Reference(LifetimeId(0), Immutable, SemanticTypeId(36))
Expr ExprId(10204): Primitive(U8)
Expr ExprId(6291): Primitive(U64)
Expr ExprId(576): Reference(LifetimeId(0), Mutable, SemanticTypeId(1677))
Expr ExprId(3895): Primitive(U64)
Expr ExprId(11356): Struct(SymbolId(549), [SemanticTypeId(893), SemanticTypeId(884)], [SemanticTypeId(895)])
Expr ExprId(10982): Pointer(Mutable, SemanticTypeId(91))
Expr ExprId(360): Enum(SymbolId(58), [SemanticTypeId(1938)], [SemanticTypeId(1938), SemanticTypeId(0)])
Expr ExprId(8341): Primitive(U64)
Expr ExprId(7508): Reference(LifetimeId(0), Immutable, SemanticTypeId(786))
Expr ExprId(7098): Reference(LifetimeId(0), Immutable, SemanticTypeId(786))
Expr ExprId(7348): Enum(SymbolId(65), [SemanticTypeId(0), SemanticTypeId(830)], [SemanticTypeId(0), SemanticTypeId(830)])
Expr ExprId(5500): Pointer(Mutable, SemanticTypeId(1704))
Expr ExprId(6289): Reference(LifetimeId(0), Immutable, SemanticTypeId(7))
Expr ExprId(7575): Pointer(Immutable, SemanticTypeId(91))
Expr ExprId(10189): Reference(LifetimeId(0), Mutable, SemanticTypeId(1078))
Expr ExprId(8147): Primitive(U64)
Expr ExprId(4769): Primitive(U64)
Expr ExprId(4377): Primitive(U64)
Expr ExprId(897): Reference(LifetimeId(0), Immutable, SemanticTypeId(3))
Expr ExprId(9638): Primitive(Bool)
Expr ExprId(4850): Pointer(Mutable, SemanticTypeId(91))
Expr ExprId(214): Primitive(Bool)
Expr ExprId(4964): Primitive(U64)
Expr ExprId(8911): Primitive(U64)
Expr ExprId(7757): Primitive(U8)
Expr ExprId(5362): Reference(LifetimeId(0), Mutable, SemanticTypeId(1706))
Expr ExprId(6773): Primitive(U8)
Expr ExprId(7959): Primitive(String)
Expr ExprId(10669): Pointer(Mutable, SemanticTypeId(91))
Expr ExprId(6375): Primitive(U64)
Expr ExprId(6617): Primitive(Bool)
Expr ExprId(8405): Never
Expr ExprId(6305): Primitive(I32)
Expr ExprId(3501): Primitive(Bool)
Expr ExprId(2195): Primitive(U64)
Expr ExprId(2941): Enum(SymbolId(58), [SemanticTypeId(213)], [SemanticTypeId(213), SemanticTypeId(0)])
Expr ExprId(9074): Void
Expr ExprId(6744): Primitive(U32)
Expr ExprId(2771): Primitive(Bool)
Expr ExprId(9019): Primitive(I32)
Expr ExprId(4046): Enum(SymbolId(58), [SemanticTypeId(406)], [SemanticTypeId(406), SemanticTypeId(0)])
Expr ExprId(6660): Primitive(U32)
Expr ExprId(2007): Primitive(U64)
Expr ExprId(2810): Primitive(Bool)
Expr ExprId(7678): Primitive(U64)
Expr ExprId(7189): Enum(SymbolId(65), [SemanticTypeId(0), SemanticTypeId(830)], [SemanticTypeId(0), SemanticTypeId(830)])
Expr ExprId(6663): Void
Expr ExprId(5806): Primitive(U64)
Expr ExprId(5695): Primitive(U64)
Expr ExprId(5106): Primitive(U64)
Expr ExprId(7838): Reference(LifetimeId(0), Mutable, SemanticTypeId(796))
Expr ExprId(8646): Reference(LifetimeId(0), Immutable, SemanticTypeId(790))
Expr ExprId(10845): Pointer(Mutable, SemanticTypeId(1102))
Expr ExprId(5417): Reference(LifetimeId(0), Mutable, SemanticTypeId(1706))
Expr ExprId(8093): Reference(LifetimeId(0), Immutable, SemanticTypeId(786))
Expr ExprId(9159): Primitive(I32)
Expr ExprId(11523): Reference(LifetimeId(0), Immutable, SemanticTypeId(909))
Expr ExprId(6394): Primitive(U8)
Expr ExprId(9399): Struct(SymbolId(351), [], [SemanticTypeId(789)])
Expr ExprId(4153): Enum(SymbolId(58), [SemanticTypeId(422)], [SemanticTypeId(422), SemanticTypeId(0)])
Expr ExprId(2590): GenericParam(SymbolId(1678))
Expr ExprId(7224): Enum(SymbolId(65), [SemanticTypeId(0), SemanticTypeId(830)], [SemanticTypeId(0), SemanticTypeId(830)])
Expr ExprId(5782): Enum(SymbolId(467), [], [SemanticTypeId(0)])
Expr ExprId(4630): Primitive(U64)
Expr ExprId(5560): Primitive(U64)
Expr ExprId(7557): Pointer(Immutable, SemanticTypeId(91))
Expr ExprId(285): Enum(SymbolId(65), [SemanticTypeId(1872), SemanticTypeId(1870)], [SemanticTypeId(1872), SemanticTypeId(1870)])
Expr ExprId(2001): Void
Expr ExprId(2550): Function { params: [SemanticTypeId(717), SemanticTypeId(718), SemanticTypeId(24)], return_type: SemanticTypeId(0) }
Expr ExprId(9684): Primitive(U64)
Expr ExprId(1365): GenericParam(SymbolId(144))
Expr ExprId(120): Primitive(Bool)
Expr ExprId(8129): Reference(LifetimeId(0), Immutable, SemanticTypeId(786))
Expr ExprId(937): Primitive(I128)
Expr ExprId(11584): GenericParam(SymbolId(570))
Expr ExprId(4837): Primitive(U64)
Expr ExprId(1470): Primitive(U64)
Expr ExprId(6218): Primitive(I64)
Expr ExprId(4749): Primitive(U64)
Expr ExprId(535): Pointer(Mutable, SemanticTypeId(91))
Expr ExprId(10268): GenericParam(SymbolId(931))
Expr ExprId(5415): Pointer(Immutable, SemanticTypeId(1704))
Expr ExprId(6151): Pointer(Immutable, SemanticTypeId(91))
Expr ExprId(9408): Pointer(Mutable, SemanticTypeId(91))
Expr ExprId(10500): Primitive(U64)
Expr ExprId(11153): Struct(SymbolId(496), [SemanticTypeId(1302), SemanticTypeId(1381)], [SemanticTypeId(1412), SemanticTypeId(24)])
Expr ExprId(574): Pointer(Mutable, SemanticTypeId(1677))
Expr ExprId(3272): Primitive(U32)
Expr ExprId(3600): Primitive(Bool)
Expr ExprId(1342): Primitive(U64)
Expr ExprId(1525): Void
Expr ExprId(1355): Reference(LifetimeId(0), Mutable, SemanticTypeId(508))
Expr ExprId(2965): Enum(SymbolId(58), [SemanticTypeId(49)], [SemanticTypeId(49), SemanticTypeId(0)])
Expr ExprId(2795): Primitive(I32)
Expr ExprId(5583): Primitive(I32)
Expr ExprId(5604): Function { params: [SemanticTypeId(714)], return_type: SemanticTypeId(713) }
Expr ExprId(11535): Reference(LifetimeId(0), Immutable, SemanticTypeId(969))
Expr ExprId(1674): Primitive(I32)
Expr ExprId(10789): Void
Expr ExprId(893): Primitive(Bool)
Expr ExprId(8309): Primitive(Usize)
Expr ExprId(3392): Reference(LifetimeId(0), Immutable, SemanticTypeId(141))
Expr ExprId(8940): Void
Expr ExprId(5353): Pointer(Immutable, SemanticTypeId(1704))
Expr ExprId(8504): Struct(SymbolId(33), [SemanticTypeId(91)], [SemanticTypeId(788), SemanticTypeId(24), SemanticTypeId(24)])
Expr ExprId(3215): Enum(SymbolId(58), [SemanticTypeId(52)], [SemanticTypeId(52), SemanticTypeId(0)])
Expr ExprId(9580): Reference(LifetimeId(0), Immutable, SemanticTypeId(1078))
Expr ExprId(729): Reference(LifetimeId(0), Immutable, SemanticTypeId(7))
Expr ExprId(10315): Reference(LifetimeId(0), Mutable, SemanticTypeId(1078))
Expr ExprId(6765): Void
Expr ExprId(1235): Primitive(Usize)
Expr ExprId(10380): Function { params: [SemanticTypeId(1166)], return_type: SemanticTypeId(0) }
Expr ExprId(4724): Function { params: [], return_type: SemanticTypeId(24) }
Expr ExprId(2181): Primitive(I32)
Expr ExprId(275): Enum(SymbolId(65), [SemanticTypeId(1869), SemanticTypeId(1870)], [SemanticTypeId(1869), SemanticTypeId(1870)])
Expr ExprId(8676): Primitive(U64)
Expr ExprId(9845): Void
Expr ExprId(10304): Enum(SymbolId(58), [SemanticTypeId(1150)], [SemanticTypeId(1150), SemanticTypeId(0)])
Expr ExprId(1602): Function { params: [SemanticTypeId(714)], return_type: SemanticTypeId(713) }
Expr ExprId(11159): Struct(SymbolId(504), [SemanticTypeId(1326), SemanticTypeId(1327)], [SemanticTypeId(792), SemanticTypeId(1328), SemanticTypeId(1329), SemanticTypeId(24), SemanticTypeId(24)])
Expr ExprId(2015): Pointer(Mutable, SemanticTypeId(520))
Expr ExprId(2378): Void
Expr ExprId(8925): Primitive(I32)
Expr ExprId(10435): Primitive(U8)
Expr ExprId(942): Reference(LifetimeId(0), Immutable, SemanticTypeId(758))
Expr ExprId(3060): Enum(SymbolId(58), [SemanticTypeId(257)], [SemanticTypeId(257), SemanticTypeId(0)])
Expr ExprId(10929): Pointer(Mutable, SemanticTypeId(24))
Expr ExprId(9200): Primitive(U8)
Expr ExprId(10206): Primitive(U8)
Expr ExprId(7679): Primitive(I32)
Expr ExprId(7688): Primitive(U32)
Expr ExprId(1530): Primitive(U64)
Expr ExprId(9639): Primitive(I32)
Expr ExprId(7157): Reference(LifetimeId(0), Immutable, SemanticTypeId(790))
Expr ExprId(6910): Primitive(I32)
Expr ExprId(7814): Primitive(U8)
Expr ExprId(786): Reference(LifetimeId(0), Immutable, SemanticTypeId(124))
Expr ExprId(5295): Reference(LifetimeId(0), Mutable, SemanticTypeId(1706))
Expr ExprId(5080): Primitive(U64)
Expr ExprId(7407): Reference(LifetimeId(0), Mutable, SemanticTypeId(806))
Expr ExprId(6202): Reference(LifetimeId(0), Mutable, SemanticTypeId(1540))
Expr ExprId(8025): Primitive(Usize)
Expr ExprId(4677): Reference(LifetimeId(0), Mutable, SemanticTypeId(1706))
Expr ExprId(6115): Enum(SymbolId(65), [SemanticTypeId(0), SemanticTypeId(830)], [SemanticTypeId(0), SemanticTypeId(830)])
Expr ExprId(4035): GenericParam(SymbolId(444))
Expr ExprId(9499): Primitive(U64)
Expr ExprId(9422): Primitive(I32)
Expr ExprId(4610): Primitive(U64)
Expr ExprId(3817): Primitive(U64)
Expr ExprId(5789): Reference(LifetimeId(0), Mutable, SemanticTypeId(1572))
Expr ExprId(4564): Primitive(I32)
Expr ExprId(1508): GenericParam(SymbolId(1618))
Expr ExprId(10455): Function { params: [SemanticTypeId(1166)], return_type: SemanticTypeId(0) }
Expr ExprId(11564): Enum(SymbolId(58), [SemanticTypeId(1169)], [SemanticTypeId(1169), SemanticTypeId(0)])
Expr ExprId(1237): Primitive(Bool)
Expr ExprId(7765): Reference(LifetimeId(0), Mutable, SemanticTypeId(796))
Expr ExprId(788): Primitive(Bool)
Expr ExprId(1991): Primitive(U64)
Expr ExprId(5541): Reference(LifetimeId(0), Mutable, SemanticTypeId(1706))
Expr ExprId(3785): Primitive(U64)
Expr ExprId(6116): Enum(SymbolId(467), [], [SemanticTypeId(0)])
Expr ExprId(5659): Primitive(U64)
Expr ExprId(3695): Primitive(Bool)
Expr ExprId(92): Pointer(Immutable, SemanticTypeId(0))
Expr ExprId(6465): Primitive(I32)
Expr ExprId(6837): Primitive(U8)
Expr ExprId(1844): Pointer(Mutable, SemanticTypeId(520))
Expr ExprId(7541): Reference(LifetimeId(0), Mutable, SemanticTypeId(794))
Expr ExprId(7203): Primitive(U8)
Expr ExprId(3638): Primitive(Bool)
Expr ExprId(10903): Primitive(U64)
Expr ExprId(10593): Primitive(U64)
Expr ExprId(6067): Reference(LifetimeId(0), Mutable, SemanticTypeId(1564))
Expr ExprId(5570): Primitive(U64)
Expr ExprId(207): Primitive(Bool)
Expr ExprId(9090): Void
Expr ExprId(718): Primitive(Bool)
Expr ExprId(4848): Primitive(U64)
Expr ExprId(1412): Primitive(U64)
Expr ExprId(9354): Struct(SymbolId(351), [], [SemanticTypeId(789)])
Expr ExprId(1539): Function { params: [SemanticTypeId(709), SemanticTypeId(24)], return_type: SemanticTypeId(709) }
Expr ExprId(7296): Primitive(U64)
Expr ExprId(8932): Primitive(Bool)
Expr ExprId(863): Primitive(Bool)
Expr ExprId(6884): Struct(SymbolId(351), [], [SemanticTypeId(789)])
Expr ExprId(7008): Primitive(U64)
Expr ExprId(7110): Primitive(U64)
Expr ExprId(5392): Pointer(Immutable, SemanticTypeId(1704))
Expr ExprId(3486): Reference(LifetimeId(0), Mutable, SemanticTypeId(311))
Expr ExprId(1562): Primitive(I32)
Expr ExprId(8448): Primitive(U64)
Expr ExprId(7232): Void
Expr ExprId(10640): Primitive(U64)
Expr ExprId(568): Reference(LifetimeId(0), Immutable, SemanticTypeId(1679))
Expr ExprId(8161): Reference(LifetimeId(0), Immutable, SemanticTypeId(786))
Expr ExprId(2336): Primitive(U64)
Expr ExprId(9042): Primitive(I32)
Expr ExprId(3963): Primitive(I32)
Expr ExprId(1048): Reference(LifetimeId(0), Immutable, SemanticTypeId(7))
Expr ExprId(10438): Primitive(Bool)
Expr ExprId(4974): Pointer(Immutable, SemanticTypeId(1704))
Expr ExprId(8662): Function { params: [SemanticTypeId(91)], return_type: SemanticTypeId(4) }
Expr ExprId(11402): Enum(SymbolId(58), [SemanticTypeId(882)], [SemanticTypeId(882), SemanticTypeId(0)])
Expr ExprId(6055): Enum(SymbolId(65), [SemanticTypeId(0), SemanticTypeId(830)], [SemanticTypeId(0), SemanticTypeId(830)])
Expr ExprId(4765): Void
Expr ExprId(702): Primitive(Bool)
Expr ExprId(6356): Primitive(U8)
Expr ExprId(7993): Primitive(U64)
Expr ExprId(3727): Void
Expr ExprId(319): GenericParam(SymbolId(1211))
Expr ExprId(87): Never
Expr ExprId(4149): Void
Expr ExprId(2510): Function { params: [SemanticTypeId(705), SemanticTypeId(24)], return_type: SemanticTypeId(705) }
Expr ExprId(1903): Pointer(Mutable, SemanticTypeId(520))
Expr ExprId(6435): Primitive(Bool)
Expr ExprId(1600): Pointer(Mutable, SemanticTypeId(542))
Expr ExprId(7895): Primitive(U32)
Expr ExprId(9205): Enum(SymbolId(363), [], [SemanticTypeId(24), SemanticTypeId(0)])
Expr ExprId(3738): Function { params: [SemanticTypeId(382)], return_type: SemanticTypeId(4) }
Expr ExprId(5950): Primitive(I32)
Expr ExprId(3863): Void
Expr ExprId(3316): Reference(LifetimeId(0), Immutable, SemanticTypeId(7))
Expr ExprId(4981): Primitive(U64)
Expr ExprId(4648): Reference(LifetimeId(0), Immutable, SemanticTypeId(1704))
Expr ExprId(7144): Primitive(U64)
Expr ExprId(2331): Primitive(U64)
Expr ExprId(8494): Struct(SymbolId(33), [SemanticTypeId(91)], [SemanticTypeId(788), SemanticTypeId(24), SemanticTypeId(24)])
Expr ExprId(8843): Primitive(U8)
Expr ExprId(6582): Primitive(U64)
Expr ExprId(10358): Reference(LifetimeId(0), Immutable, SemanticTypeId(1074))
Expr ExprId(2833): Primitive(U64)
Expr ExprId(5442): Primitive(U64)
Expr ExprId(4277): Struct(SymbolId(33), [SemanticTypeId(1771)], [SemanticTypeId(1772), SemanticTypeId(24), SemanticTypeId(24)])
Expr ExprId(2323): Primitive(U64)
Expr ExprId(8807): Reference(LifetimeId(0), Immutable, SemanticTypeId(786))
Expr ExprId(1745): Primitive(I32)
Expr ExprId(434): Pointer(Immutable, SemanticTypeId(704))
Expr ExprId(11003): Primitive(U64)
Expr ExprId(8984): Primitive(U64)
Expr ExprId(4553): Reference(LifetimeId(0), Immutable, SemanticTypeId(1706))
Expr ExprId(10412): Reference(LifetimeId(0), Mutable, SemanticTypeId(1078))
Expr ExprId(2462): Primitive(I32)
Expr ExprId(6799): Enum(SymbolId(58), [SemanticTypeId(790)], [SemanticTypeId(790), SemanticTypeId(0)])
Expr ExprId(3510): Primitive(Bool)
Expr ExprId(1070): Primitive(Bool)
Expr ExprId(2553): Pointer(Mutable, SemanticTypeId(532))
Expr ExprId(6555): Primitive(Bool)
Expr ExprId(7404): Primitive(U8)
Expr ExprId(9386): Reference(LifetimeId(0), Immutable, SemanticTypeId(807))
Expr ExprId(10085): Reference(LifetimeId(0), Immutable, SemanticTypeId(1074))
Expr ExprId(11289): Tuple([SemanticTypeId(1283), SemanticTypeId(1284)])
Expr ExprId(1012): Void
Expr ExprId(6054): Primitive(Char)
Expr ExprId(5623): Reference(LifetimeId(0), Immutable, SemanticTypeId(1794))
Expr ExprId(2767): Reference(LifetimeId(0), Immutable, SemanticTypeId(668))
Expr ExprId(10678): Pointer(Mutable, SemanticTypeId(24))
Expr ExprId(4722): Primitive(U64)
Expr ExprId(4310): Primitive(U64)
Expr ExprId(3819): Primitive(Bool)
Expr ExprId(10390): Primitive(I32)
Expr ExprId(9798): Pointer(Mutable, SemanticTypeId(1075))
Expr ExprId(5129): Reference(LifetimeId(0), Mutable, SemanticTypeId(1706))
Expr ExprId(7702): Primitive(I32)
Expr ExprId(6766): Primitive(U64)
Expr ExprId(9477): Primitive(U64)
Expr ExprId(6030): Enum(SymbolId(65), [SemanticTypeId(0), SemanticTypeId(830)], [SemanticTypeId(0), SemanticTypeId(830)])
Expr ExprId(8013): Primitive(Bool)
Expr ExprId(11350): Primitive(Bool)
Expr ExprId(775): Primitive(I32)
Expr ExprId(6229): Primitive(I64)
Expr ExprId(5296): Void
Expr ExprId(4254): Primitive(I64)
Expr ExprId(4746): Void
Expr ExprId(9400): Enum(SymbolId(377), [SemanticTypeId(822)], [SemanticTypeId(823), SemanticTypeId(822)])
Expr ExprId(2489): Void
Expr ExprId(8010): Primitive(U64)
Expr ExprId(10411): Void
Expr ExprId(5625): Primitive(Bool)
Expr ExprId(438): Primitive(U64)
Expr ExprId(2066): Void
Expr ExprId(210): Reference(LifetimeId(0), Immutable, SemanticTypeId(1871))
Expr ExprId(7127): Primitive(U64)
Expr ExprId(8611): Primitive(Usize)
Expr ExprId(4261): Primitive(F64)
Expr ExprId(7289): Primitive(I32)
Expr ExprId(2862): Primitive(U64)
Expr ExprId(9301): Primitive(U8)
Expr ExprId(1297): Reference(LifetimeId(0), Immutable, SemanticTypeId(619))
Expr ExprId(3896): Primitive(Bool)
Expr ExprId(2551): Void
Expr ExprId(4567): Enum(SymbolId(58), [SemanticTypeId(1719)], [SemanticTypeId(1719), SemanticTypeId(0)])
Expr ExprId(10965): Reference(LifetimeId(0), Mutable, SemanticTypeId(1089))
Expr ExprId(9868): Reference(LifetimeId(0), Mutable, SemanticTypeId(1078))
Expr ExprId(1484): Function { params: [SemanticTypeId(714)], return_type: SemanticTypeId(713) }
Expr ExprId(1191): Reference(LifetimeId(0), Immutable, SemanticTypeId(650))
Expr ExprId(10660): Primitive(U64)
Expr ExprId(3615): Function { params: [SemanticTypeId(113)], return_type: SemanticTypeId(286) }
Expr ExprId(9587): Primitive(U64)
Expr ExprId(6510): Primitive(I32)
Expr ExprId(11451): Reference(LifetimeId(0), Immutable, SemanticTypeId(927))
Expr ExprId(3394): Primitive(Bool)
Expr ExprId(3129): Primitive(Bool)
Expr ExprId(7139): Primitive(U64)
Expr ExprId(2819): Primitive(Bool)
Expr ExprId(5196): Primitive(Bool)
Expr ExprId(836): Primitive(I32)
Expr ExprId(3020): Primitive(I32)
Expr ExprId(11636): Primitive(I32)
Expr ExprId(8642): Reference(LifetimeId(0), Immutable, SemanticTypeId(790))
Expr ExprId(7703): Primitive(U8)
Expr ExprId(7649): Primitive(U32)
Expr ExprId(2988): Enum(SymbolId(58), [SemanticTypeId(94)], [SemanticTypeId(94), SemanticTypeId(0)])
Expr ExprId(2027): Pointer(Mutable, SemanticTypeId(520))
Expr ExprId(5312): Primitive(I32)
Expr ExprId(5573): Primitive(U64)
Expr ExprId(10039): Pointer(Mutable, SemanticTypeId(24))
Expr ExprId(10310): Primitive(U64)
Expr ExprId(5018): Primitive(U64)
Expr ExprId(9870): Primitive(U64)
Expr ExprId(4823): Primitive(Bool)
Expr ExprId(2398): Pointer(Immutable, SemanticTypeId(516))
Expr ExprId(7433): Reference(LifetimeId(0), Immutable, SemanticTypeId(786))
Expr ExprId(10972): Primitive(U64)
Expr ExprId(2260): GenericParam(SymbolId(1661))
Expr ExprId(10247): Pointer(Mutable, SemanticTypeId(1075))
Expr ExprId(7075): Primitive(U64)
Expr ExprId(9971): Pointer(Mutable, SemanticTypeId(1074))
Expr ExprId(1998): Primitive(I32)
Expr ExprId(1578): Void
Expr ExprId(1858): Pointer(Mutable, SemanticTypeId(520))
Expr ExprId(2668): Function { params: [SemanticTypeId(24)], return_type: SemanticTypeId(24) }
Expr ExprId(11568): Primitive(Bool)
Expr ExprId(3807): Void
Expr ExprId(622): Void
Expr ExprId(799): Reference(LifetimeId(0), Immutable, SemanticTypeId(8))
Expr ExprId(8062): Primitive(U8)
Expr ExprId(8681): Primitive(Bool)
Expr ExprId(11547): Enum(SymbolId(58), [SemanticTypeId(1170)], [SemanticTypeId(1170), SemanticTypeId(0)])
Expr ExprId(10798): Pointer(Mutable, SemanticTypeId(1075))
Expr ExprId(3967): Enum(SymbolId(58), [SemanticTypeId(141)], [SemanticTypeId(141), SemanticTypeId(0)])
Expr ExprId(10389): Primitive(U8)
Expr ExprId(177): GenericParam(SymbolId(1020))
Expr ExprId(3783): GenericParam(SymbolId(412))
Expr ExprId(10423): Primitive(I32)
Expr ExprId(10684): Void
Expr ExprId(721): Reference(LifetimeId(0), Immutable, SemanticTypeId(8))
Expr ExprId(2659): Reference(LifetimeId(0), Mutable, SemanticTypeId(629))
Expr ExprId(3269): Primitive(U32)
Expr ExprId(4388): Reference(LifetimeId(0), Mutable, SemanticTypeId(1724))
Expr ExprId(7644): Primitive(U32)
Expr ExprId(10343): Primitive(U64)
Expr ExprId(7539): Enum(SymbolId(65), [SemanticTypeId(0), SemanticTypeId(830)], [SemanticTypeId(0), SemanticTypeId(830)])
Expr ExprId(2342): Primitive(I32)
Expr ExprId(725): Primitive(U64)
Expr ExprId(2248): Primitive(U64)
Expr ExprId(7981): Primitive(I32)
Expr ExprId(5732): Reference(LifetimeId(0), Immutable, SemanticTypeId(1745))
Expr ExprId(1517): Function { params: [SemanticTypeId(709), SemanticTypeId(24)], return_type: SemanticTypeId(709) }
Expr ExprId(8463): Reference(LifetimeId(0), Immutable, SemanticTypeId(786))
Expr ExprId(2844): Primitive(U64)
Expr ExprId(2076): Primitive(U64)
Expr ExprId(6312): Primitive(U64)
Expr ExprId(1848): Primitive(U64)
Expr ExprId(8418): Function { params: [SemanticTypeId(787), SemanticTypeId(24)], return_type: SemanticTypeId(4) }
Expr ExprId(7164): Enum(SymbolId(65), [SemanticTypeId(0), SemanticTypeId(830)], [SemanticTypeId(0), SemanticTypeId(830)])
Expr ExprId(10781): Reference(LifetimeId(0), Mutable, SemanticTypeId(1078))
Expr ExprId(2045): Primitive(U64)
Expr ExprId(9987): Pointer(Mutable, SemanticTypeId(1075))
Expr ExprId(5877): Reference(LifetimeId(0), Mutable, SemanticTypeId(1619))
Expr ExprId(4311): Pointer(Mutable, SemanticTypeId(91))
Expr ExprId(478): Primitive(U64)
Expr ExprId(4431): Primitive(I32)
Expr ExprId(1819): GenericParam(SymbolId(1637))
Expr ExprId(4763): Primitive(U64)
Expr ExprId(4158): Primitive(U64)
Expr ExprId(8765): Primitive(U64)
Expr ExprId(4633): Primitive(U64)
Expr ExprId(4467): Primitive(U64)
Expr ExprId(1615): Function { params: [SemanticTypeId(702), SemanticTypeId(701)], return_type: SemanticTypeId(0) }
Expr ExprId(9046): Primitive(I32)
Expr ExprId(3389): Primitive(Bool)
Expr ExprId(10712): Function { params: [], return_type: SemanticTypeId(24) }
Expr ExprId(6966): Primitive(U64)
Expr ExprId(7250): Primitive(U8)
Expr ExprId(4893): Reference(LifetimeId(0), Mutable, SemanticTypeId(1741))
Expr ExprId(9111): Primitive(U8)
Expr ExprId(1473): Primitive(U64)
Expr ExprId(6591): Primitive(U64)
Expr ExprId(7615): Primitive(U64)
Expr ExprId(6227): Reference(LifetimeId(0), Immutable, SemanticTypeId(15))
Expr ExprId(2094): Function { params: [SemanticTypeId(572), SemanticTypeId(572)], return_type: SemanticTypeId(3) }
Expr ExprId(7218): Primitive(U32)
Expr ExprId(9905): Primitive(U64)
Expr ExprId(6852): Function { params: [SemanticTypeId(787)], return_type: SemanticTypeId(4) }
Expr ExprId(5149): Pointer(Mutable, SemanticTypeId(1704))
Expr ExprId(3156): Reference(LifetimeId(0), Mutable, SemanticTypeId(279))
Expr ExprId(8274): Reference(LifetimeId(0), Immutable, SemanticTypeId(786))
Expr ExprId(2134): Primitive(I32)
Expr ExprId(1203): Primitive(I32)
Expr ExprId(2568): Void
Expr ExprId(10007): Enum(SymbolId(477), [], [SemanticTypeId(24), SemanticTypeId(24)])
Expr ExprId(3416): Primitive(Isize)
Expr ExprId(895): Primitive(I32)
Expr ExprId(141): Primitive(U64)
Expr ExprId(6101): Enum(SymbolId(65), [SemanticTypeId(0), SemanticTypeId(830)], [SemanticTypeId(0), SemanticTypeId(830)])
Expr ExprId(6127): Primitive(Char)
Expr ExprId(6128): Enum(SymbolId(65), [SemanticTypeId(0), SemanticTypeId(830)], [SemanticTypeId(0), SemanticTypeId(830)])
Expr ExprId(58): Primitive(I32)
Expr ExprId(8482): Primitive(Bool)
Expr ExprId(5764): Primitive(Bool)
Expr ExprId(7299): Primitive(U8)
Expr ExprId(5804): Primitive(U64)
Expr ExprId(429): GenericParam(SymbolId(88))
Expr ExprId(1387): Primitive(I32)
Expr ExprId(1667): Pointer(Immutable, SemanticTypeId(526))
Expr ExprId(8726): Primitive(U64)
Expr ExprId(689): Primitive(U64)
Expr ExprId(7368): Primitive(U8)
Expr ExprId(1986): Pointer(Mutable, SemanticTypeId(520))
Expr ExprId(4951): Pointer(Immutable, SemanticTypeId(1704))
Expr ExprId(324): GenericParam(SymbolId(1209))
Expr ExprId(2105): Primitive(U64)
Expr ExprId(579): Primitive(U64)
Expr ExprId(3635): Void
Expr ExprId(5675): Primitive(Bool)
Expr ExprId(3620): Enum(SymbolId(58), [SemanticTypeId(115)], [SemanticTypeId(115), SemanticTypeId(0)])
Expr ExprId(7709): Primitive(U32)
Expr ExprId(7647): Primitive(U8)
Expr ExprId(7760): Primitive(U8)
Expr ExprId(6754): Function { params: [SemanticTypeId(705), SemanticTypeId(24)], return_type: SemanticTypeId(705) }
Expr ExprId(4376): Primitive(U64)
Expr ExprId(6180): Reference(LifetimeId(0), Mutable, SemanticTypeId(1577))
Expr ExprId(5611): Primitive(U64)
Expr ExprId(4993): GenericParam(SymbolId(2871))
Expr ExprId(501): Pointer(Mutable, SemanticTypeId(91))
Expr ExprId(5559): Primitive(U64)
Expr ExprId(11202): GenericParam(SymbolId(989))
Expr ExprId(2620): Function { params: [SemanticTypeId(565), SemanticTypeId(24), SemanticTypeId(24)], return_type: SemanticTypeId(0) }
Expr ExprId(5460): Primitive(I32)
Expr ExprId(4536): Primitive(U64)
Expr ExprId(7319): Primitive(U32)
Expr ExprId(11394): Primitive(Bool)
Expr ExprId(9498): Primitive(U64)
Expr ExprId(3604): Enum(SymbolId(58), [SemanticTypeId(84)], [SemanticTypeId(84), SemanticTypeId(0)])
Expr ExprId(8220): Primitive(U64)
Expr ExprId(4410): Primitive(Bool)
Expr ExprId(1610): Function { params: [SemanticTypeId(717), SemanticTypeId(718), SemanticTypeId(24)], return_type: SemanticTypeId(0) }
Expr ExprId(6922): Primitive(U64)
Expr ExprId(4741): Pointer(Immutable, SemanticTypeId(1704))
Expr ExprId(866): Primitive(I32)
Expr ExprId(10592): Primitive(I32)
Expr ExprId(2498): Primitive(U64)
Expr ExprId(3739): Function { params: [SemanticTypeId(382)], return_type: SemanticTypeId(4) }
Expr ExprId(2416): Primitive(I32)
Expr ExprId(4589): Enum(SymbolId(58), [SemanticTypeId(1797)], [SemanticTypeId(1797), SemanticTypeId(0)])
Expr ExprId(8917): Primitive(I32)
Expr ExprId(4111): Enum(SymbolId(58), [SemanticTypeId(420)], [SemanticTypeId(420), SemanticTypeId(0)])
Expr ExprId(6023): Primitive(I64)
Expr ExprId(6749): Primitive(I32)
Expr ExprId(6521): Primitive(I32)
Expr ExprId(7216): Primitive(U8)
Expr ExprId(1287): Primitive(U64)
Expr ExprId(11437): GenericParam(SymbolId(897))
Expr ExprId(10445): Pointer(Mutable, SemanticTypeId(1074))
Expr ExprId(7102): Primitive(I32)
Expr ExprId(11425): Struct(SymbolId(579), [SemanticTypeId(881)], [SemanticTypeId(926)])
Expr ExprId(777): Reference(LifetimeId(0), Immutable, SemanticTypeId(91))
Expr ExprId(9317): Struct(SymbolId(33), [SemanticTypeId(91)], [SemanticTypeId(788), SemanticTypeId(24), SemanticTypeId(24)])
Expr ExprId(4860): Pointer(Mutable, SemanticTypeId(1704))
Expr ExprId(2913): Enum(SymbolId(58), [SemanticTypeId(29)], [SemanticTypeId(29), SemanticTypeId(0)])
Expr ExprId(6069): Enum(SymbolId(65), [SemanticTypeId(0), SemanticTypeId(830)], [SemanticTypeId(0), SemanticTypeId(830)])
Expr ExprId(8113): Primitive(Bool)
Expr ExprId(1360): Pointer(Mutable, SemanticTypeId(507))
Expr ExprId(8994): Primitive(U32)
Expr ExprId(6407): Primitive(Bool)
Expr ExprId(7138): Void
Expr ExprId(1125): Reference(LifetimeId(0), Immutable, SemanticTypeId(675))
Expr ExprId(6863): Primitive(I32)
Expr ExprId(9888): Reference(LifetimeId(0), Mutable, SemanticTypeId(1078))
Expr ExprId(1654): Primitive(U64)
Expr ExprId(8840): Primitive(U64)
Expr ExprId(10158): Function { params: [SemanticTypeId(702), SemanticTypeId(701)], return_type: SemanticTypeId(0) }
Expr ExprId(10088): Enum(SymbolId(477), [], [SemanticTypeId(24), SemanticTypeId(24)])
Expr ExprId(11052): Primitive(U8)
Expr ExprId(5326): Primitive(U64)
Expr ExprId(5205): Primitive(I32)
Expr ExprId(8711): Struct(SymbolId(351), [], [SemanticTypeId(789)])
Expr ExprId(9066): Primitive(U32)
Expr ExprId(3806): Void
Expr ExprId(5518): Primitive(U64)
Expr ExprId(9313): Primitive(I32)
Expr ExprId(10667): Void
Expr ExprId(7096): Primitive(U64)
Expr ExprId(5270): Primitive(U64)
Expr ExprId(7827): Primitive(U32)
Expr ExprId(8705): Struct(SymbolId(351), [], [SemanticTypeId(789)])
Expr ExprId(20): Primitive(I32)
Expr ExprId(747): Primitive(I32)
Expr ExprId(5691): Primitive(U64)
Expr ExprId(11045): Pointer(Immutable, SemanticTypeId(91))
Expr ExprId(342): Enum(SymbolId(65), [SemanticTypeId(1935), SemanticTypeId(1884)], [SemanticTypeId(1935), SemanticTypeId(1884)])
Expr ExprId(3584): Reference(LifetimeId(0), Mutable, SemanticTypeId(87))
Expr ExprId(9866): Void
Expr ExprId(4404): Primitive(U64)
Expr ExprId(5227): Primitive(U64)
Expr ExprId(8346): Primitive(U64)
Expr ExprId(5546): Primitive(U64)
Expr ExprId(2201): Primitive(Bool)
Expr ExprId(2180): Primitive(I32)
Expr ExprId(884): Reference(LifetimeId(0), Immutable, SemanticTypeId(11))
Expr ExprId(5259): Primitive(U64)
Expr ExprId(8120): Primitive(Bool)
Expr ExprId(11353): Reference(LifetimeId(0), Immutable, SemanticTypeId(893))
Expr ExprId(6374): Primitive(Bool)
Expr ExprId(192): Enum(SymbolId(58), [SemanticTypeId(1451)], [SemanticTypeId(1451), SemanticTypeId(0)])
Expr ExprId(10401): Reference(LifetimeId(0), Mutable, SemanticTypeId(1078))
Expr ExprId(2885): Reference(LifetimeId(0), Mutable, SemanticTypeId(567))
Expr ExprId(11524): GenericParam(SymbolId(903))
Expr ExprId(10110): Primitive(U64)
Expr ExprId(11444): Struct(SymbolId(579), [SemanticTypeId(881)], [SemanticTypeId(926)])
Expr ExprId(2340): Void
Expr ExprId(5793): Enum(SymbolId(65), [SemanticTypeId(0), SemanticTypeId(830)], [SemanticTypeId(0), SemanticTypeId(830)])
Expr ExprId(404): GenericParam(SymbolId(949))
Expr ExprId(5957): Primitive(Char)
Expr ExprId(4691): Primitive(Bool)
Expr ExprId(10052): Function { params: [SemanticTypeId(702), SemanticTypeId(701)], return_type: SemanticTypeId(0) }
Expr ExprId(6995): Primitive(Bool)
Expr ExprId(8761): Pointer(Immutable, SemanticTypeId(91))
Expr ExprId(1163): Enum(SymbolId(58), [SemanticTypeId(583)], [SemanticTypeId(583), SemanticTypeId(0)])
Expr ExprId(8557): Primitive(U64)
Expr ExprId(934): Reference(LifetimeId(0), Immutable, SemanticTypeId(758))
Expr ExprId(7624): Primitive(U64)
Expr ExprId(10470): Primitive(U64)
Expr ExprId(11549): Struct(SymbolId(33), [SemanticTypeId(1170)], [SemanticTypeId(1171), SemanticTypeId(24), SemanticTypeId(24)])
Expr ExprId(2605): Primitive(U64)
Expr ExprId(7723): Void
Expr ExprId(5852): Enum(SymbolId(65), [SemanticTypeId(0), SemanticTypeId(830)], [SemanticTypeId(0), SemanticTypeId(830)])
Expr ExprId(5606): Void
Expr ExprId(10766): Pointer(Mutable, SemanticTypeId(91))
Expr ExprId(4328): Void
Expr ExprId(5278): Primitive(U64)
Expr ExprId(4301): Primitive(U64)
Expr ExprId(11127): Primitive(U64)
Expr ExprId(7490): Primitive(I32)
Expr ExprId(1516): Primitive(U64)
Expr ExprId(4940): Reference(LifetimeId(0), Mutable, SemanticTypeId(1706))
Expr ExprId(3253): Reference(LifetimeId(0), Immutable, SemanticTypeId(124))
Expr ExprId(5813): Enum(SymbolId(65), [SemanticTypeId(0), SemanticTypeId(830)], [SemanticTypeId(0), SemanticTypeId(830)])
Expr ExprId(9309): Primitive(U8)
Expr ExprId(9327): Primitive(String)
Expr ExprId(10151): Pointer(Mutable, SemanticTypeId(1074))
Expr ExprId(7178): Primitive(U8)
Expr ExprId(6353): Reference(LifetimeId(0), Immutable, SemanticTypeId(786))
Expr ExprId(6143): Primitive(Char)
Expr ExprId(7002): Reference(LifetimeId(0), Immutable, SemanticTypeId(790))
Expr ExprId(9279): Primitive(I32)
Expr ExprId(1335): Primitive(I32)
Expr ExprId(1608): Primitive(I32)
Expr ExprId(1908): Pointer(Mutable, SemanticTypeId(520))
Expr ExprId(11546): GenericParam(SymbolId(563))
Expr ExprId(982): Reference(LifetimeId(0), Immutable, SemanticTypeId(1494))
Expr ExprId(4911): Reference(LifetimeId(0), Mutable, SemanticTypeId(1706))
Expr ExprId(148): Enum(SymbolId(58), [SemanticTypeId(1463)], [SemanticTypeId(1463), SemanticTypeId(0)])
Expr ExprId(9197): Primitive(Bool)
Expr ExprId(9294): Primitive(U64)
Expr ExprId(3779): Primitive(Bool)
Expr ExprId(124): Enum(SymbolId(58), [SemanticTypeId(1470)], [SemanticTypeId(1470), SemanticTypeId(0)])
Expr ExprId(2362): Pointer(Mutable, SemanticTypeId(513))
Expr ExprId(9578): Primitive(U64)
Expr ExprId(6018): Primitive(I64)
Expr ExprId(3193): Function { params: [SemanticTypeId(63)], return_type: SemanticTypeId(0) }
Expr ExprId(2645): Primitive(U64)
Expr ExprId(524): Pointer(Mutable, SemanticTypeId(91))
Expr ExprId(6268): Primitive(U64)
Expr ExprId(7078): Primitive(U64)
Expr ExprId(743): Primitive(Bool)
Expr ExprId(2644): Primitive(U64)
Expr ExprId(8277): Primitive(U64)
Expr ExprId(10015): Pointer(Mutable, SemanticTypeId(91))
Expr ExprId(5315): Function { params: [SemanticTypeId(709), SemanticTypeId(24)], return_type: SemanticTypeId(709) }
Expr ExprId(5046): Reference(LifetimeId(0), Mutable, SemanticTypeId(1706))
Expr ExprId(4641): Pointer(Immutable, SemanticTypeId(1704))
Expr ExprId(11412): Primitive(Bool)
Expr ExprId(4879): Pointer(Mutable, SemanticTypeId(1704))
Expr ExprId(4477): Reference(LifetimeId(0), Mutable, SemanticTypeId(1706))
Expr ExprId(11448): Struct(SymbolId(576), [SemanticTypeId(881)], [SemanticTypeId(932)])
Expr ExprId(11294): GenericParam(SymbolId(985))
Expr ExprId(4271): Primitive(U64)
Expr ExprId(10867): Primitive(U64)
Expr ExprId(1093): Primitive(U64)
Expr ExprId(100): Function { params: [], return_type: SemanticTypeId(497) }
Expr ExprId(1288): Function { params: [SemanticTypeId(723), SemanticTypeId(24)], return_type: SemanticTypeId(725) }
Expr ExprId(10869): Primitive(U64)
Expr ExprId(614): Primitive(U8)
Expr ExprId(6167): Primitive(U64)
Expr ExprId(4820): Primitive(U64)
Expr ExprId(2077): Primitive(U64)
Expr ExprId(1343): Primitive(U64)
Expr ExprId(2131): Reference(LifetimeId(0), Immutable, SemanticTypeId(3))
Expr ExprId(9379): Primitive(U64)
Expr ExprId(3049): Void
Expr ExprId(8920): Primitive(U64)
Expr ExprId(10093): Function { params: [SemanticTypeId(709), SemanticTypeId(24)], return_type: SemanticTypeId(709) }
Expr ExprId(10997): Void
Expr ExprId(5993): Reference(LifetimeId(0), Immutable, SemanticTypeId(754))
Expr ExprId(5713): Primitive(U64)
Expr ExprId(3414): Primitive(Bool)
Expr ExprId(5203): Primitive(U64)
Expr ExprId(5574): Void
Expr ExprId(5305): Primitive(U64)
Expr ExprId(8180): Primitive(U8)
Expr ExprId(7379): Primitive(U64)
Expr ExprId(2319): Primitive(Bool)
Expr ExprId(8335): Primitive(U64)
Expr ExprId(10688): Primitive(U64)
Expr ExprId(2785): Reference(LifetimeId(0), Immutable, SemanticTypeId(596))
Expr ExprId(8144): Primitive(U8)
Expr ExprId(932): Primitive(I32)
Expr ExprId(256): Primitive(I32)
Expr ExprId(10365): Primitive(U64)
Expr ExprId(3665): Void
Expr ExprId(4481): Pointer(Mutable, SemanticTypeId(1704))
Expr ExprId(11530): Primitive(U64)
Expr ExprId(2150): Pointer(Mutable, SemanticTypeId(564))
Expr ExprId(6442): Primitive(U8)
Expr ExprId(8879): Void
Expr ExprId(11012): Function { params: [SemanticTypeId(705), SemanticTypeId(24)], return_type: SemanticTypeId(705) }
Expr ExprId(9060): Primitive(U32)
Expr ExprId(10150): Reference(LifetimeId(0), Mutable, SemanticTypeId(1078))
Expr ExprId(3612): Enum(SymbolId(58), [SemanticTypeId(84)], [SemanticTypeId(84), SemanticTypeId(0)])
Expr ExprId(5219): Reference(LifetimeId(0), Mutable, SemanticTypeId(1706))
Expr ExprId(11065): Pointer(Immutable, SemanticTypeId(1109))
Expr ExprId(6801): Primitive(Usize)
Expr ExprId(10109): Reference(LifetimeId(0), Mutable, SemanticTypeId(1078))
Expr ExprId(964): GenericParam(SymbolId(522))
Expr ExprId(2031): Void
Expr ExprId(5486): Primitive(Bool)
Expr ExprId(4953): Primitive(U64)
Expr ExprId(2113): Pointer(Mutable, SemanticTypeId(559))
Expr ExprId(6396): Primitive(Bool)
Expr ExprId(1757): Primitive(U64)
Expr ExprId(6097): Enum(SymbolId(65), [SemanticTypeId(0), SemanticTypeId(830)], [SemanticTypeId(0), SemanticTypeId(830)])
Expr ExprId(4693): Primitive(I32)
Expr ExprId(345): Enum(SymbolId(65), [SemanticTypeId(1935), SemanticTypeId(1884)], [SemanticTypeId(1935), SemanticTypeId(1884)])
Expr ExprId(657): Function { params: [], return_type: SemanticTypeId(24) }
Expr ExprId(1632): Primitive(U64)
Expr ExprId(10473): Void
Expr ExprId(8732): Primitive(U8)
Expr ExprId(6213): Primitive(I64)
Expr ExprId(7383): Void
Expr ExprId(9306): Enum(SymbolId(363), [], [SemanticTypeId(24), SemanticTypeId(0)])
Expr ExprId(10887): Pointer(Mutable, SemanticTypeId(91))
Expr ExprId(5837): Primitive(U8)
Expr ExprId(8863): Struct(SymbolId(351), [], [SemanticTypeId(789)])
Expr ExprId(4374): Primitive(U64)
Expr ExprId(5376): Primitive(I32)
Expr ExprId(8898): Primitive(U64)
Expr ExprId(9704): Reference(LifetimeId(0), Mutable, SemanticTypeId(1078))
Expr ExprId(5290): Reference(LifetimeId(0), Mutable, SemanticTypeId(1706))
Expr ExprId(1642): Primitive(U64)
Expr ExprId(2043): Primitive(U64)
Expr ExprId(6639): Void
Expr ExprId(2344): Primitive(U64)
Expr ExprId(2274): Primitive(U64)
Expr ExprId(3852): Primitive(I32)
Expr ExprId(3977): Primitive(I32)
----------------------


--- Generated MVIR ---
fn _MMN3std3VecE4growGlE() {
entry0:
  %v0 = alloca
  %v1 = call_direct _MFN3std3mem7size_ofEGlE()
  %v2 = cast %v1, SemanticTypeId(24)
  %v3 = alloca
  %v4 = store %v2 -> %v3
  %v5 = assign 0
  %v6 = cast %v5, SemanticTypeId(24)
  %v7 = alloca
  %v8 = store %v6 -> %v7
  %v9 = load %v0
  %v10 = field_ptr %v9, 2 (cap)
  %v11 = load %v10
  %v12 = assign 0
  %v13 = cast %v12, SemanticTypeId(24)
  %v14 = eq %v11, %v13
  condbr %v14, if_then1, if_else2
if_then1:
  %v15 = assign 4
  %v16 = cast %v15, SemanticTypeId(24)
  %v17 = store %v16 -> %v7
  br if_end3
if_else2:
  %v18 = load %v0
  %v19 = field_ptr %v18, 2 (cap)
  %v20 = load %v19
  %v21 = assign 9223372036854775807
  %v22 = gt %v20, %v21
  condbr %v22, if_then4, if_end6
if_then4:
  %v23 = call_direct __luna_panic_default()
  br if_end6
if_end6:
  %v24 = load %v0
  %v25 = field_ptr %v24, 2 (cap)
  %v26 = load %v25
  %v27 = assign 2
  %v28 = cast %v27, SemanticTypeId(24)
  %v29 = mul %v26, %v28
  %v30 = store %v29 -> %v7
  br if_end3
if_end3:
  %v31 = load %v3
  %v32 = assign 0
  %v33 = cast %v32, SemanticTypeId(24)
  %v34 = gt %v31, %v33
  condbr %v34, if_then7, if_end9
if_then7:
  %v35 = load %v7
  %v36 = assign 18446744073709551615
  %v37 = load %v3
  %v38 = div %v36, %v37
  %v39 = gt %v35, %v38
  condbr %v39, if_then10, if_end12
if_then10:
  %v40 = call_direct __luna_panic_default()
  br if_end12
if_end12:
  br if_end9
if_end9:
  %v41 = load %v7
  %v42 = load %v3
  %v43 = mul %v41, %v42
  %v44 = alloca
  %v45 = store %v43 -> %v44
  %v46 = call_direct _MFN3std3mem8align_ofEGlE()
  %v47 = cast %v46, SemanticTypeId(24)
  %v48 = alloca
  %v49 = store %v47 -> %v48
  %v50 = load %v44
  %v51 = load %v48
  %v52 = call_direct __luna_alloc(%v50, %v51)
  %v53 = cast %v52, SemanticTypeId(24)
  %v54 = cast %v53, SemanticTypeId(727)
  %v55 = alloca
  %v56 = store %v54 -> %v55
  %v57 = load %v0
  %v58 = field_ptr %v57, 2 (cap)
  %v59 = load %v58
  %v60 = assign 0
  %v61 = cast %v60, SemanticTypeId(24)
  %v62 = gt %v59, %v61
  condbr %v62, if_then13, if_end15
if_then13:
  %v63 = load %v0
  %v64 = field_ptr %v63, 0 (ptr)
  %v65 = load %v64
  %v66 = cast %v65, SemanticTypeId(551)
  %v67 = load %v55
  %v68 = load %v0
  %v69 = field_ptr %v68, 1 (len)
  %v70 = load %v69
  %v71 = call_direct _MFN3std3ptr4copyEGlE(%v66, %v67, %v70)
  %v72 = load %v0
  %v73 = field_ptr %v72, 2 (cap)
  %v74 = load %v73
  %v75 = load %v3
  %v76 = mul %v74, %v75
  %v77 = alloca
  %v78 = store %v76 -> %v77
  %v79 = load %v0
  %v80 = field_ptr %v79, 0 (ptr)
  %v81 = load %v80
  %v82 = cast %v81, SemanticTypeId(788)
  %v83 = load %v77
  %v84 = load %v48
  %v85 = call_direct __luna_dealloc(%v82, %v83, %v84)
  br if_end15
if_end15:
  %v86 = load %v0
  %v87 = field_ptr %v86, 0 (ptr)
  %v88 = load %v55
  %v89 = store[unsafe-anchor] %v88 -> %v87
  %v90 = load %v0
  %v91 = field_ptr %v90, 2 (cap)
  %v92 = load %v7
  %v93 = store %v92 -> %v91
  ret void
}

fn _MFN3std3ptr4copyEGlE() {
entry0:
  %v0 = alloca
  %v1 = alloca
  %v2 = alloca
  %v3 = load %v2
  %v4 = size_of SemanticTypeId(3)
  %v5 = cast %v4, SemanticTypeId(24)
  %v6 = mul %v3, %v5
  %v7 = alloca
  %v8 = store %v6 -> %v7
  %v9 = load %v0
  %v10 = cast %v9, SemanticTypeId(24)
  %v11 = cast %v10, SemanticTypeId(792)
  %v12 = alloca
  %v13 = store %v11 -> %v12
  %v14 = load %v1
  %v15 = cast %v14, SemanticTypeId(24)
  %v16 = cast %v15, SemanticTypeId(788)
  %v17 = alloca
  %v18 = store %v16 -> %v17
  %v19 = assign 0
  %v20 = cast %v19, SemanticTypeId(24)
  %v21 = alloca
  %v22 = store %v20 -> %v21
  br while_cond1
while_cond1:
  %v23 = load %v21
  %v24 = load %v7
  %v25 = lt %v23, %v24
  condbr %v25, while_body2, while_end3
while_body2:
  %v26 = load %v12
  %v27 = cast %v26, SemanticTypeId(24)
  %v28 = load %v21
  %v29 = add %v27, %v28
  %v30 = cast %v29, SemanticTypeId(792)
  %v31 = alloca
  %v32 = store %v30 -> %v31
  %v33 = load %v17
  %v34 = cast %v33, SemanticTypeId(24)
  %v35 = load %v21
  %v36 = add %v34, %v35
  %v37 = cast %v36, SemanticTypeId(788)
  %v38 = alloca
  %v39 = store %v37 -> %v38
  %v40 = load %v38
  %v41 = load %v31
  %v42 = load %v41
  %v43 = store %v42 -> %v40
  %v44 = load %v21
  %v45 = assign 1
  %v46 = cast %v45, SemanticTypeId(24)
  %v47 = add %v44, %v46
  %v48 = store %v47 -> %v21
  br while_cond1
while_end3:
  ret void
}

fn _MFN7is_evenE() {
entry0:
  %v0 = alloca
  %v1 = load %v0
  %v2 = load %v1
  %v3 = assign 2
  %v4 = rem %v2, %v3
  %v5 = assign 0
  %v6 = eq %v4, %v5
  ret %v6
}

fn _MIN3std8IteratorEGlETN3std4iter3MapEGTN3std4iter6FilterEGTN3std5slice9SliceIterEGlEElEERcllEE4next() {
entry0:
  %v0 = alloca
  %v1 = load %v0
  %v2 = field_ptr %v1, 1 (f)
  %v3 = load %v2
  %v4 = alloca
  %v5 = store %v3 -> %v4
  %v6 = load %v0
  %v7 = field_ptr %v6, 0 (iter)
  %v8 = borrow &rw %v7
  %v9 = call_direct _MIN3std8IteratorEGlETN3std4iter6FilterEGTN3std5slice9SliceIterEGlEElEE4next(%v8)
  %v10 = alloca
  %v11 = store %v9 -> %v10
  %v12 = load %v10
  br match_arm2
match_arm2:
  %v13 = tag %v12
  %v14 = eq %v13, 0
  condbr %v14, match_body4, match_arm3
match_body4:
  %v15 = extract %v12.0.0
  %v16 = alloca
  %v17 = store %v15 -> %v16
  %v18 = variant 467::0()
  %v19 = load %v4
  %v20 = load %v16
  %v21 = call_indirect %v19(%v20)
  %v22 = variant 467::0(%v21)
  ret %v22
match_arm3:
  %v23 = tag %v12
  %v24 = eq %v23, 1
  condbr %v24, match_body6, match_unreachable5
match_body6:
  %v25 = variant 467::1()
  ret %v25
match_unreachable5:
  unreachable
}

fn _MMN3std3VecE3lenGlE() {
entry0:
  %v0 = alloca
  %v1 = load %v0
  %v2 = field_ptr %v1, 1 (len)
  %v3 = load %v2
  ret %v3
}

fn _MFN3std3ptr3addEGlE() {
entry0:
  %v0 = alloca
  %v1 = alloca
  %v2 = load %v0
  %v3 = cast %v2, SemanticTypeId(24)
  %v4 = load %v1
  %v5 = size_of SemanticTypeId(3)
  %v6 = cast %v5, SemanticTypeId(24)
  %v7 = mul %v4, %v6
  %v8 = add %v3, %v7
  %v9 = cast %v8, SemanticTypeId(551)
  ret %v9
}

fn _MFN3std16iter_collect_vecEGTN3std4iter4TakeEGTN3std4iter3MapEGTN3std4iter6FilterEGTN3std5slice9SliceIterEGlEElEERcllEElEElE() {
entry0:
  %v0 = alloca
  %v1 = call_direct _MFN3std7vec_newEGlE()
  %v2 = alloca
  %v3 = store %v1 -> %v2
  %v4 = load %v0
  %v5 = alloca
  %v6 = store %v4 -> %v5
  %v7 = alloca
  %v8 = store true -> %v7
  br while_cond1
while_cond1:
  %v9 = load %v7
  condbr %v9, while_body2, while_end3
while_body2:
  %v10 = borrow &rw %v5
  %v11 = call_direct _MIN3std8IteratorEGlETN3std4iter4TakeEGTN3std4iter3MapEGTN3std4iter6FilterEGTN3std5slice9SliceIterEGlEElEERcllEElEE4next(%v10)
  %v12 = alloca
  %v13 = store %v11 -> %v12
  %v14 = load %v12
  br match_arm5
match_arm5:
  %v15 = tag %v14
  %v16 = eq %v15, 0
  condbr %v16, match_body7, match_arm6
match_body7:
  %v17 = extract %v14.0.0
  %v18 = alloca
  %v19 = store %v17 -> %v18
  %v20 = load %v18
  %v21 = borrow &rw %v2
  %v22 = call_direct _MMN3std3VecE4pushGlE(%v21, %v20)
  br match_end4
match_arm6:
  %v23 = tag %v14
  %v24 = eq %v23, 1
  condbr %v24, match_body9, match_unreachable8
match_body9:
  %v25 = store false -> %v7
  br match_end4
match_unreachable8:
  unreachable
match_end4:
  br while_cond1
while_end3:
  %v26 = load %v2
  ret %v26
}

fn _MFN3std4iter11iter_filterEGTN3std5slice9SliceIterEGlEElE() {
entry0:
  %v0 = alloca
  %v1 = alloca
  %v2 = alloca
  %v3 = load %v0
  %v4 = field_ptr %v2, 0 (iter)
  %v5 = store %v3 -> %v4
  %v6 = load %v1
  %v7 = field_ptr %v2, 1 (pred)
  %v8 = store %v6 -> %v7
  %v9 = load %v2
  ret %v9
}

fn _MFN6squareE() {
entry0:
  %v0 = alloca
  %v1 = load %v0
  %v2 = load %v1
  %v3 = load %v0
  %v4 = load %v3
  %v5 = mul %v2, %v4
  ret %v5
}

fn __luna_alloc() {
}

fn __luna_panic_default() {
}

fn _MFN3std7vec_newEGlE() {
entry0:
  %v0 = alloca
  %v1 = assign 0
  %v2 = cast %v1, SemanticTypeId(24)
  %v3 = cast %v2, SemanticTypeId(727)
  %v4 = field_ptr %v0, 0 (ptr)
  %v5 = store %v3 -> %v4
  %v6 = assign 0
  %v7 = cast %v6, SemanticTypeId(24)
  %v8 = field_ptr %v0, 1 (len)
  %v9 = store %v7 -> %v8
  %v10 = assign 0
  %v11 = cast %v10, SemanticTypeId(24)
  %v12 = field_ptr %v0, 2 (cap)
  %v13 = store %v11 -> %v12
  %v14 = load %v0
  ret %v14
}

fn _MFN3std3ptr13drop_in_placeEGlE() {
}

fn _MFN3std3ptr5writeEGlE() {
entry0:
  %v0 = alloca
  %v1 = alloca
  %v2 = load %v0
  %v3 = load %v1
  %v4 = store %v3 -> %v2
  ret void
}

fn main() {
entry0:
  %v0 = alloca
  %v1 = assign 1
  %v2 = field_ptr %v0, 0
  %v3 = store %v1 -> %v2
  %v4 = assign 2
  %v5 = field_ptr %v0, 1
  %v6 = store %v4 -> %v5
  %v7 = assign 3
  %v8 = field_ptr %v0, 2
  %v9 = store %v7 -> %v8
  %v10 = assign 4
  %v11 = field_ptr %v0, 3
  %v12 = store %v10 -> %v11
  %v13 = assign 5
  %v14 = field_ptr %v0, 4
  %v15 = store %v13 -> %v14
  %v16 = assign 6
  %v17 = field_ptr %v0, 5
  %v18 = store %v16 -> %v17
  %v19 = assign 7
  %v20 = field_ptr %v0, 6
  %v21 = store %v19 -> %v20
  %v22 = assign 8
  %v23 = field_ptr %v0, 7
  %v24 = store %v22 -> %v23
  %v25 = assign 9
  %v26 = field_ptr %v0, 8
  %v27 = store %v25 -> %v26
  %v28 = assign 10
  %v29 = field_ptr %v0, 9
  %v30 = store %v28 -> %v29
  %v31 = load %v0
  %v32 = alloca
  %v33 = store %v31 -> %v32
  %v34 = borrow &%v32
  %v35 = make_slice { data: %v34, len: 10 }
  %v36 = call_direct _MFN3std5slice10slice_iterEGlE(%v35)
  %v37 = alloca
  %v38 = store %v36 -> %v37
  %v39 = load %v37
  %v40 = call_direct _MFN3std4iter11iter_filterEGTN3std5slice9SliceIterEGlEElE(%v39, _MFN7is_evenE)
  %v41 = alloca
  %v42 = store %v40 -> %v41
  %v43 = load %v41
  %v44 = call_direct _MFN3std4iter8iter_mapEGTN3std4iter6FilterEGTN3std5slice9SliceIterEGlEElEERcllE(%v43, _MFN6squareE)
  %v45 = alloca
  %v46 = store %v44 -> %v45
  %v47 = load %v45
  %v48 = assign 3
  %v49 = cast %v48, SemanticTypeId(24)
  %v50 = call_direct _MFN3std4iter9iter_takeEGTN3std4iter3MapEGTN3std4iter6FilterEGTN3std5slice9SliceIterEGlEElEERcllEElE(%v47, %v49)
  %v51 = alloca
  %v52 = store %v50 -> %v51
  %v53 = load %v51
  %v54 = call_direct _MFN3std16iter_collect_vecEGTN3std4iter4TakeEGTN3std4iter3MapEGTN3std4iter6FilterEGTN3std5slice9SliceIterEGlEElEERcllEElEElE(%v53)
  %v55 = alloca
  %v56 = store %v54 -> %v55
  %v57 = borrow &%v55
  %v58 = call_direct _MMN3std3VecE3lenGlE(%v57)
  %v59 = assign 3
  %v60 = cast %v59, SemanticTypeId(24)
  %v61 = neq %v58, %v60
  condbr %v61, if_then1, if_end3
if_then1:
  %v62 = assign 1
  %v63 = drop %v55 (__luna_drop_glue_TN3std3VecEGlEE)
  ret %v62
if_end3:
  %v64 = assign 0
  %v65 = cast %v64, SemanticTypeId(24)
  %v66 = borrow &%v55
  %v67 = call_direct _MMN3std3VecE3getGlE(%v66, %v65)
  br match_arm5
match_arm5:
  %v68 = tag %v67
  %v69 = eq %v68, 0
  condbr %v69, match_body7, match_arm6
match_body7:
  %v70 = extract %v67.0.0
  %v71 = alloca
  %v72 = store %v70 -> %v71
  %v73 = load %v71
  %v74 = load %v73
  %v75 = assign 4
  %v76 = neq %v74, %v75
  condbr %v76, if_then8, if_end10
if_then8:
  %v77 = assign 2
  %v78 = drop %v55 (__luna_drop_glue_TN3std3VecEGlEE)
  ret %v77
if_end10:
  br match_end4
match_arm6:
  %v79 = tag %v67
  %v80 = eq %v79, 1
  condbr %v80, match_body12, match_unreachable11
match_body12:
  %v81 = assign 20
  %v82 = drop %v55 (__luna_drop_glue_TN3std3VecEGlEE)
  ret %v81
match_unreachable11:
  unreachable
match_end4:
  %v83 = assign 1
  %v84 = cast %v83, SemanticTypeId(24)
  %v85 = borrow &%v55
  %v86 = call_direct _MMN3std3VecE3getGlE(%v85, %v84)
  br match_arm14
match_arm14:
  %v87 = tag %v86
  %v88 = eq %v87, 0
  condbr %v88, match_body16, match_arm15
match_body16:
  %v89 = extract %v86.0.0
  %v90 = alloca
  %v91 = store %v89 -> %v90
  %v92 = load %v90
  %v93 = load %v92
  %v94 = assign 16
  %v95 = neq %v93, %v94
  condbr %v95, if_then17, if_end19
if_then17:
  %v96 = assign 3
  %v97 = drop %v55 (__luna_drop_glue_TN3std3VecEGlEE)
  ret %v96
if_end19:
  br match_end13
match_arm15:
  %v98 = tag %v86
  %v99 = eq %v98, 1
  condbr %v99, match_body21, match_unreachable20
match_body21:
  %v100 = assign 30
  %v101 = drop %v55 (__luna_drop_glue_TN3std3VecEGlEE)
  ret %v100
match_unreachable20:
  unreachable
match_end13:
  %v102 = assign 2
  %v103 = cast %v102, SemanticTypeId(24)
  %v104 = borrow &%v55
  %v105 = call_direct _MMN3std3VecE3getGlE(%v104, %v103)
  br match_arm23
match_arm23:
  %v106 = tag %v105
  %v107 = eq %v106, 0
  condbr %v107, match_body25, match_arm24
match_body25:
  %v108 = extract %v105.0.0
  %v109 = alloca
  %v110 = store %v108 -> %v109
  %v111 = load %v109
  %v112 = load %v111
  %v113 = assign 36
  %v114 = neq %v112, %v113
  condbr %v114, if_then26, if_end28
if_then26:
  %v115 = assign 4
  %v116 = drop %v55 (__luna_drop_glue_TN3std3VecEGlEE)
  ret %v115
if_end28:
  br match_end22
match_arm24:
  %v117 = tag %v105
  %v118 = eq %v117, 1
  condbr %v118, match_body30, match_unreachable29
match_body30:
  %v119 = assign 40
  %v120 = drop %v55 (__luna_drop_glue_TN3std3VecEGlEE)
  ret %v119
match_unreachable29:
  unreachable
match_end22:
  %v121 = assign 0
  %v122 = drop %v55 (__luna_drop_glue_TN3std3VecEGlEE)
  ret %v121
}

fn _MMN3std5slice9SliceIterE8next_refGlE() {
entry0:
  %v0 = alloca
  %v1 = load %v0
  %v2 = field_ptr %v1, 0 (ptr)
  %v3 = load %v2
  %v4 = cast %v3, SemanticTypeId(24)
  %v5 = load %v0
  %v6 = field_ptr %v5, 1 (end)
  %v7 = load %v6
  %v8 = cast %v7, SemanticTypeId(24)
  %v9 = ge %v4, %v8
  condbr %v9, if_then1, if_end3
if_then1:
  %v10 = variant 1985::1()
  ret %v10
if_end3:
  %v11 = size_of SemanticTypeId(3)
  %v12 = cast %v11, SemanticTypeId(24)
  %v13 = alloca
  %v14 = store %v12 -> %v13
  %v15 = load %v13
  %v16 = assign 0
  %v17 = cast %v16, SemanticTypeId(24)
  %v18 = eq %v15, %v17
  condbr %v18, if_then4, if_end6
if_then4:
  %v19 = assign 1
  %v20 = cast %v19, SemanticTypeId(24)
  %v21 = store %v20 -> %v13
  br if_end6
if_end6:
  %v22 = load %v0
  %v23 = field_ptr %v22, 0 (ptr)
  %v24 = load %v0
  %v25 = field_ptr %v24, 0 (ptr)
  %v26 = load %v25
  %v27 = cast %v26, SemanticTypeId(24)
  %v28 = load %v13
  %v29 = add %v27, %v28
  %v30 = cast %v29, SemanticTypeId(551)
  %v31 = store[unsafe-anchor] %v30 -> %v23
  %v32 = load %v0
  %v33 = field_ptr %v32, 0 (ptr)
  %v34 = load %v33
  %v35 = cast %v34, SemanticTypeId(24)
  %v36 = load %v13
  %v37 = sub %v35, %v36
  %v38 = cast %v37, SemanticTypeId(551)
  %v39 = alloca
  %v40 = store[unsafe-anchor] %v38 -> %v39
  %v41 = variant 1985::0()
  %v42 = load %v39
  %v43 = borrow &%v42
  %v44 = variant 1985::0(%v43)
  ret %v44
}

fn _MIN3std8IteratorEGRclETN3std5slice9SliceIterEGlEE4next() {
entry0:
  %v0 = alloca
  %v1 = load %v0
  %v2 = call_direct _MMN3std5slice9SliceIterE8next_refGlE(%v1)
  ret %v2
}

fn _MFN3std4iter9iter_takeEGTN3std4iter3MapEGTN3std4iter6FilterEGTN3std5slice9SliceIterEGlEElEERcllEElE() {
entry0:
  %v0 = alloca
  %v1 = alloca
  %v2 = alloca
  %v3 = load %v0
  %v4 = field_ptr %v2, 0 (iter)
  %v5 = store %v3 -> %v4
  %v6 = load %v1
  %v7 = field_ptr %v2, 1 (remaining)
  %v8 = store %v6 -> %v7
  %v9 = load %v2
  ret %v9
}

fn _MMN3std3VecE3getGlE() {
entry0:
  %v0 = alloca
  %v1 = alloca
  %v2 = load %v1
  %v3 = load %v0
  %v4 = field_ptr %v3, 1 (len)
  %v5 = load %v4
  %v6 = ge %v2, %v5
  condbr %v6, if_then1, if_end3
if_then1:
  %v7 = variant 1985::1()
  ret %v7
if_end3:
  %v8 = load %v0
  %v9 = field_ptr %v8, 0 (ptr)
  %v10 = load %v9
  %v11 = cast %v10, SemanticTypeId(551)
  %v12 = load %v1
  %v13 = call_direct _MFN3std3ptr3addEGlE(%v11, %v12)
  %v14 = alloca
  %v15 = store[unsafe-anchor] %v13 -> %v14
  %v16 = variant 1985::0()
  %v17 = load %v14
  %v18 = borrow &%v17
  %v19 = variant 1985::0(%v18)
  ret %v19
}

fn _MIN3std8IteratorEGlETN3std4iter4TakeEGTN3std4iter3MapEGTN3std4iter6FilterEGTN3std5slice9SliceIterEGlEElEERcllEElEE4next() {
entry0:
  %v0 = alloca
  %v1 = load %v0
  %v2 = field_ptr %v1, 1 (remaining)
  %v3 = load %v2
  %v4 = assign 0
  %v5 = cast %v4, SemanticTypeId(24)
  %v6 = eq %v3, %v5
  condbr %v6, if_then1, if_end3
if_then1:
  %v7 = variant 467::1()
  ret %v7
if_end3:
  %v8 = load %v0
  %v9 = field_ptr %v8, 1 (remaining)
  %v10 = load %v0
  %v11 = field_ptr %v10, 1 (remaining)
  %v12 = load %v11
  %v13 = assign 1
  %v14 = cast %v13, SemanticTypeId(24)
  %v15 = sub %v12, %v14
  %v16 = store %v15 -> %v9
  %v17 = load %v0
  %v18 = field_ptr %v17, 0 (iter)
  %v19 = borrow &rw %v18
  %v20 = call_direct _MIN3std8IteratorEGlETN3std4iter3MapEGTN3std4iter6FilterEGTN3std5slice9SliceIterEGlEElEERcllEE4next(%v19)
  %v21 = alloca
  %v22 = store %v20 -> %v21
  %v23 = load %v21
  br match_arm5
match_arm5:
  %v24 = tag %v23
  %v25 = eq %v24, 0
  condbr %v25, match_body7, match_arm6
match_body7:
  %v26 = extract %v23.0.0
  %v27 = alloca
  %v28 = store %v26 -> %v27
  %v29 = variant 467::0()
  %v30 = load %v27
  %v31 = variant 467::0(%v30)
  ret %v31
match_arm6:
  %v32 = tag %v23
  %v33 = eq %v32, 1
  condbr %v33, match_body9, match_unreachable8
match_body9:
  %v34 = variant 467::1()
  ret %v34
match_unreachable8:
  unreachable
}

fn __luna_dealloc() {
}

fn _MFN3std3mem7size_ofEGlE() {
entry0:
  %v0 = size_of SemanticTypeId(3)
  %v1 = cast %v0, SemanticTypeId(24)
  ret %v1
}

fn _MFN3std3ptr7add_mutEGlE() {
entry0:
  %v0 = alloca
  %v1 = alloca
  %v2 = load %v0
  %v3 = cast %v2, SemanticTypeId(24)
  %v4 = load %v1
  %v5 = size_of SemanticTypeId(3)
  %v6 = cast %v5, SemanticTypeId(24)
  %v7 = mul %v4, %v6
  %v8 = add %v3, %v7
  %v9 = cast %v8, SemanticTypeId(727)
  ret %v9
}

fn _MFN3std3mem8align_ofEGlE() {
entry0:
  %v0 = align_of SemanticTypeId(3)
  %v1 = cast %v0, SemanticTypeId(24)
  ret %v1
}

fn _MFN3std4iter8iter_mapEGTN3std4iter6FilterEGTN3std5slice9SliceIterEGlEElEERcllE() {
entry0:
  %v0 = alloca
  %v1 = alloca
  %v2 = alloca
  %v3 = load %v0
  %v4 = field_ptr %v2, 0 (iter)
  %v5 = store %v3 -> %v4
  %v6 = load %v1
  %v7 = field_ptr %v2, 1 (f)
  %v8 = store %v6 -> %v7
  %v9 = load %v2
  ret %v9
}

fn _MIN3std8IteratorEGlETN3std4iter6FilterEGTN3std5slice9SliceIterEGlEElEE4next() {
entry0:
  %v0 = alloca
  %v1 = alloca
  %v2 = store true -> %v1
  %v3 = load %v0
  %v4 = field_ptr %v3, 1 (pred)
  %v5 = load %v4
  %v6 = alloca
  %v7 = store %v5 -> %v6
  br while_cond1
while_cond1:
  %v8 = load %v1
  condbr %v8, while_body2, while_end3
while_body2:
  %v9 = load %v0
  %v10 = field_ptr %v9, 0 (iter)
  %v11 = borrow &rw %v10
  %v12 = call_direct _MIN3std8IteratorEGRclETN3std5slice9SliceIterEGlEE4next(%v11)
  %v13 = alloca
  %v14 = store %v12 -> %v13
  %v15 = load %v13
  br match_arm5
match_arm5:
  %v16 = tag %v15
  %v17 = eq %v16, 0
  condbr %v17, match_body7, match_arm6
match_body7:
  %v18 = extract %v15.0.0
  %v19 = alloca
  %v20 = store %v18 -> %v19
  %v21 = load %v6
  %v22 = borrow &%v19
  %v23 = call_indirect %v21(%v22)
  condbr %v23, if_then8, if_end10
if_then8:
  %v24 = variant 467::0()
  %v25 = load %v19
  %v26 = variant 467::0(%v25)
  ret %v26
if_end10:
  br match_end4
match_arm6:
  %v27 = tag %v15
  %v28 = eq %v27, 1
  condbr %v28, match_body12, match_unreachable11
match_body12:
  %v29 = store false -> %v1
  br match_end4
match_unreachable11:
  unreachable
match_end4:
  br while_cond1
while_end3:
  %v30 = variant 467::1()
  ret %v30
}

fn _MFN3std5slice10slice_iterEGlE() {
entry0:
  %v0 = alloca
  %v1 = size_of SemanticTypeId(3)
  %v2 = cast %v1, SemanticTypeId(24)
  %v3 = alloca
  %v4 = store %v2 -> %v3
  %v5 = load %v3
  %v6 = assign 0
  %v7 = cast %v6, SemanticTypeId(24)
  %v8 = eq %v5, %v7
  condbr %v8, if_then1, if_end3
if_then1:
  %v9 = assign 1
  %v10 = cast %v9, SemanticTypeId(24)
  %v11 = store %v10 -> %v3
  br if_end3
if_end3:
  %v12 = field_ptr %v0, 0
  %v13 = load %v12
  %v14 = cast %v13, SemanticTypeId(24)
  %v15 = field_ptr %v0, 1
  %v16 = load %v15
  %v17 = cast %v16, SemanticTypeId(24)
  %v18 = load %v3
  %v19 = mul %v17, %v18
  %v20 = add %v14, %v19
  %v21 = cast %v20, SemanticTypeId(551)
  %v22 = alloca
  %v23 = store %v21 -> %v22
  %v24 = alloca
  %v25 = field_ptr %v0, 0
  %v26 = load %v25
  %v27 = cast %v26, SemanticTypeId(551)
  %v28 = field_ptr %v24, 0 (ptr)
  %v29 = store[unsafe-anchor] %v27 -> %v28
  %v30 = load %v22
  %v31 = field_ptr %v24, 1 (end)
  %v32 = store[unsafe-anchor] %v30 -> %v31
  %v33 = load %v24
  ret %v33
}

fn _MMN3std3VecE4pushGlE() {
entry0:
  %v0 = alloca
  %v1 = alloca
  %v2 = load %v0
  %v3 = field_ptr %v2, 1 (len)
  %v4 = load %v3
  %v5 = load %v0
  %v6 = field_ptr %v5, 2 (cap)
  %v7 = load %v6
  %v8 = eq %v4, %v7
  condbr %v8, if_then1, if_end3
if_then1:
  %v9 = load %v0
  %v10 = call_direct _MMN3std3VecE4growGlE(%v9)
  br if_end3
if_end3:
  %v11 = load %v0
  %v12 = field_ptr %v11, 0 (ptr)
  %v13 = load %v12
  %v14 = load %v0
  %v15 = field_ptr %v14, 1 (len)
  %v16 = load %v15
  %v17 = call_direct _MFN3std3ptr7add_mutEGlE(%v13, %v16)
  %v18 = alloca
  %v19 = store[unsafe-anchor] %v17 -> %v18
  %v20 = load %v18
  %v21 = load %v1
  %v22 = call_direct _MFN3std3ptr5writeEGlE(%v20, %v21)
  %v23 = load %v0
  %v24 = field_ptr %v23, 1 (len)
  %v25 = load %v0
  %v26 = field_ptr %v25, 1 (len)
  %v27 = load %v26
  %v28 = assign 1
  %v29 = cast %v28, SemanticTypeId(24)
  %v30 = add %v27, %v29
  %v31 = store %v30 -> %v24
  ret void
}

fn _MIN3std4DropETN3std3VecEGlEE4drop() {
entry0:
  %v0 = alloca
  %v1 = load %v0
  %v2 = field_ptr %v1, 1 (len)
  %v3 = load %v2
  %v4 = alloca
  %v5 = store %v3 -> %v4
  br while_cond1
while_cond1:
  %v6 = load %v4
  %v7 = assign 0
  %v8 = cast %v7, SemanticTypeId(24)
  %v9 = gt %v6, %v8
  condbr %v9, while_body2, while_end3
while_body2:
  %v10 = load %v4
  %v11 = assign 1
  %v12 = cast %v11, SemanticTypeId(24)
  %v13 = sub %v10, %v12
  %v14 = store %v13 -> %v4
  %v15 = load %v0
  %v16 = field_ptr %v15, 0 (ptr)
  %v17 = load %v16
  %v18 = load %v4
  %v19 = call_direct _MFN3std3ptr7add_mutEGlE(%v17, %v18)
  br while_cond1
while_end3:
  %v20 = load %v0
  %v21 = field_ptr %v20, 2 (cap)
  %v22 = load %v21
  %v23 = assign 0
  %v24 = cast %v23, SemanticTypeId(24)
  %v25 = gt %v22, %v24
  condbr %v25, if_then4, if_end6
if_then4:
  %v26 = load %v0
  %v27 = field_ptr %v26, 2 (cap)
  %v28 = load %v27
  %v29 = call_direct _MFN3std3mem7size_ofEGlE()
  %v30 = cast %v29, SemanticTypeId(24)
  %v31 = mul %v28, %v30
  %v32 = alloca
  %v33 = store %v31 -> %v32
  %v34 = load %v0
  %v35 = field_ptr %v34, 0 (ptr)
  %v36 = load %v35
  %v37 = cast %v36, SemanticTypeId(788)
  %v38 = load %v32
  %v39 = call_direct _MFN3std3mem8align_ofEGlE()
  %v40 = cast %v39, SemanticTypeId(24)
  %v41 = call_direct __luna_dealloc(%v37, %v38, %v40)
  br if_end6
if_end6:
  ret void
}

fn __luna_drop_glue_TN3std3VecEGlEE() {
entry0:
  %v0 = alloca
  %v1 = load %v0
  %v2 = call_direct _MIN3std4DropETN3std3VecEGlEE4drop(%v1)
  ret void
}


----------------------


--- Borrow Checker ---
Borrow check passed!
----------------------


--- Optimizer ---
-----------------

--- Async Lowering & LLVM Backend ---
Successfully wrote C:\Users\84387\AppData\Local\Temp\luna_test_collect_c11_pipeline_chain_9108_1791081739121998900\main.ll
Target Triple: 'x86_64-pc-windows-gnu'
Successfully wrote C:\Users\84387\AppData\Local\Temp\luna_test_collect_c11_pipeline_chain_9108_1791081739121998900\main.obj
Linking 1 object file(s) to C:\Users\84387\AppData\Local\Temp\luna_test_collect_c11_pipeline_chain_9108_1791081739121998900\main.exe...
Build successful: C:\Users\84387\AppData\Local\Temp\luna_test_collect_c11_pipeline_chain_9108_1791081739121998900\main.exe

thread 'test_c11_collect_pipeline_chain' (13040) panicked at crates\luna-driver\tests\stdlib_iterator_collect_acceptance_tests.rs:1069:5:
assertion `left == right` failed: C11 pipeline chain failed (code: -1073741819, stderr: )
  left: -1073741819
 right: 0
note: run with `RUST_BACKTRACE=1` environment variable to display a backtrace
test test_c11_collect_pipeline_chain ... FAILED

failures:

failures:
    test_c11_collect_pipeline_chain

test result: FAILED. 0 passed; 1 failed; 0 ignored; 0 measured; 14 filtered out; finished in 11.01s

error: test failed, to rerun pass `-p luna-driver --test stdlib_iterator_collect_acceptance_tests`
